Player,Clusters,R.Slope,BB.Slope,H.Slope,R.R^2,BB.R^2,H.R^2
Rougned Odor,1,0.544697492524,0.171609730849,0.82141131815,0.991569829144,0.949901625665,0.994165373024
Giovanny Urshela,2,0.211240842491,0.116666666667,0.566735347985,0.956402915238,0.849333333333,0.990281422695
Kevan Smith,1,0.248200386811,0.125732345865,0.908382470871,0.953784898353,0.91079780877,0.994804971171
Dominic Smith,1,0.420783225409,0.293740363861,0.807277212458,0.972032602419,0.956995185742,0.984489988312
Matt Joyce,6,0.609097136008,0.537249026071,0.831105783638,0.985859622488,0.99039556206,0.99307583571
J.T. Realmuto,0,0.488454221425,0.269666090836,1.0233014804,0.990701761159,0.950453688256,0.995126774844
Christian Vazquez,1,0.450550401979,0.192479901051,0.906357452072,0.967827253545,0.980277710989,0.98990800575
A.J. Pollock,0,0.633486520655,0.298160043735,0.959860935525,0.992155786544,0.970650157868,0.988327803897
Albert Pujols,1,0.378334844912,0.254522038817,0.963402865953,0.993479651126,0.991750768215,0.996884020319
Jabari Blash,1,0.449152542373,0.454237288136,0.623200889136,0.97196562869,0.981288919203,0.982019625426
Robbie Grossman,6,0.538207212183,0.588787185355,0.82765722402,0.988899554919,0.989398272495,0.996775254473
Sean Rodriguez,3,0.312826376977,0.275814751286,0.410405946255,0.948002407626,0.963910982905,0.964305534289
Nick Ahmed,1,0.433397839058,0.191904531527,0.846557006934,0.982385217792,0.929816302022,0.985634102981
Brandon Moss,1,0.372340752701,0.332760542806,0.673559374159,0.986434064048,0.977605539714,0.994879464651
Josh Reddick,0,0.645669517305,0.325403202663,1.16090277742,0.977732270068,0.982945052551,0.996649751674
Matt Chapman,1,0.490449603291,0.388585701692,0.853742496117,0.989224620325,0.982480384572,0.994906746369
Dee Gordon,0,0.735721506583,0.178895924683,1.26487078188,0.988464641589,0.985197843153,0.996412067422
Marcus Semien,6,0.633144420559,0.421125659566,1.08862614813,0.995817055763,0.982382864909,0.993594035782
Nick Williams,0,0.594647696477,0.271386630533,1.1275971093,0.984729970053,0.944108306892,0.99600077775
Eugenio Suarez,6,0.545221349433,0.575872042484,0.86004330578,0.98439806817,0.988197032423,0.99367905491
Mike Trout,6,0.858787792876,0.901350721938,1.10261031571,0.994404602684,0.992801668192,0.993522404882
Miguel Montero,3,0.291551606288,0.323704716336,0.488762816131,0.966957918102,0.970243972142,0.959180938692
Leonys Martin,3,0.347132284921,0.142460684551,0.567645698427,0.965698225654,0.947077322418,0.947361359303
Tim Beckham,0,0.49428939459,0.27720767139,1.14144124803,0.968950960464,0.982825604349,0.994028678791
Peter Bourjos,3,0.295287569573,0.102139764997,0.457142857143,0.977815673416,0.966588120791,0.990512374417
Melky Cabrera,0,0.522997938178,0.227331049722,1.23275093028,0.991884629334,0.976141973348,0.996109784715
James McCann,1,0.384986271003,0.204242134166,0.906088621306,0.992498878618,0.96554981898,0.987313228275
Miguel Cabrera,1,0.421646512936,0.432016310461,0.948578693288,0.989837221201,0.97460804579,0.993722221637
John Hicks,1,0.422867463184,0.221422617394,0.736593498194,0.970920929068,0.952574276877,0.987520244082
Logan Forsythe,6,0.514931396287,0.644418393172,0.712229611532,0.976887918771,0.994605713763,0.986155071816
Rajai Davis,1,0.502014377427,0.256260331373,0.685176642448,0.993922820461,0.985786192154,0.993319572385
Edwin Encarnacion,6,0.681442912093,0.69861485264,0.956391647568,0.986857931547,0.992251902154,0.995594348481
J.D. Martinez,6,0.682529335072,0.436526847398,1.06432735392,0.982007812389,0.98691635124,0.992759274771
J.J. Hardy,1,0.33419721091,0.179439713686,0.75907071455,0.977921480253,0.945356136898,0.996125571147
J.T. Riddle,1,0.319744554282,0.177849706937,0.892957746479,0.985104742727,0.946018980124,0.986639919184
Michael Taylor,0,0.547991793577,0.264317841079,1.00420579184,0.983671953883,0.973540867667,0.99653832891
Delino DeShields,0,0.646916393676,0.351217775246,0.872753169064,0.988982162048,0.96101722099,0.99378196588
Chris Iannetta,1,0.424361593463,0.4164453524,0.746475995914,0.991220620415,0.955417070858,0.991112508855
Gregory Polanco,1,0.3727885907,0.23868453895,0.912243848067,0.987868365133,0.928176792999,0.994976054978
Juan Lagares,1,0.390418570194,0.130164217805,0.729316376507,0.983738979927,0.922897389689,0.976367012291
Wilmer Flores,1,0.401330355219,0.176972511217,0.871960657536,0.987558631927,0.97394286517,0.985712386225
Gregor Blanco,3,0.47025558711,0.323101617484,0.622578919208,0.936215037872,0.963648462819,0.973281425181
Aaron Altherr,0,0.509166939567,0.305700682671,0.983872836738,0.98239970479,0.972488143927,0.997084379228
Avisail Garcia,0,0.528849486901,0.226294592202,1.23767877405,0.996328292152,0.950824762295,0.996552334373
Adam Jones,0,0.582981359889,0.16337486494,1.15117983513,0.992036761056,0.983750106134,0.998002081069
Luis Valbuena,1,0.365875406495,0.355565046681,0.592598420477,0.985043985418,0.947280036862,0.995416543489
Albert Almora Jr.,1,0.282939198206,0.155634441894,0.674531575295,0.974559538025,0.906862012403,0.997396383001
Kelby Tomlinson,3,0.362089794843,0.271756798313,0.49882484734,0.971006173847,0.950637785144,0.97165495448
Zack Cozart,6,0.672623512578,0.516428139488,1.05558437782,0.995765854336,0.990566341165,0.993107182847
Freddie Freeman,6,0.724031510095,0.548048844697,1.18108179259,0.986321989914,0.987582825826,0.997975456378
C.J. Cron,1,0.415895589559,0.236051605161,0.877431743174,0.979107858551,0.984699816312,0.990205034084
Cesar Hernandez,6,0.630728110599,0.460577572965,1.17829185868,0.993684718277,0.987034183472,0.997345920191
Cody Bellinger,6,0.660618409313,0.478210620236,0.982494403949,0.994361942816,0.993934167558,0.99748843293
Carlos Gomez,0,0.504603648778,0.282396244532,0.918521284541,0.980919422127,0.9692550976,0.995471830073
Freddy Galvis,0,0.439282302364,0.291282541199,1.01533914497,0.981345026893,0.994666710787,0.9954847445
Tucker Barnhart,1,0.215045386804,0.364185069774,0.808359300908,0.984743427412,0.966670955668,0.997900837203
Tommy Joseph,1,0.366112702543,0.266897728018,0.906118387964,0.985364578047,0.966743452239,0.995131433716
Tony Wolters,5,0.338568365603,0.439840663467,0.675101489971,0.83884294923,0.975585167886,0.956378453225
Jose Reyes,1,0.505854050055,0.323897558839,0.87227336643,0.978296359098,0.972930713123,0.991659943454
Logan Morrison,6,0.524998426724,0.59960316432,0.856282182744,0.987242889901,0.989582978963,0.996654440694
Michael Saunders,3,0.424834394495,0.222265097434,0.644752074088,0.945537859727,0.972886798562,0.959520135692
Curtis Granderson,6,0.539010729469,0.539737595558,0.67866927593,0.992511111525,0.990502447842,0.9859275332
Devin Mesoraco,3,0.303451811347,0.307313738893,0.579152426521,0.931575290153,0.963372477756,0.97211330162
Willson Contreras,1,0.44247876062,0.360377503556,0.918044823742,0.98431699054,0.967501157185,0.989713503999
Luke Voit,2,0.296895066858,0.114502278966,0.429276522878,0.938394427219,0.772059207661,0.96212305045
Aledmys Diaz,1,0.402361246349,0.219084712756,0.993962999026,0.984650563599,0.951890289591,0.990288858782
Erick Aybar,1,0.389937106918,0.236662160309,0.753619780952,0.983292237292,0.985954766361,0.99408884596
Stephen Drew,5,0.175516497071,0.141412272587,0.59784150478,0.83568219852,0.940590470926,0.965604717254
Jayson Werth,6,0.528807628379,0.550013122212,0.811110139095,0.962189463625,0.97764353541,0.971358397828
Carlos Beltran,0,0.525469588551,0.295231440072,0.855601520572,0.978716420567,0.981792110724,0.993780876217
Kevin Kiermaier,0,0.561597459977,0.297432562528,1.10668222303,0.983163881461,0.968601125208,0.982590813917
Seth Smith,1,0.454703404703,0.334283959284,0.806028431028,0.9899332744,0.987810270046,0.993171866265
Brandon Phillips,0,0.588151285334,0.157002035523,1.14029515086,0.995109438836,0.957115237775,0.997544732481
Giancarlo Stanton,6,0.830070022621,0.55211383734,1.06364102416,0.989892556821,0.988422051634,0.997538302332
Derek Norris,3,0.38348653443,0.289711336881,0.666666666667,0.953940352117,0.939310112898,0.981712357768
Chris Taylor,0,0.651655569954,0.342620313687,1.13646722374,0.994582723545,0.97341035075,0.993615523279
Jose Peraza,2,0.31540349322,0.142367608917,0.895901047309,0.958632716829,0.851838240374,0.994353439567
Joey Rickard,1,0.272665847666,0.0855036855037,0.600684450684,0.990327464973,0.954675525775,0.993945419895
Austin Hedges,1,0.298781165359,0.166980345857,0.724001666782,0.978971175482,0.96279715957,0.996441831584
Jose Osuna,3,0.335164835165,0.0810626266937,0.528651445642,0.972902815065,0.928441545575,0.981884935514
Buster Posey,0,0.442470096871,0.454424788437,1.0901183005,0.986466681405,0.989097889417,0.99610456562
Martin Maldonado,1,0.32555383811,0.114397850174,0.694177251027,0.991219339142,0.930309142698,0.987923404285
Yangervis Solarte,1,0.391931477315,0.336743063367,0.930047806524,0.990046180238,0.964561570703,0.995676644757
Yoenis Cespedes,0,0.537917795845,0.207768744354,1.04762872629,0.990061266573,0.898675854641,0.997664380041
Cam Perkins,3,0.200388947411,0.158334008589,0.374604975286,0.959948270999,0.896890903983,0.956719406931
Cliff Pennington,1,0.301541882336,0.175785521616,0.614310709339,0.974214890428,0.963198824412,0.993747759705
Ryan Rua,3,0.267185099846,0.255760368664,0.479166666667,0.977328222711,0.97554087847,0.98208006062
Jackie Bradley Jr.,0,0.472014526253,0.358011614741,0.983843195776,0.994749188984,0.969939868523,0.990367227769
Hunter Pence,1,0.400990604054,0.271074565654,0.943144836311,0.993732077917,0.959630861841,0.995952517874
Wilson Ramos,3,0.260508241758,0.141941391941,0.815453296703,0.951561839106,0.928798554128,0.963875360972
Jason Castro,1,0.426990960936,0.37831977098,0.762247819129,0.97291530152,0.988365260066,0.997004571519
Jarrett Parker,1,0.320480192077,0.207587034814,0.890948379352,0.970033380161,0.969154986717,0.982713503154
Evan Gattis,0,0.510782626304,0.181684722082,0.968735445986,0.989150941057,0.958901130828,0.994742125521
Stephen Vogt,1,0.245132962276,0.256388373531,0.620915275201,0.983721039321,0.936011728589,0.995159529796
Jose Ramirez,0,0.743696716851,0.306871032106,1.26284418647,0.990661383432,0.989949098128,0.993586890591
Drew Butera,3,0.262617354196,0.17146514936,0.561024182077,0.966769962375,0.918824645416,0.976418714761
Kolten Wong,0,0.581222762425,0.372788875734,1.04457263773,0.992554425542,0.988186336884,0.994185338441
Neil Walker,6,0.546757432996,0.433428758199,0.974677095778,0.989965255267,0.971365940139,0.991916804352
Alex Presley,0,0.373948036042,0.200402414487,1.12954247222,0.970189256376,0.974991795433,0.983253222582
Francisco Lindor,0,0.569896160958,0.346365633545,1.14582668205,0.984673388915,0.993141394988,0.994601878709
Shin-Soo Choo,6,0.678128134983,0.54528998249,0.985929361768,0.996438852902,0.97181090435,0.997714102492
Eduardo Nunez,0,0.538567465219,0.152787509366,1.3262185861,0.986056333906,0.989739387206,0.990492172586
Brandon Belt,6,0.576144244105,0.606059959458,0.867118318575,0.987347145348,0.992730110695,0.995220421843
Mike Napoli,1,0.511189072758,0.379145116147,0.70737511447,0.993988007419,0.977787193688,0.996888657253
Justin Smoak,6,0.596586433803,0.493475523912,1.03784134111,0.991481885006,0.987210690427,0.995644607303
Gregory Bird,3,0.454902867715,0.381706753006,0.583371877891,0.969642055183,0.951274739112,0.96315380263
Jacoby Ellsbury,1,0.559915759916,0.371998946999,0.769857844858,0.986998496189,0.98022885113,0.985278707279
Ryon Healy,0,0.459992141988,0.138882802288,1.05907487023,0.993569883881,0.981067659323,0.995606601179
Troy Tulowitzki,1,0.271453919215,0.267278989667,0.919298611836,0.96793933643,0.977072311583,0.99403560041
Brandon Guyer,3,0.338984289368,0.264340518816,0.569492144684,0.936105150183,0.93356220624,0.974152371058
JaCoby Jones,3,0.214636935392,0.143548694492,0.402248904136,0.941809453264,0.889368654237,0.977953211296
Jace Peterson,3,0.160992920292,0.268553414815,0.416998344546,0.916393022667,0.952808520825,0.973701452554
Omar Narvaez,1,0.257751985842,0.392188336009,0.783421821624,0.977472197247,0.966995526606,0.99693558556
Brandon Crawford,1,0.399405758561,0.297843002068,0.871203913457,0.988479407047,0.983633794176,0.994693304994
Daniel Descalso,1,0.387289188709,0.393671905939,0.693613186033,0.989966828897,0.986579831535,0.98578089924
Yan Gomes,1,0.383464648559,0.335538046859,0.750549450549,0.985706173867,0.97457093044,0.99521282668
Danny Valencia,0,0.480842289257,0.279812642532,0.991112810499,0.988336873684,0.97098310188,0.992135485975
Jason Kipnis,0,0.509888697122,0.350648092705,0.936256207953,0.98944797233,0.966455937416,0.995337101829
Mitch Moreland,1,0.479284585229,0.375731573239,0.814919836972,0.993239266946,0.975827123949,0.994688350552
Alex Avila,1,0.371625892644,0.541813305088,0.71973553832,0.983155349755,0.990810191595,0.983136518318
Ryan Zimmerman,0,0.623935099961,0.327565392354,1.06674087076,0.990465159494,0.981981859894,0.988619293659
Matt Carpenter,6,0.634250139532,0.737934600611,0.872549985226,0.994316927607,0.991439883821,0.9959194254
Trevor Plouffe,3,0.311275127513,0.250801080108,0.570345034503,0.943373690408,0.983502272797,0.967998376487
Nick Hundley,1,0.26397239724,0.118649864986,0.728898889889,0.986625940496,0.970578848236,0.991896535599
Ezequiel Carrera,3,0.32094388835,0.254093323683,0.618268718677,0.984918932577,0.957205430353,0.963719561309
Cory Spangenberg,0,0.479147592016,0.282308643106,0.931334119209,0.965148491008,0.965446782186,0.996776270514
Nori Aoki,1,0.442372364648,0.212933588652,0.81745691503,0.963543164752,0.964653463946,0.989223272776
Aaron Judge,6,0.795715183947,0.855439143242,0.995031403987,0.987860097333,0.995414941826,0.981554250759
Chris Carter,1,0.346483342147,0.352564780539,0.622051824432,0.980179008512,0.975743207823,0.983537376621
Manuel Margot,0,0.428184331797,0.267066052227,1.05585253456,0.97539052158,0.971887819217,0.997529387571
Jett Bandy,5,0.217060294526,0.290052792442,0.566240622395,0.788001899516,0.97359921338,0.911882543268
Lorenzo Cain,0,0.644699253002,0.301961809471,1.17126278884,0.986410988487,0.989102301296,0.994441126973
Odubel Herrera,0,0.484799410085,0.205583661583,1.11723169115,0.982230890838,0.94183108992,0.994528246369
Mitch Haniger,1,0.531429734129,0.294336679327,0.987879815518,0.951089408372,0.886668564836,0.979434065813
Andrew Knapp,6,0.566594516595,0.563059163059,0.834199134199,0.97495944573,0.976296149243,0.996639959547
Nomar Mazara,1,0.416092575249,0.41982956796,0.923801626582,0.995195388623,0.994312369619,0.994018132482
Jose Altuve,0,0.761143161918,0.381794746433,1.46287568336,0.996796278937,0.989737338853,0.994346325683
Marwin Gonzalez,0,0.527672407946,0.34481589122,1.09877747805,0.98150510641,0.987429856322,0.995734133675
Brian McCann,1,0.468388386282,0.359838523038,0.86712339575,0.987278824414,0.954901261207,0.9937185738
Lonnie Chisenhall,1,0.469109055501,0.368476144109,0.916893865628,0.979372215273,0.973484643392,0.98574816353
Hanley Ramirez,0,0.47499647801,0.409944013399,0.920872618743,0.988344823315,0.983887718023,0.996354351129
Jon Jay,1,0.464805055652,0.28963941309,0.793278082701,0.97987291896,0.972879644921,0.991022951509
Corey Seager,6,0.607967249252,0.481498976539,1.14902377578,0.970537326648,0.959476920973,0.994814456231
Ryan Goins,1,0.236395908557,0.222082981448,0.690438419836,0.986569006018,0.993270140979,0.989897626669
Rio Ruiz,3,0.420180995475,0.316470588235,0.559547511312,0.973103284838,0.949012677809,0.967281732477
Mookie Betts,6,0.68851789583,0.506636185321,1.09280578736,0.990470105557,0.995963148931,0.997757308236
Matt Holliday,6,0.529653384879,0.430622062118,0.852183367746,0.986018362028,0.975173086589,0.987635237772
Bradley Zimmer,1,0.441050389228,0.275036818851,0.78543814433,0.987538864484,0.982392915618,0.98076713051
Kendrys Morales,0,0.478175222202,0.286098313078,0.927828768366,0.987182056876,0.986202158722,0.995980581154
Scooter Gennett,0,0.618348388202,0.245631234214,0.999970032964,0.980510333145,0.969038317332,0.993425949609
Tyler Collins,5,0.373265306122,0.432959183673,0.556836734694,0.92259604512,0.975690400832,0.920577748238
Lane Adams,5,0.198038767536,0.145590492049,0.318281255102,0.887650200534,0.891970872734,0.942561421255
Trey Mancini,0,0.468386614179,0.235997249696,1.08986845386,0.991545699503,0.991202956034,0.997859806584
Brian Dozier,6,0.671803338144,0.500698909701,1.12226386297,0.971733549399,0.985587840462,0.997994832048
Chris Herrmann,3,0.300486182835,0.294944202333,0.361800639847,0.97823698689,0.971010773097,0.980952824036
Bryce Harper,6,0.831813548327,0.621239922157,1.23127606339,0.981120180921,0.985716000858,0.994499859002
Didi Gregorius,0,0.552600973261,0.190851960294,1.15494638904,0.996798356207,0.958014895582,0.995620495967
Nick Markakis,6,0.487125223246,0.446800271847,1.03050370628,0.995781253194,0.9960406052,0.997498726091
Stephen Piscotty,1,0.404250466515,0.482313912503,0.792535766121,0.982509356781,0.980379662032,0.995453179236
Brett Gardner,6,0.640041904663,0.50072370686,1.04586376542,0.989862177783,0.985709599055,0.996505389185
Justin Turner,6,0.610560152057,0.518688506261,1.13031641324,0.99020699623,0.981722042202,0.991012771062
Joey Gallo,6,0.588988023471,0.528884334057,0.644303110682,0.99464636036,0.980313142369,0.994060547877
Jose Martinez,1,0.487517337032,0.305905259789,0.772095380348,0.993894126098,0.952860154634,0.986496581306
Travis d'Arnaud,1,0.337065637066,0.187442962443,0.771726921727,0.982976967111,0.967976435285,0.994673691839
Cheslor Cuthbert,2,0.200621366391,0.173951828724,0.624657787074,0.919302354793,0.828870330117,0.989791245104
Marcell Ozuna,0,0.580758763476,0.392812755283,1.18055126651,0.996282022773,0.98337822251,0.99823989993
Kyle Schwarber,1,0.509710420394,0.449731663685,0.655512075134,0.995149492149,0.987672281383,0.989995914685
Randal Grichuk,1,0.476154992548,0.218012464436,0.850799349682,0.987475827381,0.973319062436,0.995486636047
Christian Yelich,6,0.602607070349,0.529883020206,1.10700589733,0.996055316718,0.993802545323,0.99740203946
Mike Moustakas,0,0.554785844428,0.224711518996,1.08492572277,0.989028811015,0.974794123101,0.996341159698
Anthony Rendon,6,0.607784234545,0.605486063233,1.09523457763,0.993044040616,0.994099388554,0.998082539892
Raimel Tapia,3,0.4388016076,0.129557910121,0.757690902448,0.921498054276,0.909753532914,0.963771415592
Tommy La Stella,3,0.28893619647,0.249691472294,0.504010860175,0.974704849775,0.969855195432,0.985652682312
Tommy Pham,6,0.753327709036,0.542240813648,1.09202755906,0.996649528735,0.987341260405,0.99621247622
Rey Fuentes,3,0.340476190476,0.120146520147,0.548672161172,0.962860289465,0.949770570859,0.968439903863
Arismendy Alcantara,4,0.203779196921,0.0100953547371,0.294269967632,0.920734316054,0.336984609779,0.897597430403
Kurt Suzuki,0,0.504477262072,0.189416315049,0.984915611814,0.988429040287,0.936885746971,0.988872194987
Josh Harrison,0,0.517084210767,0.257742400659,1.05439994964,0.986803154649,0.975157474266,0.995031929642
Ryan Schimpf,1,0.480648282535,0.488630865989,0.529430736978,0.976871068435,0.916407567347,0.974427413351
Austin Barnes,1,0.309504950495,0.382166569598,0.632184041934,0.947100987227,0.989305965087,0.996379761001
Matt Reynolds,3,0.183015404262,0.215100965759,0.401907574427,0.978589710852,0.881838749486,0.954450569446
Roberto Perez,1,0.33145218342,0.402630394238,0.67562222651,0.971995698454,0.986316022222,0.978078160852
Addison Russell,1,0.45403577055,0.271652302845,0.741877490501,0.985982442069,0.965279045442,0.989911447811
Jonathan Villar,1,0.409033080982,0.263207113849,0.81891210458,0.981748617453,0.924106328361,0.995333059258
Justin Upton,6,0.663088184036,0.464925060997,1.06834088533,0.998187581608,0.990075290352,0.99788844182
Jose Bautista,6,0.613380537687,0.544326784783,0.799608035277,0.994909977402,0.995401940012,0.989324666348
Carlos Asuaje,1,0.379283928005,0.34746926843,0.968026839491,0.980521770833,0.978559958053,0.992947143083
Bruce Maxwell,3,0.228571428571,0.424675324675,0.646944634313,0.908224783347,0.971342145174,0.971355729756
Matt Olson,0,0.591521908219,0.331993777547,0.95624837957,0.953248394501,0.932850624904,0.985604815935
Hernan Perez,1,0.358594283485,0.126158423568,0.879528826456,0.972774763634,0.945185273816,0.99176085236
Alen Hanson,3,0.334136080812,0.116870292465,0.465702697937,0.979082489214,0.937421330265,0.981129202623
Daniel Robertson,1,0.321880784894,0.349159570529,0.674431691966,0.987961931873,0.96101532503,0.985931372019
Gary Sanchez,0,0.684636228153,0.330497222599,1.07864787969,0.993266574144,0.982282088916,0.996484721533
Leury Garcia,0,0.563025210084,0.179616963064,1.03847957788,0.990168641631,0.967878729063,0.996343146735
Ian Kinsler,0,0.644827972446,0.367157018314,0.978102189781,0.994489741305,0.98946638245,0.997295958199
Mike Zunino,1,0.429494885917,0.319962234461,0.772239181747,0.993257136717,0.987446275585,0.987922077541
Greg Garcia,3,0.22306624673,0.289270271713,0.462088293386,0.964492647964,0.991390853996,0.985968880668
Mark Reynolds,6,0.581278860151,0.509789555879,0.939342350072,0.991290081781,0.990554856265,0.99279075334
Yolmer Sanchez,1,0.451061262791,0.271942446043,0.891322221726,0.987393642853,0.985750610836,0.992482144983
Manny Machado,0,0.553087512446,0.303028243587,1.11421346272,0.986916735844,0.972353436621,0.988992821436
Taylor Motter,3,0.282593283295,0.246173882219,0.551484980657,0.975760382319,0.957131911892,0.981682939118
Billy Hamilton,0,0.638379730998,0.30962062648,1.04165065463,0.989021165193,0.993363778642,0.997324297872
Starlin Castro,0,0.647003133242,0.204729166197,1.19378761581,0.973248560891,0.977750294932,0.994042876528
Yoan Moncada,6,0.656718124643,0.544997141224,0.927158376215,0.95203611068,0.978030710212,0.968959111898
Francisco Cervelli,1,0.352958446251,0.414588979223,0.878500451671,0.981934635628,0.980296816149,0.992453902268
Yasiel Puig,1,0.474179156501,0.421631230394,0.852157546183,0.994471044654,0.98141245584,0.998294278046
Robinson Chirinos,1,0.501875594379,0.382762142933,0.763710330739,0.9816572653,0.922297129145,0.982390340134
Derek Fisher,3,0.364941138526,0.290275761974,0.498790517658,0.974652635634,0.902176500808,0.926666033175
Dixon Machado,1,0.256201406886,0.127637911884,0.644082438603,0.982534372822,0.923055005436,0.991829448204
Miguel Sano,6,0.667871374293,0.451552219442,1.05516634232,0.996428049914,0.952985975096,0.9959716324
Mikie Mahtook,1,0.512686377084,0.22481827622,0.988792883873,0.956338612463,0.866876055143,0.9899729751
Ben Gamel,0,0.517008940261,0.229499120937,1.05742465617,0.965072896375,0.947443103594,0.978918870995
Justin Bour,0,0.513647146246,0.41066716206,1.08448845828,0.988124505264,0.98568935152,0.996379443647
Dansby Swanson,1,0.428965281048,0.43590907145,0.821238066698,0.986231977407,0.982081875701,0.99257465367
Amed Rosario,1,0.381027667984,0.0905138339921,0.973386034256,0.941822235735,0.924730726327,0.992735508156
Matt Davidson,1,0.371292841193,0.161938587421,0.788480270947,0.977632209348,0.969418649576,0.991466979324
Trea Turner,0,0.795523879655,0.325360298759,1.22292499474,0.99358131046,0.934205963509,0.996750208417
John Jaso,3,0.233442819648,0.333048368954,0.514681664792,0.990430666596,0.978654734534,0.95136826022
Jordy Mercer,1,0.366032908203,0.348515981735,0.91272240592,0.98912001986,0.974310864767,0.990867043217
Jorge Polanco,1,0.45823413228,0.286766668446,0.925858111354,0.991352834571,0.983168232564,0.987740798226
Andres Blanco,3,0.11625083777,0.173181249131,0.283463372071,0.905102480252,0.946192815521,0.981334380041
Whit Merrifield,0,0.587983026363,0.192307692308,1.23122065728,0.991591150262,0.984156053631,0.997990392511
Conor Gillaspie,3,0.19274136716,0.14658210007,0.314869626498,0.935035722165,0.918345687189,0.965270234724
Austin Jackson,0,0.51582464311,0.38126961628,1.09822820695,0.956284048318,0.97983515991,0.991602055188
Austin Romine,2,0.212974683544,0.210560243788,0.594995311767,0.944359830083,0.874944870536,0.986819359142
Paul Goldschmidt,6,0.751081176888,0.606876993974,1.13081756953,0.990417236362,0.990521737876,0.997748256966
Jason Heyward,0,0.485918260217,0.300883389576,0.891875515561,0.994781724475,0.980721574226,0.998666462116
Dustin Pedroia,6,0.481446708631,0.489069668196,1.22231942814,0.991279762382,0.990429405462,0.996196619595
Jose Iglesias,0,0.456725178891,0.177538014311,0.964126788909,0.986541314866,0.989253166801,0.99605997346
Derek Dietrich,1,0.417037618923,0.240167583137,0.770598137134,0.985899841467,0.917538296158,0.994108070352
Carlos Gonzalez,0,0.5073846454,0.403594771242,0.885338015803,0.983073737477,0.981076432931,0.99339379083
Carlos Correa,6,0.790013519074,0.519602656792,1.27179215894,0.995743133871,0.992869045523,0.99594035823
Jose Pirela,0,0.521076174617,0.314428445489,1.11276542484,0.986658503916,0.912908241327,0.996416855052
Jarrod Dyson,0,0.558029133029,0.260512460512,0.799903474903,0.989537179068,0.977801650133,0.992828819743
Javier Baez,0,0.524061570613,0.209902740937,0.917207218069,0.982729433586,0.972859318837,0.996772637254
Alcides Escobar,0,0.496220444232,0.0898525197038,0.992255791736,0.986341535761,0.967443760853,0.993014859234
Jesus Aguilar,1,0.338212811696,0.193905130627,0.59582683287,0.982600187875,0.972959956131,0.986552763797
Maikel Franco,1,0.434164394235,0.273178807947,0.888124577123,0.989046150886,0.987236350485,0.998663577348
Jose Lobaton,3,0.226334841629,0.284524886878,0.471312217195,0.927436243402,0.977332015029,0.984230642225
Ben Zobrist,1,0.442737626547,0.40695303712,0.807813085864,0.989364741295,0.992475180369,0.997443496365
Sandy Leon,1,0.404103967168,0.320324408833,0.710279460621,0.984756198616,0.983800178427,0.991289211473
Pablo Sandoval,1,0.326180148965,0.21101683127,0.689222170235,0.981062428194,0.97956586044,0.981878329256
David Peralta,0,0.6071745643,0.276510463362,1.11176226192,0.988091192032,0.984352334858,0.997538254127
Guillermo Heredia,1,0.361174538449,0.211697139326,0.794710215088,0.972422068536,0.985425259861,0.986484581847
Eric Hosmer,6,0.681953069023,0.433260687843,1.27631060425,0.994250111772,0.988869419976,0.998575360265
Jeff Mathis,2,0.213253681578,0.247096415671,0.685968324535,0.904416204958,0.855307852571,0.951764280304
Victor Martinez,1,0.409599834128,0.354333402447,0.981660792038,0.98743620472,0.979077630677,0.997043710018
Travis Shaw,6,0.61000032831,0.442874027381,1.0443588102,0.988431306209,0.980261552574,0.99121257374
Robinson Cano,0,0.542992925812,0.337471431163,1.11761654272,0.99100399517,0.987861190088,0.998252925775
Dexter Fowler,6,0.577411294353,0.573613193403,0.975550686195,0.99476639972,0.989442217887,0.995272121765
Darwin Barney,3,0.248901300128,0.13922873558,0.571610053104,0.959770474324,0.910743881222,0.988182258619
Daniel Nava,1,0.219182083739,0.317405063291,0.717551119766,0.975679456531,0.9774377429,0.988932083112
Brock Stassi,5,0.0909483793517,0.196926770708,0.306842737095,0.779581057622,0.933637788063,0.894491373192
Kike Hernandez,3,0.324786630323,0.318816747844,0.46741588096,0.941764801589,0.97807780271,0.989611821633
Ryder Jones,5,0.234483053018,0.224921027918,0.563903355246,0.884555869567,0.962329594883,0.954945597945
Drew Robinson,2,0.157511940947,0.252876682588,0.454135909683,0.907243769686,0.797328458964,0.974389885263
Max Kepler,1,0.471420598181,0.322659148363,0.887951836895,0.98993645525,0.98259654461,0.993773680336
Eddie Rosario,0,0.566068657033,0.252045154387,1.1004251299,0.990554013662,0.982234403829,0.996070356605
Rob Refsnyder,3,0.119482626142,0.163152053274,0.309357124562,0.913844312648,0.922226725709,0.972483493624
Scott Schebler,1,0.454831114346,0.282756111135,0.795141059121,0.994678231714,0.991039796241,0.989235551902
Elvis Andrus,0,0.681708519651,0.248342522591,1.25157685175,0.993652073991,0.981696629971,0.997709595338
Rene Rivera,1,0.32487226953,0.212306553128,0.707604590892,0.98897250538,0.977689519283,0.974917358846
Jedd Gyorko,1,0.407785272988,0.407017838026,0.928615650514,0.989909354345,0.979814858235,0.983174201708
Alex Gordon,1,0.355193465761,0.281097703798,0.683484574874,0.982890286582,0.949999442301,0.99619811532
Domingo Santana,6,0.585707809236,0.497207875906,1.01298013245,0.993615354197,0.997675996116,0.994954481215
Adam Duvall,0,0.501686936783,0.229897853497,0.956908688345,0.994848507869,0.991202606732,0.990629203188
Rafael Devers,0,0.577255529238,0.298040542619,1.05807622505,0.98076419425,0.986183328493,0.991418022183
Jonathan Schoop,0,0.616207664362,0.238630903551,1.19933786476,0.993220526955,0.990358204004,0.997867461835
Adam Lind,1,0.331575620467,0.229198549471,0.741058952691,0.981836392578,0.960804764963,0.996271368378
DJ LeMahieu,0,0.690255049388,0.384426976532,1.30775803144,0.991122277654,0.984881291801,0.998488942833
Nelson Cruz,6,0.593849035215,0.435808340932,1.03166662559,0.989505124548,0.994584884188,0.996772182117
Trevor Story,1,0.442471847401,0.324259660527,0.845997898815,0.991005357539,0.977248746002,0.996532578378
Ty Kelly,3,0.155316039459,0.139020825722,0.260613810742,0.958290815695,0.965434658231,0.980133596673
Alex Bregman,0,0.62119581189,0.385247302128,1.03953177646,0.983905135633,0.982905565532,0.990839696492
Josh Phegley,2,0.241763499658,0.162747778537,0.535645933014,0.978475273893,0.829008931809,0.987406710945
Steven Souza Jr.,6,0.561742060764,0.542478598252,0.867018262322,0.987560501849,0.993496011237,0.988254321842
Ben Revere,1,0.356973403762,0.164905940135,0.768520063015,0.990650376543,0.885981628128,0.989950468527
Jonathan Lucroy,1,0.351601294966,0.345223201042,0.885245901639,0.985280788346,0.945679361882,0.992464377656
Chris Owings,0,0.450583841784,0.191129286766,1.03325531243,0.988393555659,0.972887139833,0.994408134885
Jorge Bonifacio,0,0.549236341272,0.345850275054,0.919064133666,0.991141551955,0.977285149015,0.99464318032
Nick Delmonico,6,0.630662020906,0.643707965319,0.773276071631,0.9577804767,0.95001537215,0.941698486173
Matt Adams,1,0.446252812148,0.193880061867,0.835594769404,0.965882885171,0.960863715548,0.979944053388
Chris Young,1,0.295921307157,0.319998353706,0.607227229699,0.981190346162,0.990368922309,0.984504641482
Jesse Winker,1,0.476295097132,0.349791859389,0.798219241443,0.986027725679,0.918778776395,0.992340420552
Ian Desmond,0,0.458938855898,0.27501417445,0.980752588702,0.983735613003,0.96063246574,0.991922079853
Nick Franklin,3,0.106993006993,0.153190559441,0.300305944056,0.945083117171,0.895577090186,0.971441789348
Ian Happ,1,0.493458533891,0.307788211158,0.806778189852,0.994042687057,0.993632556483,0.989803555831
Anthony Rizzo,6,0.661788180999,0.586143730935,1.02901487253,0.994789594699,0.993157638901,0.995590384426
Gorkys Hernandez,1,0.358141823842,0.245905626259,0.689262497711,0.976409243659,0.986487013329,0.977876306336
Boog Powell,3,0.489502262443,0.317556561086,0.674117647059,0.951557379537,0.972410331874,0.939293961445
Ehire Adrianza,3,0.432626963829,0.256375593716,0.627731092437,0.925912046644,0.972136303616,0.991579219177
Gerardo Parra,0,0.563003193825,0.186921950895,1.17433794664,0.98744708086,0.962239896091,0.98763692515
Cameron Maybin,6,0.605562579014,0.492015436822,0.841839111052,0.945607974259,0.95563444223,0.976815568517
Deven Marrero,1,0.470858484239,0.171596244131,0.577464788732,0.975222825049,0.965855617183,0.977274174393
Chris Gimenez,1,0.397599654449,0.439806244601,0.570621991855,0.988483806878,0.974522660679,0.993850134901
Andrelton Simmons,0,0.53737151237,0.282789160869,1.08759444991,0.986395447636,0.991626525042,0.994662284331
Eric Thames,6,0.546166483096,0.53795713779,0.783229413632,0.96568721436,0.968322124459,0.992935655993
David Freese,1,0.356148520395,0.473738546204,0.840776195223,0.979390983496,0.974199189706,0.993696592915
Brian Goodwin,0,0.58328509872,0.369252041932,0.873834330182,0.971037462536,0.97027945023,0.991777762927
Jake Marisnick,1,0.499146031186,0.184608408696,0.569277275361,0.99169151175,0.971246639393,0.995244288398
Rhys Hoskins,6,0.853397742076,0.794832826748,1.0396765089,0.963061354099,0.98573271637,0.963988755226
Ryan Braun,0,0.532038834951,0.343513282834,0.998933105729,0.980935891841,0.986156700745,0.99489407397
Josh Donaldson,6,0.55886951893,0.725555592521,0.930725597179,0.968008411493,0.995843274843,0.990798517188
Pat Valaika,3,0.256047138625,0.0644916973906,0.43769470405,0.978666980276,0.963764832747,0.986622774785
Eric Sogard,3,0.369887656685,0.412896001156,0.692020373514,0.949538159782,0.982124399514,0.9522061149
Adrian Gonzalez,3,0.15871898055,0.174044265594,0.823138832998,0.923446143927,0.949508045549,0.994041021322
T.J. Rivera,2,0.36968615345,0.0903112740369,0.884687118143,0.959970681238,0.815888100145,0.982074331548
Caleb Joseph,1,0.406247871978,0.146663261832,0.812240381342,0.955252914326,0.957542329234,0.985872851886
Kevin Pillar,1,0.456394998191,0.221295216651,0.920094353531,0.961677831983,0.959543344495,0.991162209324
Adam Engel,3,0.345408734602,0.199636058231,0.510204367301,0.954531812258,0.923282697079,0.974921833192
Corey Dickerson,0,0.581072936575,0.248446597627,1.10005244678,0.952665183905,0.985733302001,0.982066565332
Danny Santana,3,0.263188798555,0.108017163505,0.463075880759,0.977523186259,0.936665328273,0.971924965099
Jaycob Brugman,1,0.261794634598,0.366790009251,0.780758556892,0.982958485471,0.925035046506,0.983913285197
Orlando Arcia,1,0.377382636568,0.240479705301,0.968220121789,0.992236947771,0.988419412232,0.991526158889
Russell Martin,6,0.579949036471,0.564898869247,0.795015129798,0.994636528747,0.981006605376,0.995664072385
Welington Castillo,0,0.475725718937,0.238619099295,1.02332474227,0.988141697988,0.980315731351,0.988173997258
Starling Marte,0,0.607524054892,0.266312634734,1.05118565645,0.988872957449,0.986290171682,0.994520338641
Jake Lamb,6,0.570803555233,0.604208235081,0.898479956467,0.996205914089,0.995370165037,0.989527492519
Abraham Almonte,1,0.387301460611,0.243515045095,0.636124191875,0.982249423688,0.951280671405,0.988810103454
Eduardo Escobar,0,0.474741148702,0.273664830842,0.932638867034,0.981529700675,0.97649628416,0.993300213083
Mallex Smith,3,0.431329113924,0.286240037506,0.847351148617,0.906231252772,0.940209841962,0.970473919394
Paul DeJong,0,0.531586117542,0.201363285604,1.14322596626,0.995183954082,0.961208398189,0.996250159095
Kole Calhoun,6,0.48790242016,0.448332312848,0.903354709806,0.991388767225,0.989692734753,0.997179390644
Keon Broxton,1,0.500501895467,0.302189270125,0.677412189249,0.975581845204,0.988938264902,0.976204031029
Michael Conforto,6,0.697704992998,0.573103927901,0.999080663447,0.987348684902,0.986783717966,0.993186007427
Yulieski Gurriel,0,0.540833217273,0.150700131738,1.17706837386,0.994037525334,0.92855987862,0.99690781644
Tyler Flowers,0,0.50978967032,0.299026452193,0.936155155596,0.971004812739,0.980927332592,0.991100662242
Adam Frazier,1,0.451246443571,0.294817775369,0.902249017748,0.972351202423,0.970025849876,0.991896285446
Devon Travis,2,0.492346938776,0.135,1.02867346939,0.972522181934,0.820518001125,0.932850149621
Nick Castellanos,0,0.47160189589,0.271672539984,1.05588440655,0.995582071959,0.954987020372,0.990485737973
Evan Longoria,0,0.475804840321,0.272865843834,1.08053881602,0.981002834388,0.972468445141,0.997678875273
Hunter Renfroe,1,0.460037472614,0.25958542203,0.845033887272,0.988757313676,0.942825780987,0.997113527642
Khris Davis,6,0.588385650531,0.486939495213,0.895404902986,0.99609191226,0.995585979626,0.995794094071
Andrew Romine,2,0.377990787156,0.175599512261,0.57566047961,0.975556900201,0.870603751544,0.99132063974
Kennys Vargas,1,0.476756756757,0.284580369844,0.826372688478,0.983013701108,0.898248548349,0.993583288905
Denard Span,0,0.598826028623,0.307720259392,1.07157312165,0.994326672881,0.984666474016,0.995494550261
Tim Anderson,0,0.456806014801,0.0977326405291,1.02152416942,0.980040420304,0.954187738282,0.990429268276
Adonis Garcia,1,0.453393665158,0.118733031674,0.937828054299,0.965082851969,0.928983233791,0.972786776695
Joe Panik,0,0.414074896858,0.330394645957,1.05859484384,0.986966633853,0.990173309106,0.993660234037
Jay Bruce,0,0.586636926292,0.359677678643,0.999756852343,0.995372216757,0.994013308166,0.996470156384
Steve Pearce,1,0.452842809365,0.323936932633,0.927281414238,0.980875234329,0.9403647141,0.995318063981
Luis Torrens,3,0.153896103896,0.22959671907,0.441660970608,0.929347016794,0.938952544656,0.968518743137
Jean Segura,0,0.612434303698,0.296871754524,1.23250983478,0.991021785974,0.980400575454,0.991137950233
Chad Pinder,1,0.437893296854,0.203849912058,0.832792651944,0.989177738913,0.979166712413,0.993321690412
Luke Maile,2,0.236879432624,0.0323774283071,0.437434474252,0.967705882835,0.668303327878,0.961643772252
Miguel Rojas,1,0.394773578481,0.284405856316,0.839836567926,0.983731298979,0.98700907259,0.991070913882
Jed Lowrie,6,0.548460053878,0.459068794982,1.01147588222,0.986326027762,0.98101762962,0.996742975151
Xander Bogaerts,0,0.600336125744,0.349539307833,1.00184350903,0.986875247899,0.977522654067,0.985897627211
Elias Diaz,3,0.257211538462,0.121840659341,0.672802197802,0.961504469017,0.919930468538,0.991615185386
Kyle Seager,0,0.486145175774,0.320560760189,0.984543578197,0.993731781612,0.985913507652,0.998706469641
Aaron Hicks,6,0.627651818911,0.559725158562,0.962765181891,0.983693633754,0.985737400656,0.992592580568
Joey Votto,6,0.650069648202,0.859885034598,1.11767511901,0.993151096028,0.990648915993,0.998536672237
Nolan Arenado,0,0.64021115519,0.369885097438,1.23747214364,0.994926228869,0.968238646665,0.996710949102
Willy Garcia,1,0.336152219873,0.229950669486,0.576673713883,0.980646445944,0.969019005559,0.989225628322
Cameron Rupp,1,0.422614274258,0.393271123423,0.763268207334,0.977000027343,0.988025606851,0.990333331379
Asdrubal Cabrera,0,0.494038705369,0.386098834873,0.977456653431,0.986145878107,0.989537115418,0.994205398014
Andrew McCutchen,6,0.649651499107,0.517938708097,1.05785905075,0.98880399277,0.987221781018,0.991922651127
Jose Abreu,0,0.631295333383,0.233450799675,1.25491838964,0.992231981049,0.987621316159,0.998015440816
Patrick Kivlehan,3,0.212207054368,0.191754122939,0.311749388464,0.987151222722,0.979840974423,0.990505086437
Byron Buxton,0,0.543114003915,0.295796705695,0.910929063953,0.955043534984,0.98496621831,0.980892186109
Alexi Amarista,5,0.194581512119,0.0840010114511,0.394241953545,0.887847892936,0.955675238412,0.893377649562
Max Moroff,3,0.320505809979,0.220676691729,0.44043062201,0.954667834381,0.946716255556,0.941627752472
Matt Wieters,1,0.344817444923,0.247795096837,0.772795014226,0.989783929131,0.952511598414,0.988513225973
Yadier Molina,0,0.472832880111,0.169677019226,1.05140021946,0.989846500193,0.966139215326,0.998759724004
Yonder Alonso,6,0.522522368252,0.500560811679,0.848906203177,0.983887820883,0.996930016996,0.994981466272
Ender Inciarte,0,0.635420619861,0.317929635197,1.36736571461,0.99347133691,0.988650861053,0.998275076966
Howie Kendrick,0,0.465851854461,0.247428762636,1.11641012997,0.990948371174,0.982802437995,0.991978251972
Ichiro Suzuki,3,0.154875721578,0.135048423262,0.388934211154,0.968070230547,0.937685870551,0.990542533901
Wilmer Difo,3,0.449430971413,0.217484080748,0.838009754776,0.963146323544,0.947413301286,0.959441085608
Chris Stewart,3,0.179909502262,0.139366515837,0.47221719457,0.935898646249,0.894560816758,0.988495810401
Yandy Diaz,6,0.573311748381,0.582446808511,0.929579093432,0.969566321781,0.908328337857,0.987665370147
Allen Cordoba,5,0.181272127213,0.190471047105,0.464788478848,0.933017847633,0.955618705616,0.897886122807
Andrew Benintendi,6,0.543389483977,0.482213431708,1.02144984222,0.99435540161,0.992550236226,0.995748686007
Matt Szczur,3,0.244756572773,0.314583721363,0.373776107575,0.985865053116,0.963383158213,0.974745956354
Lucas Duda,1,0.426789651294,0.466387701537,0.760002999625,0.993910886046,0.987821689008,0.98862888511
Salvador Perez,0,0.456423960813,0.12595850119,1.00874381981,0.986869138789,0.968235765075,0.992950150072
A.J. Ellis,3,0.29520361991,0.235656108597,0.576742081448,0.967392834089,0.921828390167,0.966957812537
Ronald Torreyes,1,0.34292263899,0.112265410484,0.887326498224,0.988949977027,0.964783245528,0.991692465732
Carlos Santana,6,0.653179756938,0.606660620352,0.999949210956,0.992909747435,0.99349187084,0.992183895965
Chris Davis,6,0.522466123421,0.476821438381,0.758955548434,0.993915584896,0.988108052243,0.996567505239
Yasmani Grandal,1,0.405903398927,0.261812388193,0.897042710197,0.99333449286,0.955910734109,0.987582353319
Charlie Blackmon,6,0.975695026157,0.427386954529,1.42181252074,0.993868291396,0.972299089143,0.997637509916
Tyler Moore,5,0.169782102535,0.111277072442,0.400639195185,0.829477954067,0.96635079463,0.964589517428
Mark Trumbo,0,0.585638128657,0.324261324747,0.930995922223,0.990731973466,0.968200906833,0.992146414883
Josh Bell,0,0.513718055887,0.415634702651,0.92543587294,0.992184070503,0.996149844838,0.994993267259
Daniel Murphy,0,0.690148914303,0.365900592596,1.19986442457,0.995093859202,0.989096482761,0.992947963612
Ketel Marte,1,0.436073059361,0.426601258793,0.868505491793,0.988267138763,0.991692743051,0.989950023885
Yunel Escobar,0,0.438083077971,0.322522982635,1.08583588696,0.987774407267,0.990589014482,0.994025356995
Adeiny Hechavarria,1,0.351278140122,0.136098253734,0.830015253524,0.969936354451,0.88927836247,0.993537679875
Brandon Drury,1,0.295893083602,0.212047605112,0.840713101161,0.979286370248,0.981726532871,0.986908889569
Ozzie Albies,0,0.672269868496,0.422412807318,1.23422908329,0.984189595662,0.934242695058,0.98892254075
Adam Rosales,3,0.228976848394,0.107708311106,0.638525552118,0.961066199764,0.941829438387,0.992288151067
Danny Espinosa,3,0.363030049834,0.265882844439,0.462400405837,0.977833331652,0.960545940966,0.979040745736
Jefry Marte,3,0.183399209486,0.286429512516,0.46139657444,0.941186832887,0.965123620909,0.9862661571
Chase Utley,1,0.353967754031,0.276091488564,0.627746531684,0.993038871691,0.956574073332,0.988282735894
Wil Myers,6,0.499365150978,0.520311946118,0.812758209532,0.99768362367,0.98453198349,0.992659098687
George Springer,6,0.853767244759,0.466042526182,1.21740530551,0.990325739349,0.994281723832,0.993528205595
Johan Camargo,0,0.435079699953,0.169151429911,1.00543834974,0.986056425506,0.940403496465,0.993652452945
Adrian Beltre,0,0.553364880974,0.417266914713,1.15469421667,0.993088597014,0.979390233225,0.995760991815
Brock Holt,3,0.312163978495,0.287490399386,0.39880952381,0.97576906433,0.979167179283,0.960635918488
Kris Bryant,6,0.739913773946,0.635967820792,1.05999555536,0.996404304624,0.991499873184,0.993836574632
Tomas Telis,3,0.288211029092,0.0726769431177,0.573328267477,0.968607952203,0.918421645312,0.984092865328
Brandon Nimmo,3,0.45949274606,0.542803465192,0.744139442647,0.93573713405,0.950490082824,0.956969655404
Hector Sanchez,3,0.243894853758,0.0698852276934,0.511336542021,0.919137259015,0.944075080152,0.960826906572
Jesus Sucre,1,0.313691420513,0.108332703785,0.733373624437,0.967511479456,0.943538795856,0.995462816314
Michael Brantley,0,0.512223357167,0.378055839292,1.17099080695,0.974476721629,0.988590244873,0.998702039073
Joc Pederson,1,0.508512815873,0.392104087622,0.618345386795,0.968721973833,0.981493557978,0.969787553763
Hyun Soo Kim,3,0.205057255355,0.249423834122,0.495076400679,0.973873947349,0.97955818726,0.98075247777
Mark Canha,3,0.277272727273,0.137833219412,0.651982228298,0.955975865014,0.892112023207,0.97727353354
Matt Kemp,0,0.401723334886,0.273097012443,1.06880031938,0.968412711851,0.983143680362,0.985545383566
Yasmany Tomas,1,0.429000925069,0.337650323774,0.831868640148,0.963732173465,0.968101166481,0.977649499025
Tyler Saladino,1,0.312536514119,0.248028237585,0.591041869523,0.979894678511,0.970349932964,0.98036758363
Brad Miller,1,0.341049974077,0.611865743976,0.574298401821,0.972802886717,0.972767608374,0.992710554282
Craig Gentry,3,0.236474052264,0.142962300857,0.346022398654,0.980164426741,0.933622888872,0.945420172144
Joe Mauer,6,0.500863404708,0.529248417869,1.19236190192,0.995479260391,0.981781861921,0.993901651524
Todd Frazier,6,0.516509211148,0.581825696741,0.722224846481,0.996084811688,0.996805752287,0.996271905658
Carlos Ruiz,3,0.286163522013,0.232543138204,0.580228995323,0.966295059601,0.969259483003,0.963640693202
Chase Headley,0,0.487734215084,0.411206896552,0.966328137301,0.981619946052,0.987208177466,0.994523792783
Manny Pina,1,0.408707067145,0.190432806285,0.866895903133,0.973353365722,0.980622732577,0.98725172487
