Player,RBI.Slope,RBI.R^2,RBI.MAE,RBI.Intersect
Rougned Odor,0.464504255809,0.989008191406,1.90642450637,0.144007361399
Giovanny Urshela,0.290934065934,0.94605683467,0.969320913462,-2.16442307692
Tim Adleman,0.0350877192982,0.157894736842,0.243014944769,1.59064327485
Kevan Smith,0.342270861833,0.97724010646,1.0366621067,-0.209302325581
Chase Anderson,0.14347826087,0.789130434783,0.440579710145,-0.65
Dominic Smith,0.64347826087,0.978352762291,1.03969754253,-1.91304347826
A.J. Reed,0.0,1.0,0.0,0.0
Dylan Covey,0.0,1.0,0.0,0.0
Matt Joyce,0.493518558157,0.987687103106,1.81292600429,-1.72360403556
Brandon Finnegan,0.0,1.0,0.0,0.0
Tony Watson,0.0,1.0,0.0,0.0
Michael Morse,0.0373913043478,0.301467391304,0.281823671498,2.40333333333
J.T. Realmuto,0.46847433907,0.993147659911,1.28072379786,0.698176291793
Rafael Montero,0.0926470588235,0.741176470588,0.210661764706,-0.132352941176
Emilio Pagan,0.0,1.0,0.0,0.0
Michael Wacha,0.0796387520525,0.789411863411,0.284130893737,0.532019704433
Jae-Gyun Hwang,0.167182662539,0.858282823878,0.290295455414,1.69005847953
Christian Vazquez,0.337340754484,0.985255222901,0.997605492151,0.126868686869
Zack Greinke,0.120133481646,0.774746179407,0.460066740823,-0.808602150538
Robbie Ray,0.0717948717949,0.466666666667,0.492307692308,-0.512820512821
Dustin McGowan,0.0,1.0,0.0,0.0
Carlos Moncrief,0.197802197802,0.953899463271,0.283513468699,0.169312169312
Garrett Cooper,0.532967032967,0.857233965015,0.654268808115,-0.967032967033
Jharel Cotton,0.0,1.0,0.0,0.0
Ian Krol,0.0,1.0,0.0,0.0
Joe Blanton,0.0,1.0,0.0,0.0
A.J. Pollock,0.377144053029,0.891864027474,3.41845795362,-1.77970922882
Tyler Naquin,0.0789473684211,0.75,0.207756232687,-0.184210526316
Albert Pujols,0.672102303646,0.990060352279,2.45282620578,2.79463087248
Jordan Luplow,0.481684981685,0.920959896323,0.916700583367,-0.484126984127
Jabari Blash,0.328535704362,0.907307348349,1.57241054614,0.0748633879781
Robbie Grossman,0.376682711276,0.990844194664,0.992518706322,1.49430284858
Cesar Puello,0.115196078431,0.780014124294,0.2592272203,1.01960784314
Kirk Nieuwenhuis,0.0573529411765,0.458823529412,0.244852941176,0.382352941176
J.P. Crawford,0.327075098814,0.80219804358,0.927393022856,0.445652173913
Sean Rodriguez,0.140804269106,0.78490589046,0.963973769844,1.49090909091
Jack Flaherty,0.0,1.0,0.0,0.0
Dan Straily,0.027808676307,0.417130144605,0.237102953899,0.430107526882
Aaron Blair,0.0,1.0,0.0,0.0
Nick Ahmed,0.360748266409,0.956881185146,0.994526141554,1.41299790356
Brandon Moss,0.43723522854,0.965605090888,2.23439513665,-2.83068081344
Aaron Wilkerson,0.0,1.0,0.0,0.0
Jhan Marinez,0.0,1.0,0.0,0.0
Orlando Calixte,0.15763546798,0.914285714286,0.336674027518,2.34482758621
Ubaldo Jimenez,0.0,1.0,0.0,0.0
Jacob Turner,0.0,1.0,0.0,0.0
Jared Hoying,0.153221288515,0.783499350595,0.69843937575,2.22380952381
Josh Reddick,0.661088008014,0.98260551761,2.68144509856,-7.15732513101
Sam Freeman,0.0,1.0,0.0,0.0
Matt Chapman,0.491331178372,0.980067493087,1.47932547115,-0.132530120482
Brian Anderson,0.371538461538,0.944489878543,0.5096,-1.25846153846
Dee Gordon,0.207818827951,0.977767457103,1.17217725177,0.108602757397
Marcus Semien,0.500644909126,0.989111760409,1.08509995517,-3.08590971272
Phillip Evans,0.0736842105263,0.7,0.220498614958,-0.0315789473684
Adam Eaton,0.54347826087,0.934865379385,0.773156899811,-0.45652173913
Danny Ortiz,0.0,1.0,0.0,0.0
Dustin Garneau,0.251045296167,0.93212714573,0.642874139543,0.540069686411
Nick Williams,0.707836495032,0.970691578341,2.45915888789,-1.14062029509
Eugenio Suarez,0.509163755907,0.988896966654,2.09594773236,3.26416789156
Mat Latos,0.0,1.0,0.0,0.0
Stephen Cardullo,0.25,0.763081395349,0.513333333333,-0.816666666667
Mike Trout,0.63202446285,0.97595981997,2.94561762337,4.7643020595
Miguel Montero,0.186397812714,0.892433848966,1.15667338202,1.12850307587
Leonys Martin,0.263413506013,0.878805634887,1.14600350345,-0.994680851064
Rocky Gale,0.0,1.0,0.0,2.0
Jacob Hannemann,0.0818181818182,0.45,0.242975206612,-0.227272727273
Alejandro De Aza,0.266788766789,0.841668625492,0.787756824794,1.12433862434
Tyler Austin,0.434586466165,0.779128341947,1.2,1.67142857143
Jimmy Nelson,0.0921855921856,0.678412742492,0.422496570645,0.208994708995
Tim Beckham,0.465333237918,0.984475549354,1.93728012387,0.0385358522971
Derek Holland,0.0,1.0,0.0,0.0
Peter Bourjos,0.118787878788,0.956139649859,0.593490460157,1.80565656566
Henderson Alvarez,0.0,1.0,0.0,0.0
Melky Cabrera,0.602508686759,0.988650080495,2.47434668882,-1.41658986175
Robert Gsellman,0.210434782609,0.858290180752,0.474396135266,-0.253333333333
Jeremy Hellickson,0.0721804511278,0.721804511278,0.214436090226,0.914285714286
Tyler Skaggs,0.0,1.0,0.0,0.0
Efren Navarro,0.126482213439,0.695652173913,0.444843693856,-0.600790513834
James McCann,0.452885608484,0.990496946224,1.13592377353,2.70463763005
Rookie Davis,0.0,1.0,0.0,0.0
Felix Pena,0.0,1.0,0.0,0.0
Lance Lynn,0.0,1.0,0.0,0.0
Jerad Eickhoff,0.0,1.0,0.0,0.0
Jurickson Profar,0.185770750988,0.831031332294,0.451311534315,0.367588932806
Paulo Orlando,0.101619433198,0.725038361209,0.556953527804,0.864102564103
Christian Villanueva,0.744755244755,0.919610823959,0.629370629371,0.153846153846
Chad Wallach,0.0,1.0,0.0,0.0
Breyvic Valera,0.0,1.0,0.0,0.0
Miguel Cabrera,0.515203177728,0.978829402186,2.30226610453,2.47133366142
Rob Zastryzny,0.0,1.0,0.0,0.0
A.J. Cole,0.0,1.0,0.0,0.0
Antonio Bastardo,0.0,1.0,0.0,0.0
Nik Turley,0.0,1.0,0.0,0.0
John Hicks,0.29958321756,0.940223429637,1.01988175728,6.22896174863
Logan Forsythe,0.319046523433,0.986912183259,0.996187695682,-1.63879789204
Rajai Davis,0.138411563449,0.927577921944,0.97355433689,4.46374889478
Renato Nunez,0.428571428571,0.571428571429,0.75,-0.75
Ryan Tepera,0.0,1.0,0.0,0.0
Edwin Encarnacion,0.710636886333,0.986843980575,2.79700083221,-9.00186741363
J.D. Martinez,0.81118404292,0.969237162013,4.22873971811,0.224829784152
Mason Williams,0.0,1.0,0.0,1.0
Andrew Stevenson,0.0343773873186,0.584415584416,0.249134948097,-0.302521008403
J.J. Hardy,0.3267616932,0.973202033074,0.989013032548,0.400962606442
Chase d'Arnaud,0.115966386555,0.846952087287,0.405090036014,-0.714285714286
Josh Smoker,0.0,1.0,0.0,0.0
Edwin Jackson,0.0,1.0,0.0,0.0
J.T. Riddle,0.476003849182,0.960767725451,1.60343077096,0.092152917505
Michael Taylor,0.508111733607,0.985001536442,1.64744506465,-4.0928035982
Quintin Berry,0.0,1.0,0.0,0.0
Julio Urias,0.0,1.0,0.0,0.0
Matt Shoemaker,0.0,1.0,0.0,0.0
Delino DeShields,0.17926221336,0.986022820507,0.600092160493,0.541176470588
Chris Iannetta,0.459261150834,0.951002382006,2.17652347232,0.837453183521
Kenley Jansen,0.3,0.6,0.25,-0.2
Christian Colon,0.0,1.0,0.0,0.0
Christian Walker,0.236363636364,0.889473684211,0.228099173554,-0.272727272727
Gregory Polanco,0.363733363819,0.983850394572,1.17746127031,-2.14492014951
Jake Arrieta,0.19802955665,0.841950609565,0.61892305079,0.572413793103
Jhonny Peralta,0.0,1.0,0.0,0.0
Juan Lagares,0.210733835453,0.949522496644,1.00898382516,-2.67765567766
Anthony Recker,0.0,1.0,0.0,0.0
Wilmer Flores,0.431248652991,0.984003213667,1.23167367157,-1.08047767394
Austin Hays,0.548120300752,0.914160831041,0.787593984962,-0.857142857143
Javy Guerra,0.0,1.0,0.0,0.0
Gregor Blanco,0.133769601185,0.95196660697,0.651282295177,1.45836385836
Drew Stubbs,0.0,1.0,0.0,0.0
Aaron Altherr,0.582285815049,0.980880626477,2.16737636654,1.74131546464
Brad Peacock,1.0,0.75,0.444444444444,-0.333333333333
Avisail Garcia,0.56102195788,0.977233380683,2.73634342037,7.35621890547
Carlos Carrasco,0.0,1.0,0.0,0.0
Mike Fiers,0.0,1.0,0.0,0.0
Hyun-Jin Ryu,0.0,1.0,0.0,0.0
Scott Van Slyke,0.123645320197,0.935565785566,0.233701375913,-0.179310344828
Tyler Smith,0.145454545455,0.727272727273,0.214545454545,-0.0545454545455
Adam Jones,0.524306946029,0.991275443803,1.70625563289,-0.675767604339
Luis Valbuena,0.584123844206,0.985216343927,2.05345890481,-4.60567869042
Steven Okert,0.0,1.0,0.0,0.0
Albert Almora Jr.,0.319735226605,0.919218655634,2.97422949989,-1.43164469119
Kelby Tomlinson,0.124170803497,0.964302815212,0.566463887701,-1.3715459298
Jim Adduci,0.307881773399,0.898318921902,0.66128758281,2.0
Zack Cozart,0.518493429075,0.984325348593,1.7743808316,1.45901639344
Will Middlebrooks,0.025974025974,0.136363636364,0.214388785817,2.64502164502
Alex Meyer,0.0,1.0,0.0,0.0
Nick Wittgren,0.0,1.0,0.0,0.0
Freddie Freeman,0.678860290395,0.99072516641,1.67674275365,-0.320518688024
Jeremy Jeffress,0.0,1.0,0.0,0.0
C.J. Cron,0.656675667567,0.982015185146,2.10102838284,-6.27544554455
Cesar Hernandez,0.242513056836,0.973479395728,1.22295633794,2.61219047619
Michael Fulmer,0.0,1.0,0.0,0.0
Cody Bellinger,0.728548470413,0.983707125483,2.8924995416,5.78765094555
Travis Wood,0.479020979021,0.699387646102,0.935703185703,-0.551282051282
Corey Kluber,0.0,1.0,0.0,0.0
Hector Rondon,0.0,1.0,0.0,0.0
Carlos Gomez,0.520404352929,0.976557423766,1.82597364361,-0.925824175824
Freddy Galvis,0.382532242656,0.983741315453,1.82866310518,4.8554245283
Tucker Barnhart,0.390136837827,0.934485142411,3.12635144289,-6.04457390597
Blake Wood,0.0,1.0,0.0,0.0
John Bormann,0.0,1.0,0.0,0.0
Tommy Joseph,0.518156174149,0.994966933943,1.2144924512,0.602431610942
Chase Bradford,0.0,1.0,0.0,0.0
Tyler Wade,0.0422691879867,0.590525420402,0.267423062662,0.587096774194
Tony Wolters,0.216802168022,0.947589996075,0.973957300549,0.0975609756098
Jose Reyes,0.413643593446,0.98396889499,1.81932501059,-3.60553530976
Josh Lindblom,0.0,1.0,0.0,0.0
Kristopher Negron,0.0285714285714,0.2,0.14693877551,-0.114285714286
Rich Hill,0.149209486166,0.814787021155,0.380821446984,-0.20652173913
Logan Morrison,0.586415411439,0.981050486511,2.86208449386,4.31062942137
Mike Tauchman,0.0120967741935,0.181451612903,0.134755463059,0.818548387097
Michael Saunders,0.310003858769,0.956693913957,1.08110516218,2.20319634703
Curtis Granderson,0.480333163024,0.983902403479,2.10121152712,-3.56388034666
Devin Mesoraco,0.333082706767,0.914834269538,1.41737379162,-1.33834586466
Tommy Milone,0.214285714286,0.75,0.204081632653,-0.0714285714286
Travis Taijeron,0.153846153846,0.911410864017,0.284061538462,-0.486153846154
Willson Contreras,0.672740552801,0.966124476979,3.52168345535,-4.04465075155
Luke Voit,0.295963335096,0.931893299793,1.16001660383,1.69892473118
Jaime Garcia,0.394117647059,0.66221648534,1.02389705882,-1.33088235294
Micah Johnson,0.0,1.0,0.0,0.0
Aledmys Diaz,0.249026290166,0.925585353497,1.23100957687,2.92088607595
Erick Aybar,0.205940555262,0.967613207517,1.01119374904,-0.66251298027
Stephen Drew,0.426703669442,0.924510093316,1.3539154567,1.02960222017
Kevin Quackenbush,0.0,1.0,0.0,0.0
Jayson Werth,0.380754089756,0.960739970663,1.29566867041,1.14969818913
Carlos Beltran,0.454869186047,0.977144525364,2.20708716423,-0.708527131783
Kevin Kiermaier,0.468425045745,0.965865815279,2.17842039939,-6.3716759431
Jacob Stallings,0.6,0.5,0.72,-0.6
Seth Smith,0.302974727975,0.988702264474,0.841240802052,0.723777348777
Willie Calhoun,0.252747252747,0.712938005391,0.520710059172,0.252747252747
Brandon Phillips,0.428990610329,0.992498136875,1.22858298338,-1.28350815851
Chris O'Grady,0.0,1.0,0.0,0.0
Giancarlo Stanton,0.83241881529,0.98283429029,4.24861445476,-4.97778839264
Derek Norris,0.402999516207,0.970368267518,0.876030342032,0.446540880503
Johnny Cueto,0.106153846154,0.880362426036,0.238769230769,0.606153846154
Drew Pomeranz,0.0,1.0,0.0,0.0
Collin McHugh,0.0,1.0,0.0,0.0
Chris Taylor,0.542200277045,0.991835384637,1.58874561551,0.861562178828
Jose Peraza,0.275948816442,0.975694430022,1.55102542981,1.24679487179
Antonio Senzatela,0.36992481203,0.811065095895,0.847443609023,-0.814285714286
Franchy Cordero,0.412458286986,0.867659981926,1.14405141515,-0.647311827957
Brian Duensing,0.0,1.0,0.0,0.0
David Washington,0.0,1.0,0.0,0.0
Jorge de la Rosa,0.0,1.0,0.0,0.0
Christian Bergman,0.0,1.0,0.0,0.0
James Hoyt,0.0,1.0,0.0,0.0
Joey Rickard,0.196209196209,0.979857657484,0.755021782049,-0.530244530245
Austin Hedges,0.487540801445,0.978553420078,2.15818054495,1.50798898072
Jimmy Yacabonis,0.0,1.0,0.0,1.0
Ryan McMahon,0.0514705882353,0.4375,0.241349480969,0.411764705882
Jordan Zimmermann,0.0,1.0,0.0,0.0
T.J. McFarland,0.0,1.0,0.0,0.0
Kyle Kendrick,0.0,1.0,0.0,0.0
Jose Osuna,0.321919342793,0.97711677376,1.21559717355,0.45
Mike Montgomery,0.224561403509,0.746083788707,0.604986149584,-0.863157894737
Buster Posey,0.522221250355,0.988753543625,1.72972866171,-4.81580547112
Martin Maldonado,0.31217907299,0.968589744028,1.84185403461,-0.521947659264
Yangervis Solarte,0.500052727784,0.988506464519,1.57435530942,2.7092765748
Yoenis Cespedes,0.474661246612,0.964297367078,1.9242207278,2.06293285155
Cam Perkins,0.176079734219,0.916301346975,0.540420819491,0.461794019934
Paul Sewald,0.0,1.0,0.0,0.0
Jose Torres,0.0,1.0,0.0,0.0
Justin Grimm,0.0,1.0,0.0,0.0
Clint Frazier,0.471058102637,0.838177848228,1.8808921856,3.46963562753
Tyler Lyons,0.0,1.0,0.0,0.0
Cliff Pennington,0.224666472261,0.954488074054,0.981244013846,-0.212382445141
Jesen Therrien,0.0,1.0,0.0,0.0
Anibal Sanchez,0.0,1.0,0.0,0.0
Chris Coghlan,0.157703081232,0.90598810953,0.432973189276,0.319047619048
Christian Bethancourt,0.0,1.0,0.0,0.0
Nolan Fontana,0.0944055944056,0.566433566434,0.25,0.230769230769
Mark Leiter,0.0,1.0,0.0,0.0
John Lackey,0.0320355951057,0.480533926585,0.248053392659,0.335483870968
Josh Ravin,0.0,1.0,0.0,0.0
Richard Urena,0.245454545455,0.790754132231,0.646753246753,0.212121212121
Ryan Rua,0.227342549923,0.835304557982,1.50771706532,0.825396825397
Tony Sipp,0.0,1.0,0.0,0.0
Jackie Bradley Jr.,0.491776804955,0.983302272827,2.09040846233,0.902255639098
Hunter Pence,0.532375715408,0.991235866612,1.53564868292,-1.86612052519
Rymer Liriano,0.244155844156,0.819666048237,0.516017316017,1.55844155844
Wilson Ramos,0.374679487179,0.880039393241,2.03138020833,3.66634615385
Nick Pivetta,0.0,1.0,0.0,0.0
Anthony Banda,0.0,1.0,0.0,0.0
O'Koyea Dickson,0.0,1.0,0.0,0.0
Clay Buchholz,0.0,1.0,0.0,0.0
Max Stassi,0.195604395604,0.840424403183,0.284144427002,1.94285714286
David Price,0.0,1.0,0.0,0.0
Jason Castro,0.381939904876,0.983004933983,1.2391764636,2.89336609337
Chris Rusin,0.0,1.0,0.0,0.0
Franklin Barreto,0.175384615385,0.880010834236,0.388923076923,1.57538461538
Rick Porcello,0.0,1.0,0.0,0.0
Jarrett Parker,0.496614645858,0.949814450576,1.39012917167,0.912941176471
Adam Wilk,0.0,1.0,0.0,0.0
Evan Gattis,0.655857041612,0.984724241958,1.60737660526,0.365266106443
Stephen Vogt,0.444638218924,0.974144806216,1.69751091621,-3.24181818182
Julio Teheran,0.225490196078,0.888060703734,0.671596638655,-1.23333333333
Matt Wisler,0.0,1.0,0.0,0.0
Lewis Brinson,0.2,0.7,0.64,-0.9
Jose Ramirez,0.492660983131,0.9748442623,2.92461625176,4.37530201342
Jake Thompson,0.0,1.0,0.0,0.0
Darrell Ceciliani,1.5,0.75,0.666666666667,-0.5
Drew Butera,0.210184921764,0.958910082413,0.758242200095,0.0364912280702
Kolten Wong,0.421795097866,0.978591727572,1.47780997661,-0.408393581379
Ruben Tejada,0.129616724739,0.857291537604,0.510274496473,-0.299651567944
Ramon Flores,0.5,0.75,0.222222222222,-0.166666666667
Pedro Alvarez,0.252747252747,0.767779390421,0.428571428571,-0.714285714286
Clayton Kershaw,0.106719367589,0.866310160428,0.237154150198,2.22044604925e-16
Neil Walker,0.485057367626,0.970147031873,2.31693749705,1.30073710074
Greg Allen,0.208461538462,0.640220726689,0.874338461538,1.97846153846
Austin Brice,0.0,1.0,0.0,0.0
Alex Presley,0.222220278191,0.958804718726,0.777595261007,2.60482897384
Ricardo Pinto,0.0,1.0,0.0,0.0
Francisco Lindor,0.52773466517,0.975329609849,3.18588095544,0.0556916544178
Matt Grace,0.0,1.0,0.0,0.0
Dietrich Enns,0.0,1.0,0.0,0.0
Archie Bradley,0.3,0.6,0.25,-0.2
Alex Verdugo,0.105494505495,0.738461538462,0.210675039246,-0.114285714286
Jesse Chavez,0.0,1.0,0.0,0.0
Shin-Soo Choo,0.529003801775,0.992409185574,1.60832451482,-0.118265916924
Rob Brantly,0.302197802198,0.766210739615,0.496196111581,0.032967032967
Bartolo Colon,0.0,1.0,0.0,0.0
Matt den Dekker,0.0,1.0,0.0,0.0
Phil Gosselin,0.0674484052533,0.836849066042,0.281777673546,-0.090243902439
Chasen Shreve,0.0,1.0,0.0,0.0
Eduardo Nunez,0.542593305117,0.969493711514,2.75225329343,-5.98108314264
Eric Young,0.27150786309,0.801780084001,1.65715354183,2.37234042553
Brandon Belt,0.472308759202,0.980257010832,1.65537478765,0.185714285714
Mike Napoli,0.561272265287,0.993499620099,1.32423484842,-1.59533175977
Cory Gearrin,0.0,1.0,0.0,0.0
Edwin Diaz,0.0,1.0,0.0,0.0
Justin Smoak,0.637801648485,0.984257347407,3.07617437627,0.640006450052
Gregory Bird,0.634481961147,0.929206996787,2.00000492058,-4.42287234043
Andrew Miller,0.0,1.0,0.0,0.0
Jacoby Ellsbury,0.385266760267,0.968077353761,1.84946511974,-1.16264478764
Ryon Healy,0.595444619906,0.980004589835,3.12059887562,-1.94364772936
Nick Martinez,0.0,1.0,0.0,0.0
Alberto Rosario,0.0,1.0,0.0,0.0
Ben Lively,0.78021978022,0.85731292517,0.977176669484,-1.14285714286
Ryan LaMarre,0.0,1.0,0.0,0.0
Kenta Maeda,0.203760683761,0.776937882765,0.67550295858,0.0683760683761
R.A. Dickey,0.0536151279199,0.318257286421,0.491909529106,3.92258064516
Troy Tulowitzki,0.334954597641,0.933831521986,1.30776547439,4.72003618272
Wade Miley,0.0,1.0,0.0,0.0
Brandon Guyer,0.332480818414,0.969979026151,0.903443418955,-1.82608695652
Alex Wood,0.180512820513,0.88,0.421696252465,0.358974358974
JaCoby Jones,0.210520297313,0.880712505417,1.03741585433,1.55084175084
Albert Suarez,0.0,1.0,0.0,0.0
Jace Peterson,0.172818851044,0.949342760218,0.834197617043,0.846016343207
Omar Narvaez,0.175758324073,0.950319790788,0.851875021912,-0.532356532357
Colin Moran,0.107142857143,0.375,0.224489795918,1.82142857143
Brandon Crawford,0.570479989494,0.986854113026,2.25267498187,-0.7837995338
Mike Ohlman,0.107142857143,0.375,0.224489795918,0.535714285714
Daniel Descalso,0.429821518797,0.977887606245,2.0127492576,-1.68502642396
Zack Godley,0.0961538461538,0.661851914605,0.423753846154,0.286153846154
Yan Gomes,0.543137051628,0.95951091444,2.81381896929,-6.5478885894
Danny Valencia,0.566289311612,0.985540010612,2.12277800829,-2.87950675279
Jason Kipnis,0.400963333451,0.926753499902,2.54593024838,1.63764044944
Mitch Moreland,0.513617164624,0.985913874186,2.18351849297,-0.250861599855
Madison Bumgarner,0.25,0.763081395349,0.513333333333,1.18333333333
Juan Nicasio,0.0,1.0,0.0,0.0
Alex Avila,0.407438411863,0.965851293921,2.11149983343,5.04788242731
Wei-Yin Chen,0.0,1.0,0.0,0.0
Robert Stephenson,0.0,1.0,0.0,0.0
Joe Ross,0.0421052631579,0.4,0.232686980609,0.463157894737
Carlos Perez,0.245454545455,0.687735849057,0.436363636364,-0.0454545454545
Ramon Torres,0.110962566845,0.929438747976,0.246637497974,0.588235294118
Ty Blach,0.29304029304,0.890248991515,0.624067290734,-0.142857142857
Ryan Zimmerman,0.717607774305,0.984746749272,3.03003174725,7.22135650784
Francisco Pena,0.6,0.75,0.4,-2.22044604925e-16
Matt Carpenter,0.477424570734,0.976812697229,2.3619413762,4.48047785548
Junichi Tazawa,0.0,1.0,0.0,0.0
Trevor Plouffe,0.15195319532,0.844302965458,1.57750063006,4.42831683168
Nick Hundley,0.352781278128,0.979595308719,1.2251690369,-2.37267326733
Ezequiel Carrera,0.151549249614,0.880002383146,1.82411864993,4.58661186142
Cory Spangenberg,0.441720266435,0.969482341902,2.43326207461,-4.1195494186
Shane Robinson,0.0744360902256,0.744360902256,0.20954887218,-0.257142857143
Nori Aoki,0.352920441663,0.938510490045,2.41290416729,-3.17753992525
Aaron Judge,0.671894969211,0.980318972723,3.56904493283,6.21929824561
Kyle Freeland,0.0927750410509,0.868462218595,0.246188130425,-0.0738916256158
David Freitas,0.257142857143,0.771428571429,0.209523809524,0.857142857143
David Phelps,0.0,1.0,0.0,0.0
Hansel Robles,0.0,1.0,0.0,0.0
Chris Carter,0.435906927552,0.982764626111,0.786134493849,-0.191961924907
Michael Martinez,0.0,1.0,0.0,0.0
Ildemaro Vargas,0.153846153846,0.230769230769,0.65811965812,-0.512820512821
Manuel Margot,0.329505376344,0.980974767747,1.26697703226,0.106666666667
Jett Bandy,0.330091692137,0.824905193509,2.2275687691,3.12896174863
Jorge Soler,0.21568627451,0.909093696909,0.533301320528,-0.209523809524
Jeff Locke,0.0,1.0,0.0,0.0
Jarred Cosart,0.0,1.0,0.0,0.0
Blake Swihart,0.0,1.0,0.0,0.0
Lorenzo Cain,0.359023776816,0.980801756714,1.70006422521,-1.96155830753
Edinson Volquez,0.025,0.1875,0.14,-0.108333333333
Hector Velazquez,0.0,1.0,0.0,0.0
Daniel Gossett,0.0,1.0,0.0,0.0
Odubel Herrera,0.412754121007,0.98937759015,1.34766461375,-1.35195176135
Luis Sardinas,0.051724137931,0.75,0.208085612366,-0.241379310345
Mitch Haniger,0.446290016278,0.954728969498,2.27172493896,4.0824742268
Andrew Knapp,0.266305916306,0.927201875273,1.06910140365,0.482467532468
Craig Stammen,0.0,1.0,0.0,0.0
Zack Wheeler,0.0,1.0,0.0,0.0
Alex Cobb,0.0,1.0,0.0,0.0
Franklin Gutierrez,0.259943977591,0.934371446675,0.56131252501,-0.647619047619
Nomar Mazara,0.669824940678,0.993451793779,1.81978633664,3.12597496826
Jose Altuve,0.601201831192,0.992342847395,1.77027593325,-4.03620309051
John Brebbia,0.0,1.0,0.0,0.0
Marwin Gonzalez,0.683644398992,0.990743014879,2.04013785542,1.62280701754
Jackson Stephens,0.0,1.0,0.0,2.0
Cole Hamels,0.0,1.0,0.0,1.0
Brandon Woodruff,0.0,1.0,0.0,0.0
Luis Severino,0.0,1.0,0.0,0.0
Brian McCann,0.646565327162,0.97129959742,2.74453085517,3.19166841995
Lonnie Chisenhall,0.737585199611,0.969712612118,2.56175662184,1.39873417722
Barrett Astin,0.0,1.0,0.0,0.0
Justin Verlander,1.0,1.0,1.94289029309e-16,1.66533453694e-16
Hanley Ramirez,0.447480602965,0.995121651085,0.95877632276,1.79608111187
Max Scherzer,0.211123470523,0.871366367901,0.578168335187,-0.694623655914
Jon Jay,0.25197349719,0.986577045771,0.982298628314,-2.026443769
Trevor Cahill,0.224242424242,0.846629560915,0.232727272727,-0.109090909091
Ryan Goins,0.449119954065,0.9918062176,1.40375777721,-1.31084408549
Rio Ruiz,0.388959276018,0.95986552491,0.997292165735,-0.371040723982
Gift Ngoepe,0.163656267105,0.747887700982,0.645926186567,1.64778325123
Mookie Betts,0.643889378686,0.989651268862,2.32507778157,-0.962332301342
Ryan Flaherty,0.228260869565,0.890418502203,0.447069943289,-0.163043478261
Enny Romero,0.0,1.0,0.0,0.0
Mikie Mahtook,0.362046670193,0.993056049968,0.725948436352,-0.786604361371
Eddie Butler,0.0,1.0,0.0,0.0
Kendrys Morales,0.547244694359,0.990259151922,1.74291890918,2.76563758389
Scooter Gennett,0.707530288112,0.988252294829,2.25659859261,-2.85336130257
Tyler Collins,0.312653061224,0.9388096,0.897825905873,0.190204081633
Lane Adams,0.228469433289,0.955477376518,0.934180505484,-0.935938877461
Niko Goodrum,0.0,1.0,0.0,0.0
Trey Mancini,0.534722589517,0.990012298766,1.79527391581,6.04008089722
Jeff Samardzija,0.0902406417112,0.744485294118,0.418570734079,-0.352941176471
Jordan Montgomery,0.0,1.0,0.0,0.0
Brett Phillips,0.291133238502,0.943773532004,0.612151269335,-0.483641536273
Sam Gaviglio,0.0,1.0,0.0,0.0
Jen-Ho Tseng,0.0,1.0,0.0,1.0
Brian Dozier,0.665962719779,0.992385560627,2.07722321261,-6.47242140099
Jake Odorizzi,1.0,1.0,1.94289029309e-16,1.66533453694e-16
Mike Clevinger,0.0,1.0,0.0,0.0
Jeimer Candelario,0.413721413721,0.920706689394,1.11248495459,-1.15384615385
German Marquez,0.195213675214,0.762267812263,0.684076265615,1.2905982906
Brett Eibner,0.433823529412,0.764271077283,1.04152249135,0.705882352941
Deck McGuire,1.0,1.0,1.94289029309e-16,1.66533453694e-16
Chris Herrmann,0.274005592362,0.951541159556,1.52723151457,1.12414036325
Ian Parmley,0.0,1.0,0.0,0.0
Bronson Arroyo,0.0,1.0,0.0,0.0
Bryce Harper,0.784542674451,0.991987699861,1.80008824887,5.59799833194
Didi Gregorius,0.624019342794,0.989331692228,1.94498140762,0.829760969588
Colby Rasmus,0.685158843054,0.963290668556,1.1632514449,0.775248933144
Nick Markakis,0.493109007286,0.991590192105,1.7353056794,1.14943655071
Grant Green,0.0,1.0,0.0,0.0
Stephen Piscotty,0.370713249015,0.960978035972,1.80591708381,3.60862533693
Brett Gardner,0.449233166875,0.965774325766,3.15190895631,0.920551423907
Justin Turner,0.592464221825,0.993780422788,1.39783458834,-2.59212880143
Jeurys Familia,0.0,1.0,0.0,0.0
Joey Gallo,0.539898320071,0.98194147157,2.3924470724,3.33477011494
Amir Garrett,0.122377622378,0.734265734266,0.21114996115,-0.25641025641
Jose Martinez,0.439667128988,0.983216854873,1.43370688311,-2.62362637363
Travis d'Arnaud,0.426711126711,0.967958081357,2.02925024006,4.5398970399
Cheslor Cuthbert,0.3990587222,0.94422472368,1.37672220213,-1.73524254822
Marcell Ozuna,0.756510521648,0.991350553866,2.6364650447,2.50632911392
Kyle Schwarber,0.429561717352,0.992919484493,1.12948325036,0.663088849135
Randal Grichuk,0.50781059477,0.990435549119,1.41773058142,0.39086844601
Christian Yelich,0.530869130869,0.990907128878,1.90575002521,0.3682382134
Mike Moustakas,0.667060626802,0.974136295344,3.76082957445,-0.382443388314
Anthony Rendon,0.738706129551,0.993094953965,2.00945085644,-2.65093240093
Raimel Tapia,0.240116916332,0.978603866546,0.583279764332,-0.975569358178
Shane Peterson,0.332814238042,0.878216310168,0.864357928563,2.70752688172
Josh Tomlin,0.0,1.0,0.0,0.0
Ross Stripling,0.0,1.0,0.0,0.0
Josh Hader,0.0,1.0,0.0,0.0
Yovani Gallardo,0.0,1.0,0.0,0.0
Chris Devenski,0.0,1.0,0.0,0.0
Tommy La Stella,0.319079353326,0.890583988551,2.09503160507,-3.33617178823
Tommy Pham,0.566278824522,0.988297534959,1.9036880663,1.30081200787
Rey Fuentes,0.173672161172,0.914914593508,0.811687986493,-1.72067307692
Arismendy Alcantara,0.127985303123,0.875175268612,0.788025044678,-0.658350100604
Kurt Suzuki,0.638595874355,0.989222441782,1.26486257618,-0.862037037037
Josh Harrison,0.36593286486,0.987589434967,1.20303160872,-0.900799418605
Ryan Schimpf,0.509272697952,0.977119373497,0.964604004832,0.0985324947589
Taijuan Walker,0.237692307692,0.93396392519,0.374215384615,-0.732307692308
Brett Anderson,0.3,0.6,0.25,-0.2
Austin Barnes,0.398299359348,0.975922189289,1.46692838649,-1.07338380897
Matt Reynolds,0.0988506664538,0.865981722657,0.605035720114,-0.754609306409
Brian Ellington,0.0,1.0,0.0,0.0
Gio Gonzalez,0.164182424917,0.677160746582,0.830221233469,1.48602150538
Charlie Morton,0.0,1.0,0.0,0.0
Kyle Higashioka,0.0,1.0,0.0,0.0
Roberto Perez,0.554103157759,0.946673299335,2.19601787539,-2.46232876712
Addison Russell,0.343925493467,0.973482559621,1.44022057117,4.1894912427
Masahiro Tanaka,0.0,1.0,0.0,0.0
Jacob deGrom,0.13705118411,0.823765670671,0.538453242259,0.473949579832
Erick Fedde,0.0,1.0,0.0,0.0
Jonathan Villar,0.307192825349,0.964446680902,1.76582563019,6.2918832467
Bryan Holaday,0.0934065934066,0.543233082707,0.282333051564,0.516483516484
Justin Upton,0.782467758801,0.989891534116,2.7924426214,-5.44004879749
Luke Jackson,0.0,1.0,0.0,0.0
Tomas Nido,0.8,0.888888888889,0.32,-2.22044604925e-16
Nick Tepesch,0.0,1.0,0.0,0.0
Luke Sims,0.0,1.0,0.0,0.0
Jose Bautista,0.433971329677,0.981508270682,2.32294051352,0.354401437204
Carlos Asuaje,0.260628368145,0.964051657527,1.09582822341,0.549029622063
Jakob Junis,0.0,1.0,0.0,0.0
Bruce Maxwell,0.324073820916,0.98742701537,0.673733136669,-1.54750512645
Matt Olson,0.80943738657,0.959407878735,2.3494974581,-2.96249243799
Juan Centeno,0.0463015245624,0.326281055901,0.307941070787,2.42292490119
Raudy Read,0.0,1.0,0.0,0.0
Hernan Perez,0.366988586479,0.969153145859,2.09483273538,3.98213507625
Alen Hanson,0.112663425448,0.943521159926,0.714055859931,-1.59407511903
Chris Archer,0.5,0.75,0.222222222222,0.166666666667
Fernando Salas,0.0,1.0,0.0,0.0
Tim Federowicz,0.181318681319,0.617346938776,0.445477599324,0.0659340659341
Daniel Robertson,0.280488707886,0.933993864218,1.29825790248,-1.21081081081
Seth Lugo,0.110294117647,0.611413043478,0.347750865052,0.705882352941
Brock Stewart,0.3,0.75,0.2,-0.2
Gary Sanchez,0.783132366888,0.986916044172,2.58692600277,-2.24414036038
Ariel Miranda,0.0,1.0,0.0,0.0
Trevor Bauer,0.0,1.0,0.0,0.0
Michael Feliz,0.0,1.0,0.0,0.0
Leury Garcia,0.450889192886,0.98819175153,0.960077251147,-2.21969904241
Ian Kinsler,0.362938002875,0.981575018169,1.49165864865,-1.21993018089
Juan Graterol,0.225521059488,0.925357365432,0.669780811261,0.387755102041
Adam Conley,0.0,1.0,0.0,0.0
Adam Wainwright,0.48347826087,0.939908786865,0.690434782609,0.94
Mike Zunino,0.56977498033,0.955781673111,3.52764808,-3.91212903226
Greg Garcia,0.168894464314,0.941616479326,1.36004128731,-2.68806384455
Raisel Iglesias,0.0,1.0,0.0,0.0
Jorge Alfaro,0.500492610837,0.980095326712,0.486020044165,-0.386206896552
Mark Reynolds,0.644375463931,0.98359180665,2.87930710944,8.65949119374
Yolmer Sanchez,0.404057375218,0.952895212726,3.05225537431,-2.34758478931
Matt Moore,0.13645320197,0.90439651108,0.304195685409,0.813793103448
Manny Machado,0.652109181141,0.973344907363,4.27057538546,-3.39743589744
Taylor Motter,0.265215850069,0.903395127104,1.86100817592,5.08485273492
Billy Hamilton,0.273761115331,0.978691775268,1.25025549068,1.29753340185
Starlin Castro,0.571733201091,0.984230018899,1.95201668876,2.44963144963
Yoan Moncada,0.393062702497,0.946139726458,1.2586169169,1.25050505051
Homer Bailey,0.0,1.0,0.0,0.0
Ivan Nova,0.0,1.0,0.0,0.0
Chance Sisco,0.515151515152,0.908462215516,0.366060606061,-0.618181818182
Francisco Cervelli,0.414295392954,0.972595949361,1.41623730023,1.34176452876
Patrick Corbin,0.0,1.0,0.0,0.0
Chris Marrero,0.342857142857,0.921108742004,0.363174603175,0.466666666667
Chris Flexen,0.0,1.0,0.0,0.0
Yacksel Rios,0.0,1.0,0.0,0.0
Vance Worley,0.205366357069,0.841673101855,0.377479646829,-0.134502923977
Max Fried,0.0,1.0,0.0,0.0
Tyler Mahle,0.0,1.0,0.0,0.0
Yasiel Puig,0.468947368421,0.992410073833,1.43435966567,4.1203380969
Dillon Peters,0.0,1.0,0.0,0.0
Tzu-Wei Lin,0.117391304348,0.704347826087,0.438768115942,-0.1
Robinson Chirinos,0.389841851291,0.947960088499,1.74467340803,7.95097037794
Luis Avilan,0.0,1.0,0.0,0.0
Mitch Garver,0.118577075099,0.717703349282,0.401443547001,-0.391304347826
Tony Kemp,0.183823529412,0.685307017544,0.505190311419,-0.0588235294118
Derek Fisher,0.279954845993,0.952239758598,0.775955186778,3.43815513627
Dallas Keuchel,0.0,1.0,0.0,0.0
Dixon Machado,0.202610144391,0.937072895166,0.92009047892,-1.41725286931
Miguel Sano,0.697738856454,0.984746823106,2.38121183215,6.74412010008
Ricky Nolasco,0.0,1.0,0.0,0.0
Corey Seager,0.518276649347,0.986574661384,1.9585789368,1.74615021256
Ben Gamel,0.401790546017,0.982534482198,1.64930317924,2.92271973466
Pedro Florimon,0.430769230769,0.798669438669,0.715227629513,0.914285714286
Justin Bour,0.801070812732,0.992417099181,1.79834882262,-4.06099218485
Dansby Swanson,0.387435249797,0.972505845828,2.15446148042,-0.27649585456
Kyle Hendricks,0.217391304348,0.915974596971,0.376811594203,0.333333333333
Rob Scahill,0.0,1.0,0.0,0.0
Brad Hand,0.0,1.0,0.0,0.0
Amed Rosario,0.238076416337,0.932792897488,0.694604011126,0.295652173913
Jake Smolinski,0.0,1.0,0.0,0.0
Matt Davidson,0.543376942559,0.990582481322,1.42335710982,4.63798348544
Pete Kozma,0.0763157894737,0.801479323308,0.349022457524,-0.398717948718
Jason Hammel,0.0,1.0,0.0,0.0
Emilio Bonifacio,0.112922639238,0.84640180053,0.433647583232,-0.720647773279
Jose Berrios,0.0,1.0,0.0,0.0
Brian Johnson,0.0,1.0,0.0,0.0
Jhoulys Chacin,0.133247800587,0.897474473898,0.343818731672,0.465909090909
Trea Turner,0.442470544919,0.967033781494,1.7714384404,4.25625920471
Travis Jankowski,0.00793650793651,0.107142857143,0.0866157162453,-0.0661375661376
Luis Perdomo,0.139194139194,0.833540000855,0.39904128793,0.005291005291
Jeff Hoffman,0.0926470588235,0.741176470588,0.210661764706,-0.132352941176
John Jaso,0.319997000375,0.968241714246,1.73648965308,-3.22997125359
Matt Bowman,0.0,1.0,0.0,0.0
Jordy Mercer,0.419811840655,0.985492164221,1.72247378909,-1.79196976854
Christian Arroyo,0.424446142093,0.967978245436,0.62154316272,1.29075630252
Andrew Albers,0.0,1.0,0.0,1.0
Wily Peralta,0.142857142857,0.571428571429,0.25,0.25
Jason Vargas,0.0,1.0,0.0,0.0
Jorge Polanco,0.54937276464,0.958583519388,3.73751607055,-2.68632893824
Andres Blanco,0.117515395996,0.742918111685,1.11830277264,0.462836741318
Whit Merrifield,0.587958403099,0.993516569076,1.47218633004,-4.98280885781
Conor Gillaspie,0.164129668781,0.937429045702,0.456316868473,0.312121212121
Austin Jackson,0.464057912322,0.985601162046,1.09750165126,-1.84173669468
Austin Romine,0.270112517581,0.93637380869,1.37464574543,3.33055555556
Paul Goldschmidt,0.811204924108,0.99583107905,1.85564154888,-1.59181141439
Jason Heyward,0.43106111736,0.976279110088,1.99407978765,4.59042619673
Dustin Pedroia,0.655942601088,0.972097072569,2.65776257909,-5.2521978022
Taylor Featherston,0.367647058824,0.922736220472,0.416955017301,0.176470588235
Jose Iglesias,0.449357110912,0.974473081977,2.3418157424,-3.03792486583
Steven Matz,0.0220588235294,0.176470588235,0.133272058824,0.772058823529
Derek Dietrich,0.37936133867,0.978468663984,1.71807066489,-2.55588723051
Carlos Gonzalez,0.423978148473,0.975206102753,2.12682980643,-4.13246187364
Miguel Andujar,0.0,1.0,0.0,4.0
Carlos Correa,0.827553439527,0.987270824973,2.39683745598,-5.88836967809
Jose Pirela,0.481100553977,0.991450687714,0.869023851371,1.22274463708
Michael Lorenzen,0.0,1.0,0.0,1.0
Carson Kelly,0.135981665393,0.828261915218,0.523075540377,2.46218487395
Jordan Lyles,0.387878787879,0.775757575758,0.489696969697,-0.745454545455
Jarrod Dyson,0.280572130572,0.984916873673,0.875879635339,-0.251287001287
CC Sabathia,0.0,1.0,0.0,0.0
Paolo Espino,0.0,1.0,0.0,0.0
Javier Baez,0.548830479865,0.98592856583,2.24433855576,-2.75526819923
Alcides Escobar,0.371656317172,0.98601288386,1.67451365638,-5.08411949686
Jesus Aguilar,0.424345040255,0.984520038669,1.62965197202,-3.46126680337
Jarrod Saltalamacchia,0.0,1.0,0.0,0.0
Michael Blazek,0.0,1.0,0.0,0.0
Maikel Franco,0.4475444064,0.975018730524,2.60627534342,7.45381836945
Jose Lobaton,0.258009049774,0.902101039921,1.02225889451,-1.27375565611
Ben Zobrist,0.380741469816,0.987068322858,1.30046035092,1.72982283465
Martin Prado,0.392603129445,0.951866846604,0.733843373957,0.0953058321479
Tyler Pill,0.0,1.0,0.0,0.0
Sandy Leon,0.46169630643,0.979363560389,1.42711837129,1.25581395349
Joe Musgrove,0.0,1.0,0.0,0.0
Pablo Sandoval,0.274598818903,0.883908295216,1.84245322999,4.00486854917
David Peralta,0.402949858958,0.983090075518,1.69587894426,-2.49787234043
Guillermo Heredia,0.222387078227,0.966920790557,1.17180219092,0.209516193523
Eric Hosmer,0.639625626941,0.98131883496,3.51433108318,-8.61218553459
Stephen Strasburg,0.141538461538,0.93010989011,0.237292307692,-0.0984615384615
Erasmo Ramirez,0.0,1.0,0.0,1.0
Jeff Mathis,0.210252848013,0.969107206504,0.554056682412,-0.652459016393
Jacob May,0.05,0.35,0.226666666667,1.65
Yu Darvish,0.0,1.0,0.0,0.0
Pedro Baez,1.0,1.0,1.94289029309e-16,1.66533453694e-16
Austin Bibens-Dirkx,0.0,1.0,0.0,0.0
John Ryan Murphy,0.3,0.75,0.2,-0.2
Mike Leake,0.100854700855,0.59595959596,0.54358974359,0.777777777778
Blake Snell,0.0,1.0,0.0,0.0
Victor Martinez,0.475679037943,0.977076134845,1.92754374706,2.13135669362
Jose Quintana,0.225,0.817788461538,0.371111111111,0.0916666666667
Trayce Thompson,0.0836385836386,0.818463282749,0.265680821236,0.246031746032
Justin Ruggiano,0.250877192982,0.894531933508,0.391689750693,0.0578947368421
Shelby Miller,0.0,1.0,0.0,0.0
Travis Shaw,0.697544239798,0.987983804307,2.58622653816,5.48135198135
Robinson Cano,0.662575730093,0.983331410742,3.192673863,3.79489932886
Dexter Fowler,0.581636105024,0.985896498225,1.91157226427,-5.09062776304
Darwin Barney,0.169171168284,0.964832111119,0.959773842002,0.820130813953
Daniel Nava,0.216577409932,0.934659462852,1.08721112248,3.00917721519
Adrian Sanchez,0.373567608862,0.846591661433,1.35262661214,-2.48739495798
Brock Stassi,0.155966386555,0.815799445261,0.936,0.658823529412
Kike Hernandez,0.269167523124,0.970393073875,1.59642431995,2.8878725591
Ryder Jones,0.10385896013,0.695155020621,0.921395687894,1.10159651669
Drew Robinson,0.237353452019,0.944482255784,0.654064595696,1.81802721088
Max Kepler,0.486707541285,0.988617683466,1.65330076864,-0.731060606061
Eddie Rosario,0.531416232057,0.949439434571,4.57442205747,-7.00027956388
Dillon Overton,0.0,1.0,0.0,0.0
Rob Refsnyder,0.0,1.0,0.0,0.0
Chris Sale,0.0,1.0,0.0,0.0
Harrison Bader,0.337060117302,0.786179698097,1.34633889296,0.931818181818
Scott Schebler,0.439684918019,0.977083847906,2.30477975746,5.32843871741
Elvis Andrus,0.601672052047,0.991531674249,2.0551967738,-3.4654519068
Johnny Giavotella,0.0,1.0,0.0,0.0
Teoscar Hernandez,0.782661782662,0.908425154083,1.65483350669,-1.58201058201
Tyler Anderson,0.0,1.0,0.0,0.0
Rene Rivera,0.460525731211,0.968175804456,1.44909893233,-0.12
Jedd Gyorko,0.574518579665,0.991926373659,1.5262061973,-0.777340676633
Alex Gordon,0.343602898397,0.963531214593,2.37344710934,-2.66124287553
Domingo Santana,0.569539979555,0.991064150406,1.99149801226,-1.97739514349
Taylor Davis,0.190476190476,0.761904761905,0.202380952381,-0.166666666667
Josh Rutledge,0.247510668563,0.9402873825,0.546614893699,1.30156472262
Brandon McCarthy,0.0,1.0,0.0,0.0
Adam Duvall,0.649817972079,0.989227863715,2.32008629987,5.11037652181
Rafael Devers,0.431542034514,0.926128683217,1.69479539353,3.20105201636
Lisalverto Bonilla,0.0,1.0,0.0,0.0
Jameson Taillon,0.0,1.0,0.0,0.0
Jonathan Schoop,0.755931384038,0.984082747571,4.04492034601,-5.59029503106
Miguel Socolovich,0.0,1.0,0.0,0.0
Cody Reed,0.0,1.0,0.0,0.0
Adam Lind,0.484895867989,0.98533842263,1.57654375582,2.30600838379
DJ LeMahieu,0.481956897592,0.982385715411,2.40586988775,-2.92937781173
Nelson Cruz,0.796221362445,0.993423140363,2.47967360765,0.907247591119
Justin Nicolino,0.0,1.0,0.0,0.0
Trevor Story,0.56946633179,0.992591783571,1.58987634874,-3.53001165501
Ty Kelly,0.245341614907,0.949145476536,0.953281123413,-1.12422360248
Junior Guerra,0.0,1.0,0.0,0.0
Joey Wendle,0.857142857143,0.75,0.816326530612,0.714285714286
Tyler White,0.532467532468,0.795099801343,1.38033395176,1.53246753247
Alex Bregman,0.451277687792,0.976193181919,2.27610052891,-5.01883384933
Josh Phegley,0.15010252905,0.884899741728,0.69202836637,1.62218045113
Steve Selsky,0.0,1.0,0.0,0.0
Doug Fister,0.0,1.0,0.0,0.0
Steven Souza Jr.,0.583381816259,0.976808302189,3.11174027976,3.74646074646
Ben Revere,0.19957371884,0.968871267855,0.913602994,-2.10725604671
Ian Kennedy,0.0,1.0,0.0,0.0
Jonathan Lucroy,0.332834608092,0.987388753877,1.07515304919,0.37188565434
Chris Owings,0.55855512308,0.978017054088,1.97102020211,2.45739532927
Jorge Bonifacio,0.360363207708,0.95224820818,2.22393547828,2.74984197219
Rob Segedin,0.122377622378,0.734265734266,0.21114996115,-0.25641025641
Pedro Severino,0.18137254902,0.864267676768,0.290080738178,0.254901960784
Nick Delmonico,0.507090187181,0.968897618769,0.909115697707,1.69988925803
Johnny Barbato,0.0,1.0,0.0,0.0
Matt Adams,0.597411651669,0.978221322442,2.66613689775,-4.66055610236
Billy Burns,0.0,1.0,0.0,0.0
Jaff Decker,0.0,1.0,0.0,1.0
Chris Young,0.316697534675,0.959963203477,1.36154184559,-0.226373626374
Jesse Winker,0.276827012026,0.975143126264,0.447202157183,2.18617021277
Tanner Roark,0.0,1.0,0.0,0.0
Mark Zagunis,0.0,1.0,0.0,1.0
Tuffy Gosewisch,0.0,1.0,0.0,0.0
Ian Desmond,0.420608158515,0.962735263759,1.81305983196,2.80256234271
Kevin Gausman,0.0,1.0,0.0,0.0
Nick Franklin,0.14138986014,0.93153129593,0.627516137708,2.1986013986
Ian Happ,0.585583524027,0.988508040488,1.79801014824,-1.08260869565
John Gant,0.0,1.0,0.0,0.0
Francisco Mejia,0.0818181818182,0.45,0.242975206612,0.409090909091
Anthony Rizzo,0.748654201767,0.992493533377,2.36132247298,-4.97582884207
Gorkys Hernandez,0.16334004761,0.978315877115,0.728498055459,1.58103197674
Raffy Lopez,0.644782608696,0.956292299721,0.786195652174,-1.95666666667
Boog Powell,0.153031674208,0.572912164238,1.4866187561,-0.747360482655
Ehire Adrianza,0.392619656558,0.961671733704,1.26535524103,-0.856314699793
Gerardo Parra,0.702375407545,0.979111582426,2.86024953526,-1.90824406148
Scott Feldman,0.0,1.0,0.0,0.0
Andrew Cashner,1.0,1.0,1.94289029309e-16,1.66533453694e-16
Ariel Hernandez,0.0,1.0,0.0,0.0
Sal Romano,0.0,1.0,0.0,0.0
Anthony Alford,0.0,1.0,0.0,0.0
Cameron Maybin,0.290862665513,0.976194657511,1.13795923751,-0.456450861667
Chad Huffman,0.0,1.0,0.0,0.0
Deven Marrero,0.423775989269,0.979144265645,1.00135744042,-1.25469483568
Braden Shipley,0.0,1.0,0.0,0.0
Chris Gimenez,0.241885721338,0.934658682069,1.12439668041,0.00444279896335
Andrelton Simmons,0.483603327862,0.994874417593,1.28264847517,-3.66539288273
A.J. Jimenez,0.0,1.0,0.0,0.0
Eric Thames,0.411438012209,0.975539796121,1.95142681673,8.29228816249
Kyle Lloyd,0.0,1.0,0.0,0.0
Matt Boyd,0.0,1.0,0.0,0.0
Ryan Lavarnway,0.285714285714,0.428571428571,0.47619047619,0.952380952381
David Freese,0.38578432042,0.986895983854,1.32617124153,2.04768056371
Bradley Zimmer,0.430754260467,0.940950443856,2.4595117354,4.23101199243
Jack Reinheimer,0.0,1.0,0.0,0.0
Brent Suter,0.0454545454545,0.25,0.173553719008,0.681818181818
Steven Brault,0.30303030303,0.757575757576,0.412121212121,-0.363636363636
Brian Goodwin,0.436893047784,0.982704217603,1.00063300486,-0.162480974125
Erik Gonzalez,0.212273524255,0.936345594185,0.769715400846,-1.05423728814
Steve Lombardozzi,0.0,1.0,0.0,0.0
Jake Marisnick,0.409935259591,0.967603576585,1.93354518972,-3.86122377006
Rhys Hoskins,1.11512158055,0.968269017239,2.35923779973,0.89880952381
Alec Asher,0.0,1.0,0.0,0.0
Paul Janish,0.23956043956,0.771243102889,0.442700156986,-0.628571428571
Danny Duffy,0.0,1.0,0.0,0.0
Ryan Braun,0.4846740638,0.975181593332,1.81440440627,4.66428571429
Zach Lee,0.0,1.0,0.0,0.0
Josh Donaldson,0.694690265487,0.978191541102,2.82089435351,-3.87610619469
Pat Valaika,0.39287109282,0.972480889503,1.65824776558,-1.416751614
Eric Sogard,0.135281580754,0.830314300132,1.2390406279,7.06047032475
Paul Blackburn,0.0,1.0,0.0,0.0
Kevin Plawecki,0.367696267696,0.963818148863,0.609950426617,0.537537537538
Adrian Gonzalez,0.471663313213,0.985545762084,0.97061713001,-0.705399061033
T.J. Rivera,0.395041481767,0.960626406079,1.43413697558,-2.02397260274
Andrew Susac,0.0,1.0,0.0,0.0
Brett Nicholas,0.635064935065,0.870924388112,1.28336425479,0.792207792208
Sean Manaea,0.0,1.0,0.0,0.0
Caleb Joseph,0.346612189309,0.97595696283,1.13205785924,-0.138576779026
Joe Biagini,1.0,1.0,1.94289029309e-16,1.66533453694e-16
Tom Koehler,0.0,1.0,0.0,0.0
Asher Wojciechowski,0.0,1.0,0.0,0.0
Aaron Nola,0.0438461538462,0.548076923077,0.251446153846,-0.286153846154
Kevin Pillar,0.276134855856,0.976672802335,1.55850732992,-0.639843816314
Matt Garza,0.0,1.0,0.0,1.0
Adam Engel,0.233720604703,0.973379706959,0.868585784169,-0.563815789474
Corey Dickerson,0.446313169474,0.981313569093,2.15654076477,1.54966887417
Neil Ramirez,0.0,1.0,0.0,0.0
Dan Vogelbach,0.0220588235294,0.176470588235,0.133272058824,0.897058823529
Danny Santana,0.342073170732,0.95109584946,1.55036914361,-2.73230954532
Marcus Stroman,0.5,0.75,0.222222222222,0.166666666667
Jaycob Brugman,0.25913506013,0.958892582851,0.598323065719,1.48670212766
Zack Granite,0.324390243902,0.920063536265,0.883963414634,-0.225609756098
Clayton Richard,0.145564516129,0.894079308452,0.371357960458,-0.506048387097
Sean Gilmartin,0.0,1.0,0.0,1.0
Orlando Arcia,0.351979237146,0.98926947944,1.36050728743,-0.331011351909
Russell Martin,0.377034559643,0.981028654576,1.01718023973,-2.4171046345
Brett Cecil,0.0,1.0,0.0,0.0
Wade LeBlanc,0.5,0.75,0.222222222222,-0.166666666667
Stuart Turner,0.174016121385,0.857389300537,0.604334063794,0.840682788051
Matt Holliday,0.618877125159,0.975498906169,2.49011575163,2.9712471994
Welington Castillo,0.584040965817,0.980724546972,1.79472610327,-0.960695876289
Tyler Chatwood,0.0471794871795,0.306666666667,0.402366863905,-0.358974358974
Starling Marte,0.338161838162,0.961742886754,1.19122436006,1.89010989011
Jake Lamb,0.731021222565,0.982371367676,3.60932570605,6.11248322148
Abraham Almonte,0.211629020672,0.962149746306,0.652832890381,0.329675153644
Eduardo Escobar,0.548006294256,0.972461974374,2.85706195274,-0.710451612903
Mallex Smith,0.154348335677,0.93137670315,0.827243026254,0.590740740741
Sam Travis,0.0270721925134,0.446691176471,0.243112947658,0.385026737968
Mike Marjama,0.2,0.5,0.24,-0.2
Paul DeJong,0.644812179066,0.990006975952,1.65483755212,-1.49745158002
Kole Calhoun,0.488334246399,0.987533285619,2.08283990723,-3.51786600496
Jake Buchanan,0.0,1.0,0.0,1.0
Keon Broxton,0.420779101031,0.974275680716,2.32549620415,-2.83394070718
Michael Conforto,0.629745539074,0.987446062093,1.85368458541,1.29935440027
Jeremy Hazelbaker,0.1606271777,0.851378094704,0.637052774709,1.20209059233
Matt Cain,0.136842105263,0.684210526316,0.450526315789,-0.6
Yulieski Gurriel,0.602592759179,0.983379024372,2.701781406,-4.40079240955
Geovany Soto,0.445054945055,0.839861751152,0.589180050719,3.40659340659
Yadiel Rivera,0.0,1.0,0.0,0.0
Tyler Flowers,0.523975288335,0.991082273293,1.14394228896,-2.09647495362
Jon Gray,0.173684210526,0.621102661597,0.656509695291,0.7
Kendall Graveman,0.0,1.0,0.0,0.0
Adam Frazier,0.429603034819,0.96823900771,2.37044365643,0.851917084406
Cody Asche,0.226315789474,0.796982758621,0.517451523546,-0.615789473684
Alex Mejia,0.0645320197044,0.575486250838,0.3548156956,1.2
A.J. Schugel,0.0,1.0,0.0,0.0
Devon Travis,0.475816326531,0.817304503082,2.68595585173,-3.58285714286
Raul Mondesi,0.125384615385,0.816201769477,0.351138461538,0.215384615385
Nick Castellanos,0.632695072164,0.986001611966,2.8936513235,-2.54403016338
Evan Longoria,0.5805033676,0.985720855299,2.67356668306,-0.595533498759
Scott Alexander,0.0,1.0,0.0,0.0
Hunter Renfroe,0.482319468907,0.982263181117,1.86482572667,-1.37704918033
Khris Davis,0.741515114237,0.996454312829,1.62365897727,-2.49097007224
Andrew Romine,0.184900419997,0.95061253903,1.18929158068,3.64977645306
Andre Ethier,0.185714285714,0.926411960133,0.26485260771,-0.190476190476
Jacob Barnes,0.0,1.0,0.0,0.0
Kennys Vargas,0.537354196302,0.955821138223,2.03259174964,4.98456140351
Erik Kratz,0.0,1.0,0.0,2.0
Denard Span,0.339920617174,0.980831547994,1.4303293418,-1.46034585569
Zach Vincej,0.0,1.0,0.0,0.0
Tim Anderson,0.410301527319,0.987415937777,1.49965332638,-3.54170996693
Austin Slater,0.445683728037,0.907825442169,1.18196198265,2.26386554622
Adonis Garcia,0.398461538462,0.939121435053,1.19552598113,-0.353695324284
Joe Panik,0.397726212034,0.983529270748,1.79271964341,-2.60012694383
Angel Sanchez,0.0,1.0,0.0,0.0
Pedro Strop,0.0,1.0,0.0,0.0
Jay Bruce,0.711711277229,0.995447803266,1.53060510424,2.08486590038
Ervin Santana,1.0,0.75,0.444444444444,2.66666666667
Ji-Man Choi,0.428571428571,0.665024630542,0.428571428571,2.7619047619
Steve Pearce,0.495126612518,0.973151604234,1.77116185296,-2.01696129957
Luis Torrens,0.126623376623,0.773838532601,1.00892857143,-0.857142857143
Jean Segura,0.323634933124,0.957431942531,1.96164995812,6.02387096774
Tony Sanchez,0.0,1.0,0.0,0.0
Chad Pinder,0.509341410983,0.982188933761,1.36332363862,-0.557045143639
Luke Maile,0.180635214308,0.937724626822,0.496772982611,-0.738205365402
Miguel Rojas,0.252434456929,0.857333347059,2.13442747128,-2.38801498127
Rafael Bautista,0.0,1.0,0.0,0.0
Randall Delgado,0.0,1.0,0.0,0.0
Jed Lowrie,0.430739281358,0.974350488028,2.26533501101,-4.31134878194
Xander Bogaerts,0.43121083006,0.975294221614,2.3149910721,-0.369671685108
Elias Diaz,0.283951465201,0.874186122547,1.53018186241,3.85240384615
Kyle Seager,0.556608767909,0.994120047635,1.56903850448,0.488583312113
Marco Estrada,0.0,1.0,0.0,0.0
Chris Bostick,0.0383458646617,0.383458646617,0.228270676692,-0.214285714286
Aaron Hicks,0.61578697966,0.985308575865,1.56250221709,1.23380355277
Odrisamer Despaigne,0.0666666666667,0.3,0.197530864198,0.622222222222
Luke Weaver,0.111888111888,0.671328671329,0.231157731158,-0.282051282051
J.D. Davis,0.364624505929,0.930417372766,0.550524145042,0.119565217391
Joey Votto,0.628087066604,0.980911117858,3.43548146904,6.69825039764
Kyle Farmer,0.0,1.0,0.0,2.0
Eric Fryer,0.107715813598,0.855516253131,0.348447400351,-0.218487394958
Nolan Arenado,0.915168086485,0.990562767813,3.37477156667,-5.81014208721
Casey Lawrence,0.0,1.0,0.0,0.0
Cristhian Adames,0.0,1.0,0.0,0.0
Eduardo Rodriguez,0.0,1.0,0.0,0.0
Willy Garcia,0.272163495419,0.943994906303,0.688644371837,0.421212121212
Cameron Rupp,0.400123933805,0.971294540975,1.3844386402,-1.44670846395
Asdrubal Cabrera,0.392748874268,0.98160450242,1.59283011063,1.2370699476
Andrew McCutchen,0.594109465632,0.982528126952,2.88134318973,-1.61399640699
Mike Freeman,0.0047619047619,0.0833333333333,0.068843537415,0.890476190476
Dylan Floro,0.0,1.0,0.0,0.0
Drew Storen,0.0,1.0,0.0,0.0
Jose Abreu,0.681708929906,0.993652386646,2.06627201134,-2.72216170926
Patrick Kivlehan,0.2429890318,0.984278403058,0.83776381832,-1.62428785607
JC Ramirez,0.0,1.0,0.0,0.0
Byron Buxton,0.396650831058,0.910278906009,4.07495217587,-8.14593698176
Alexi Amarista,0.186648845862,0.788795207603,2.28642588085,5.4804031355
Max Moroff,0.298667122351,0.932934901416,1.02765965238,-0.266917293233
Matt Harvey,0.0577915376677,0.520123839009,0.251117991056,-0.269005847953
Matt Wieters,0.455295567723,0.989783961345,1.30910697637,1.04478208717
Yadier Molina,0.58136300749,0.983161765153,2.30760568647,-3.76406182911
Yonder Alonso,0.430759022218,0.961715904317,2.85444056118,8.21566277095
Sean Newcomb,0.0,1.0,0.0,0.0
Charlie Culberson,0.025,0.1875,0.14,-0.108333333333
Chris Stratton,0.0,1.0,0.0,0.0
Ender Inciarte,0.367115995959,0.9860672424,1.64377128084,2.56497695853
Jose Urena,0.0541871921182,0.419556171983,0.433157805334,-0.448275862069
Luis Castillo,0.105494505495,0.738461538462,0.210675039246,-0.114285714286
Gordon Beckham,0.0,1.0,0.0,0.0
Howie Kendrick,0.522577577401,0.967800057854,2.02556648073,-0.86848825332
Ichiro Suzuki,0.15479700396,0.964223779696,0.965600646298,-2.30173894375
Wilmer Difo,0.207119631486,0.949166609673,1.34130294334,-1.22056631893
Chris Stewart,0.0886877828054,0.86070201643,0.433998757874,-0.197586726998
Gerrit Cole,0.125549853372,0.823474801294,0.435254765396,-0.789772727273
Tom Murphy,0.111888111888,0.671328671329,0.231157731158,0.0512820512821
Yandy Diaz,0.346438482886,0.932925906525,1.08008738953,-1.62765957447
Allen Cordoba,0.169306930693,0.964367628849,0.784633663366,0.369306930693
Andrew Benintendi,0.597258544824,0.99368023543,1.67320123857,0.564238410596
Hoby Milner,0.0,1.0,0.0,0.0
Dusty Coleman,0.274725274725,0.779157816973,0.829285940397,3.31746031746
Matt Szczur,0.15457656335,0.95171067456,0.94786671215,1.49964392537
Lucas Duda,0.494848143982,0.986741506463,1.67550913279,1.73865766779
Trevor Williams,0.0,1.0,0.0,0.0
Jean Machi,0.0,1.0,0.0,0.0
Salvador Perez,0.651872367698,0.987666899467,2.2231700585,0.121729651163
Chris Smith,0.0,1.0,0.0,0.0
A.J. Ellis,0.275837104072,0.951836400148,0.684688137699,-1.77828054299
Carlos Martinez,0.372177419355,0.914400867251,0.821227887617,0.868951612903
Terrance Gore,0.0,1.0,0.0,0.0
Ronald Torreyes,0.318220520442,0.964496144032,1.60203598865,4.23681890319
Carlos Santana,0.545565028115,0.993704882055,1.52683455944,2.42013422819
Chris Davis,0.531172747665,0.9857441639,2.01112558798,-3.79978197674
Yasmani Grandal,0.45623322898,0.985851375921,1.66616815858,0.925104353011
Charlie Blackmon,0.61244962147,0.977655107664,3.26282695641,7.81079536175
Tyler Moore,0.283848789703,0.874012664477,2.87852412512,3.06740104556
Mark Trumbo,0.469528501056,0.993254865183,1.25898549609,1.24685490635
J.A. Happ,0.0,1.0,0.0,0.0
Josh Bell,0.624438738954,0.98809911835,2.57221971872,-8.24889937107
Daniel Murphy,0.67201679386,0.981921588348,2.96276408313,6.36626139818
Edubray Ramos,0.0,1.0,0.0,0.0
Ketel Marte,0.24308897939,0.911368968992,1.43153558888,2.00222139948
Gabriel Ynoa,0.0,1.0,0.0,0.0
Chad Bettis,0.190476190476,0.761904761905,0.202380952381,-0.166666666667
Yunel Escobar,0.346544092612,0.972755988235,1.19354688152,0.797003745318
Victor Caratini,0.0725806451613,0.661764705882,0.390738813736,0.395161290323
Adeiny Hechavarria,0.284478224279,0.960434037508,1.27962968586,-0.211655796339
Brandon Drury,0.481948102624,0.982685236042,1.9932135016,-0.520152505447
Miguel Gonzalez,0.0,1.0,0.0,0.0
Miguel Gomez,0.0547713156409,0.337809212652,0.367434936605,1.1976284585
Adam Morgan,0.0,1.0,0.0,0.0
George Kontos,0.0,1.0,0.0,0.0
Marco Hernandez,0.0766233766234,0.521628371628,0.353947639662,0.900432900433
Ozzie Albies,0.502992186011,0.97714385694,1.01042288715,-0.0700336700337
Adam Rosales,0.37592553078,0.978798790789,1.30463586078,-0.215934065934
Kaleb Cowart,0.222953181273,0.923963387347,0.762593037215,1.95764705882
Mike Aviles,0.223802750119,0.731105729156,1.21848448733,1.99857752489
Cam Gallagher,0.374125874126,0.489182914845,1.12412587413,2.02564102564
Tyler Glasnow,0.172058823529,0.458823529412,0.734558823529,1.14705882353
Ryan Hanigan,0.291443850267,0.904702075005,0.758710095608,4.1550802139
Dwight Smith,0.122377622378,0.734265734266,0.21114996115,-0.0897435897436
Danny Espinosa,0.306600817642,0.93574190754,1.79442731531,4.8856097003
Dinelson Lamet,0.0,1.0,0.0,0.0
A.J. Griffin,0.0,1.0,0.0,0.0
Vince Velasquez,0.0527472527473,0.369230769231,0.223547880691,0.514285714286
Jefry Marte,0.334914361001,0.935551984248,0.936003513395,1.29855072464
Chase Utley,0.309342332208,0.961051238614,2.01509382756,-1.45294338208
Wil Myers,0.456234088492,0.990755779401,1.63710786612,4.96674937965
George Springer,0.631844232457,0.982565080995,2.69820658459,3.39225642653
Johan Camargo,0.336814345992,0.97612479718,1.00912447257,0.233333333333
Adrian Beltre,0.792659755084,0.988145196715,1.90702750978,-0.390593505039
Chad Kuhl,0.107881773399,0.660074318745,0.554645829794,-0.786206896552
Tim Locastro,0.0,1.0,0.0,0.0
Zach Eflin,0.272727272727,0.757575757576,0.363636363636,-0.527272727273
Brock Holt,0.0977822580645,0.898631836127,0.482321662237,0.508432539683
Victor Robles,0.379120879121,0.762491992313,0.655114116653,0.494505494505
Kris Bryant,0.464422418774,0.992110690518,1.46357221605,1.41386313466
Marco Gonzales,0.0,1.0,0.0,0.0
Kevin Shackelford,0.0,1.0,0.0,0.0
Gavin Cecchini,0.225,0.875011241007,0.640998959417,0.495967741935
Miguel Diaz,0.0,1.0,0.0,0.0
Andrew Toles,0.506451612903,0.961349453978,0.712174817898,-0.145161290323
Daniel Mengden,0.0,1.0,0.0,0.0
Tomas Telis,0.225900998697,0.861514926614,1.0384944758,0.607993197279
Brandon Nimmo,0.339484396201,0.854533093203,2.38088072037,-3.83627317956
Noah Syndergaard,0.0,1.0,0.0,0.0
Hector Sanchez,0.402487967419,0.949871074137,1.7017565066,-1.52864864865
Tom Wilhelmsen,0.0,1.0,0.0,0.0
Jesus Sucre,0.429956435245,0.932295622435,1.85303657636,4.30568356375
Michael Brantley,0.561661559414,0.969711566079,2.13989050969,1.10711610487
Carlos Rodon,1.0,0.75,0.444444444444,0.333333333333
Joc Pederson,0.343452963229,0.965511467416,1.60778892079,2.43993908243
Phillip Ervin,0.316091954023,0.810402235064,0.980706075534,1.98275862069
Jon Lester,0.205254515599,0.900991811786,0.44651653765,0.371921182266
Hyun Soo Kim,0.144969837084,0.958882786945,0.650704134422,1.0248600224
Mark Canha,0.249111414901,0.906866326988,1.03492090616,0.774436090226
Luiz Gohara,0.0,1.0,0.0,0.0
Matt Kemp,0.495808104332,0.978953471359,1.95576045604,6.57987890079
Yasmany Tomas,0.774514338575,0.978449391913,1.27225579152,0.0372340425532
Rickie Weeks Jr.,0.25106685633,0.901370041376,0.70547076237,-0.492176386913
Tyler Saladino,0.147249269718,0.97462749341,0.44529784428,-0.514873417722
Brad Miller,0.325992381038,0.976182874295,1.33364904824,1.96068796069
Aaron Hill,0.215431627196,0.865264092476,0.707455174583,0.563025210084
Jayson Aquino,0.0,1.0,0.0,0.0
Craig Gentry,0.118723381881,0.880667243234,0.842366109625,0.228771228771
Zach Davies,0.137646627566,0.817578782419,0.503184567449,-0.789772727273
Joe Mauer,0.506655216831,0.992325029672,1.4962406722,-1.16788321168
Michael Pineda,0.0,1.0,0.0,0.0
Anthony Santander,0.115384615385,0.508064516129,0.337278106509,-0.384615384615
Curt Casali,0.25,0.456081081081,0.549382716049,-0.555555555556
Jered Weaver,0.0,1.0,0.0,0.0
Todd Frazier,0.533589198551,0.991718347558,1.69638645014,-0.0529050543221
Lance McCullers,0.0,1.0,0.0,0.0
Chris Heisey,0.124466571835,0.898796712972,0.368920841183,0.381223328592
Carlos Ruiz,0.227785840993,0.933571527503,0.763297459631,0.303983228512
Magneuris Sierra,0.290796160361,0.852229823304,0.634772342282,0.173913043478
Mac Williamson,0.172413793103,0.850497570007,0.479239971851,1.74384236453
Kyle Barraclough,0.0,1.0,0.0,0.0
Vidal Nuno,0.0,1.0,0.0,0.0
Carl Edwards Jr.,0.0,1.0,0.0,0.0
Chase Headley,0.43613210518,0.990934145275,1.50304280075,0.777798771847
Martin Perez,0.0,1.0,0.0,0.0
Ryan Raburn,0.282307692308,0.863391025641,0.703138461538,-1.38769230769
Mike Foltynewicz,0.0,1.0,0.0,0.0
Manny Pina,0.423235173103,0.97978438345,1.52698239005,1.72741433022
