Player,HR.Slope,HR.R^2,HR.MAE,HR.Intersect
Rougned Odor,0.206878306878,0.970444491002,1.36344534033,-1.14032666207
Giovanny Urshela,0.0113324175824,0.362637362637,0.221980168269,-0.216346153846
Tim Adleman,0.0,1.0,0.0,0.0
Kevan Smith,0.0496344167178,0.89849137018,0.343047774303,-0.562951082598
Chase Anderson,0.0,1.0,0.0,0.0
Dominic Smith,0.195868023435,0.964655297727,0.404976605129,-0.059204440333
A.J. Reed,0.0,1.0,0.0,0.0
Dylan Covey,0.0,1.0,0.0,0.0
Matt Joyce,0.185739971745,0.973221281744,1.04414115091,-2.13654979523
Brandon Finnegan,0.0,1.0,0.0,0.0
Tony Watson,0.0,1.0,0.0,0.0
Michael Morse,0.0,1.0,0.0,1.0
J.T. Realmuto,0.134510507096,0.963500697201,0.898197377834,-0.755623100304
Rafael Montero,0.0,1.0,0.0,0.0
Emilio Pagan,0.0,1.0,0.0,0.0
Michael Wacha,0.0,1.0,0.0,0.0
Jae-Gyun Hwang,0.0,1.0,0.0,1.0
Christian Vazquez,0.0592455163884,0.846688455383,0.632322815873,-1.27676767677
Zack Greinke,0.0,1.0,0.0,0.0
Robbie Ray,0.0,1.0,0.0,0.0
Dustin McGowan,0.0,1.0,0.0,0.0
Carlos Moncrief,0.0,1.0,0.0,0.0
Garrett Cooper,0.0,1.0,0.0,0.0
Jharel Cotton,0.0,1.0,0.0,0.0
Ian Krol,0.0,1.0,0.0,0.0
Joe Blanton,0.0,1.0,0.0,0.0
A.J. Pollock,0.106882324803,0.885216864423,0.98780646108,-0.887326169406
Tyler Naquin,0.0,1.0,0.0,0.0
Albert Pujols,0.169247233811,0.992449869709,0.527959466155,-0.725637583893
Jordan Luplow,0.128205128205,0.877926421405,0.296929408041,-0.111111111111
Jabari Blash,0.0937760489025,0.911299064342,0.426016486061,0.383606557377
Robbie Grossman,0.0774875720035,0.882568987025,0.795550965936,0.844077961019
Cesar Puello,0.0,1.0,0.0,0.0
Kirk Nieuwenhuis,0.0573529411765,0.458823529412,0.244852941176,0.382352941176
J.P. Crawford,0.0,1.0,0.0,0.0
Sean Rodriguez,0.101162569087,0.786920036435,0.710358182336,0.948821548822
Jack Flaherty,0.0,1.0,0.0,0.0
Dan Straily,0.0,1.0,0.0,0.0
Aaron Blair,0.0,1.0,0.0,0.0
Nick Ahmed,0.129979035639,0.92494493494,0.445314663186,-0.473794549266
Brandon Moss,0.190297159113,0.975707930245,0.797419261192,0.437223695844
Aaron Wilkerson,0.0,1.0,0.0,0.0
Jhan Marinez,0.0,1.0,0.0,0.0
Orlando Calixte,0.0,1.0,0.0,0.0
Ubaldo Jimenez,0.0,1.0,0.0,0.0
Jacob Turner,0.0,1.0,0.0,0.0
Jared Hoying,0.0047619047619,0.0833333333333,0.068843537415,0.890476190476
Josh Reddick,0.110955737713,0.963741882386,0.680878681363,-0.0251765778082
Sam Freeman,0.0,1.0,0.0,0.0
Matt Chapman,0.181058729692,0.966108050448,0.679610933554,0.0344234079174
Brian Anderson,0.0,1.0,0.0,0.0
Dee Gordon,0.0133280409826,0.72318876347,0.309973922874,-0.523663629767
Marcus Semien,0.10463162009,0.939261558835,0.532437894446,-0.476880984952
Phillip Evans,0.0,1.0,0.0,0.0
Adam Eaton,0.0415019762846,0.435770750988,0.26052586355,0.54347826087
Danny Ortiz,0.0,1.0,0.0,0.0
Dustin Garneau,0.0297909407666,0.55846065699,0.275337809127,0.550522648084
Nick Williams,0.150067750678,0.975003819992,0.463316121501,0.120746763023
Eugenio Suarez,0.164898610738,0.971669446031,1.02839500469,0.7139474114
Mat Latos,0.0,1.0,0.0,0.0
Stephen Cardullo,0.0,1.0,0.0,0.0
Mike Trout,0.2913266236,0.977378118455,1.30343997875,0.978642257818
Miguel Montero,0.0754750512645,0.916190175617,0.405997409792,0.814422419686
Leonys Martin,0.0903098982424,0.891609853357,0.352781112839,-0.460106382979
Rocky Gale,0.0,1.0,0.0,1.0
Jacob Hannemann,0.0818181818182,0.45,0.242975206612,-0.227272727273
Alejandro De Aza,0.0,1.0,0.0,0.0
Tyler Austin,0.0834586466165,0.541749109616,0.352556390977,0.857142857143
Jimmy Nelson,0.0,1.0,0.0,0.0
Tim Beckham,0.161242307142,0.985562437251,0.621346155465,-0.133855732074
Derek Holland,0.0,1.0,0.0,0.0
Peter Bourjos,0.0584786641929,0.904567921551,0.454090773744,0.366868686869
Henderson Alvarez,0.0,1.0,0.0,0.0
Melky Cabrera,0.13918365,0.968494798948,0.910755984612,-1.45923753666
Robert Gsellman,0.0,1.0,0.0,0.0
Jeremy Hellickson,0.0,1.0,0.0,0.0
Tyler Skaggs,0.0,1.0,0.0,0.0
Efren Navarro,0.126482213439,0.695652173913,0.444843693856,-0.600790513834
James McCann,0.109171977731,0.940544780986,0.618107637049,3.08922588609
Rookie Davis,0.0,1.0,0.0,0.0
Felix Pena,0.0,1.0,0.0,0.0
Lance Lynn,0.0,1.0,0.0,0.0
Jerad Eickhoff,0.0,1.0,0.0,0.0
Jurickson Profar,0.0,1.0,0.0,0.0
Paulo Orlando,0.0313765182186,0.325895279436,0.384252050244,-0.365384615385
Christian Villanueva,0.402097902098,0.927918235611,0.31857031857,0.205128205128
Chad Wallach,0.0,1.0,0.0,0.0
Breyvic Valera,0.0,1.0,0.0,0.0
Miguel Cabrera,0.128948725159,0.959267024463,0.82458780989,0.671505905512
Rob Zastryzny,0.0,1.0,0.0,0.0
A.J. Cole,0.0,1.0,0.0,0.0
Antonio Bastardo,0.0,1.0,0.0,0.0
Nik Turley,0.0,1.0,0.0,0.0
John Hicks,0.0889135871075,0.89136428178,0.448898768176,1.17704918033
Logan Forsythe,0.0490689104847,0.945965539763,0.323682271618,-0.27731092437
Rajai Davis,0.047334025295,0.916513935975,0.387066082343,-0.126878868258
Renato Nunez,0.142857142857,0.571428571429,0.25,-0.25
Ryan Tepera,0.0,1.0,0.0,0.0
Edwin Encarnacion,0.259053382118,0.985687799782,1.13553614209,-2.25668449198
J.D. Martinez,0.342699575897,0.950453407229,2.34658235575,0.35419382877
Mason Williams,0.0,1.0,0.0,0.0
Andrew Stevenson,0.0,1.0,0.0,0.0
J.J. Hardy,0.0538689374306,0.906286566397,0.301826314962,0.00592373195113
Chase d'Arnaud,0.0302521008403,0.529411764706,0.251428571429,-0.285714285714
Josh Smoker,0.0,1.0,0.0,0.0
Edwin Jackson,0.0,1.0,0.0,0.0
J.T. Riddle,0.0413787070248,0.684887517291,0.481139757801,0.901006036217
Michael Taylor,0.178158289276,0.971342950586,0.833820343833,-2.06806596702
Quintin Berry,0.0,1.0,0.0,0.0
Julio Urias,0.0,1.0,0.0,0.0
Matt Shoemaker,0.0,1.0,0.0,0.0
Delino DeShields,0.0466956274035,0.860105855184,0.541043974918,-0.662605042017
Chris Iannetta,0.176574736125,0.954631211142,0.791070916207,0.39925093633
Kenley Jansen,0.0,1.0,0.0,0.0
Christian Colon,0.0,1.0,0.0,0.0
Christian Walker,0.236363636364,0.889473684211,0.228099173554,-0.272727272727
Gregory Polanco,0.125744281536,0.956986862937,0.690601143663,-1.91250424737
Jake Arrieta,0.0512315270936,0.742857142857,0.209954136232,-0.165517241379
Jhonny Peralta,0.0,1.0,0.0,0.0
Juan Lagares,0.0408280857719,0.917152651398,0.261752845573,-0.283516483516
Anthony Recker,0.0,1.0,0.0,0.0
Wilmer Flores,0.153412096632,0.942110041042,0.958218316834,-0.915887850467
Austin Hays,0.0631578947368,0.631578947368,0.241578947368,0.1
Javy Guerra,0.0,1.0,0.0,0.0
Gregor Blanco,0.0406881508005,0.878600992458,0.328398903081,0.1115995116
Drew Stubbs,0.0,1.0,0.0,0.0
Aaron Altherr,0.182688868176,0.972641985949,0.738902088984,0.531475930171
Brad Peacock,0.0,1.0,0.0,0.0
Avisail Garcia,0.126128754723,0.970478214227,0.687711370205,1.56019900498
Carlos Carrasco,0.0,1.0,0.0,0.0
Mike Fiers,0.0,1.0,0.0,0.0
Hyun-Jin Ryu,0.0,1.0,0.0,0.0
Scott Van Slyke,0.0896551724138,0.845,0.268252080856,-0.496551724138
Tyler Smith,0.0,1.0,0.0,0.0
Adam Jones,0.194950471858,0.987348086093,0.772108715038,-0.210976282405
Luis Valbuena,0.209938707309,0.954551847046,1.3309516286,-2.57815442561
Steven Okert,0.0,1.0,0.0,0.0
Albert Almora Jr.,0.0506112208402,0.946938823883,0.373687125182,0.221721027065
Kelby Tomlinson,0.00642490005711,0.330882352941,0.210883655941,-0.20145631068
Jim Adduci,0.0379310344828,0.55,0.251367419738,-0.289655172414
Zack Cozart,0.209314621259,0.971753160659,1.09840702657,-2.57337065174
Will Middlebrooks,0.0,1.0,0.0,0.0
Alex Meyer,0.0,1.0,0.0,0.0
Nick Wittgren,0.0,1.0,0.0,0.0
Freddie Freeman,0.239594175898,0.9594582445,1.3221767588,3.38398169336
Jeremy Jeffress,0.0,1.0,0.0,0.0
C.J. Cron,0.201392139214,0.962289717582,0.962552055206,-2.96891089109
Cesar Hernandez,0.0581013824885,0.935816560398,0.430396165899,1.93371428571
Michael Fulmer,0.0,1.0,0.0,0.0
Cody Bellinger,0.314842449636,0.977203716875,1.50689456276,1.9005468216
Travis Wood,0.206293706294,0.682504411476,0.416666666667,-0.551282051282
Corey Kluber,0.0,1.0,0.0,0.0
Hector Rondon,0.0,1.0,0.0,0.0
Carlos Gomez,0.177611223728,0.96107756334,0.876420815928,0.17032967033
Freddy Galvis,0.076053857177,0.932266220318,0.73274483414,1.58922955975
Tucker Barnhart,0.0618479880775,0.919364459066,0.532990109741,-1.19021812762
Blake Wood,0.0,1.0,0.0,0.0
John Bormann,0.0,1.0,0.0,0.0
Tommy Joseph,0.16479630885,0.974327528697,0.872781607975,-0.0604863221885
Chase Bradford,0.0,1.0,0.0,0.0
Tyler Wade,0.0,1.0,0.0,0.0
Tony Wolters,0.0,1.0,0.0,0.0
Jose Reyes,0.101885827687,0.948070272718,0.826639204705,-1.04914803506
Josh Lindblom,0.0,1.0,0.0,0.0
Kristopher Negron,0.0,1.0,0.0,0.0
Rich Hill,0.0,1.0,0.0,0.0
Logan Morrison,0.264736041342,0.984126447374,1.17684490222,0.528387447851
Mike Tauchman,0.0,1.0,0.0,0.0
Michael Saunders,0.114814457521,0.91327211491,0.606610107117,-0.700913242009
Curtis Granderson,0.199317478527,0.966255589643,1.33571068717,-3.6628459603
Devin Mesoraco,0.132262474368,0.85492494169,0.714273508446,0.255639097744
Tommy Milone,0.0,1.0,0.0,0.0
Travis Taijeron,0.0553846153846,0.692307692308,0.223507692308,-0.0246153846154
Willson Contreras,0.201983623573,0.917231678508,1.7051026211,-2.70026525199
Luke Voit,0.0460074034902,0.576359502649,0.575425188925,1.1935483871
Jaime Garcia,0.0411764705882,0.329411764706,0.210110294118,-0.183823529412
Micah Johnson,0.0,1.0,0.0,0.0
Aledmys Diaz,0.0722249269718,0.835835751343,0.53951782875,2.09462025316
Erick Aybar,0.0738944728541,0.92857169669,0.526114627755,0.270508826584
Stephen Drew,0.0237434474252,0.54609929078,0.251444582981,0.22664199815
Kevin Quackenbush,0.0,1.0,0.0,0.0
Jayson Werth,0.137975680168,0.939477686085,0.585218141145,1.12555331992
Carlos Beltran,0.133815966011,0.944545881082,1.03851934864,-0.261896243292
Kevin Kiermaier,0.172108205982,0.926078656314,1.15381087309,-2.86765615337
Jacob Stallings,0.0,1.0,0.0,0.0
Seth Smith,0.126368901369,0.973823127078,0.51188879297,0.644305019305
Willie Calhoun,0.10989010989,0.714285714286,0.218089602705,-0.274725274725
Brandon Phillips,0.0933303785416,0.970680947262,0.56796491535,-0.451631701632
Chris O'Grady,0.0,1.0,0.0,0.0
Giancarlo Stanton,0.399375379359,0.972339860694,2.73488405205,-4.43324576069
Derek Norris,0.16763425254,0.904825873646,0.706191636772,-1.66037735849
Johnny Cueto,0.0,1.0,0.0,0.0
Drew Pomeranz,0.0,1.0,0.0,0.0
Collin McHugh,0.0,1.0,0.0,0.0
Chris Taylor,0.155453773627,0.987622979317,0.545057175583,0.101027749229
Jose Peraza,0.0432097245478,0.918647163741,0.442021798419,-0.50844988345
Antonio Senzatela,0.0,1.0,0.0,0.0
Franchy Cordero,0.149944382647,0.77186237707,0.591620318873,-0.640860215054
Brian Duensing,0.0,1.0,0.0,0.0
David Washington,0.0,1.0,0.0,0.0
Jorge de la Rosa,0.0,1.0,0.0,0.0
Christian Bergman,0.0,1.0,0.0,0.0
James Hoyt,0.0,1.0,0.0,0.0
Joey Rickard,0.0415935415935,0.946295337457,0.268091538362,-0.00836550836551
Austin Hedges,0.150128481145,0.959739573627,0.880482402327,1.50068870523
Jimmy Yacabonis,0.0,1.0,0.0,0.0
Ryan McMahon,0.0,1.0,0.0,0.0
Jordan Zimmermann,0.0,1.0,0.0,0.0
T.J. McFarland,0.0,1.0,0.0,0.0
Kyle Kendrick,0.0,1.0,0.0,0.0
Jose Osuna,0.0762455990611,0.936498720295,0.50166466282,-0.0324175824176
Mike Montgomery,0.0771929824561,0.733333333333,0.212742382271,-0.273684210526
Buster Posey,0.0889768428418,0.845790753793,1.35919804322,2.24468085106
Martin Maldonado,0.124080741754,0.961806061227,0.847041335375,-1.44155979564
Yangervis Solarte,0.156296869141,0.931247841573,1.23049450266,-1.6813484252
Yoenis Cespedes,0.161043360434,0.886803977953,1.20356560013,2.54591990364
Cam Perkins,0.0094805931448,0.199092456041,0.147124760284,-0.12292358804
Paul Sewald,0.0,1.0,0.0,0.0
Jose Torres,0.0,1.0,0.0,0.0
Justin Grimm,0.0,1.0,0.0,0.0
Clint Frazier,0.0784549731918,0.723623628837,0.443115393254,1.78542510121
Tyler Lyons,0.0,1.0,0.0,0.0
Cliff Pennington,0.0398410731209,0.829544007914,0.381182898867,-0.724660397074
Jesen Therrien,0.0,1.0,0.0,0.0
Anibal Sanchez,0.0,1.0,0.0,0.0
Chris Coghlan,0.036974789916,0.647058823529,0.237695078031,0.0571428571429
Christian Bethancourt,0.0,1.0,0.0,0.0
Nolan Fontana,0.0944055944056,0.566433566434,0.25,0.230769230769
Mark Leiter,0.0,1.0,0.0,0.0
John Lackey,0.0,1.0,0.0,0.0
Josh Ravin,0.0,1.0,0.0,0.0
Richard Urena,0.0441558441558,0.463636363636,0.245804988662,0.367965367965
Ryan Rua,0.0593798003072,0.7989515224,0.459258852884,0.190972222222
Tony Sipp,0.0,1.0,0.0,0.0
Jackie Bradley Jr.,0.132126812521,0.96226301407,0.86336446019,0.838118022329
Hunter Pence,0.103880801053,0.971332289459,0.552647188615,-0.841095275502
Rymer Liriano,0.0246753246753,0.259090909091,0.179344465059,0.658008658009
Wilson Ramos,0.133104395604,0.869637821092,0.809143200549,0.525961538462
Nick Pivetta,0.0,1.0,0.0,0.0
Anthony Banda,0.0,1.0,0.0,0.0
O'Koyea Dickson,0.0,1.0,0.0,0.0
Clay Buchholz,0.0,1.0,0.0,0.0
Max Stassi,0.0879120879121,0.615384615385,0.244897959184,1.14285714286
David Price,0.0,1.0,0.0,0.0
Jason Castro,0.0719293104614,0.872434562505,0.725565489669,1.25257985258
Chris Rusin,0.0,1.0,0.0,0.0
Franklin Barreto,0.0553846153846,0.692307692308,0.223507692308,0.975384615385
Rick Porcello,0.0,1.0,0.0,0.0
Jarrett Parker,0.101512605042,0.88882391923,0.428208403361,-0.647058823529
Adam Wilk,0.0,1.0,0.0,0.0
Evan Gattis,0.166244811177,0.936981624554,0.849799357494,-1.2324929972
Stephen Vogt,0.125615337044,0.939586273908,0.761784490962,-1.04404040404
Julio Teheran,0.0,1.0,0.0,0.0
Matt Wisler,0.0,1.0,0.0,0.0
Lewis Brinson,0.131578947368,0.695659087295,0.425789473684,-0.6
Jose Ramirez,0.178719390531,0.951475652263,1.47380232446,-0.0708724832215
Jake Thompson,0.0,1.0,0.0,0.0
Darrell Ceciliani,0.5,0.75,0.222222222222,-0.166666666667
Drew Butera,0.0374110953058,0.745990552879,0.384490342975,0.642456140351
Kolten Wong,0.0364662317052,0.762424079428,0.533587966583,-0.235231881502
Ruben Tejada,0.0,1.0,0.0,0.0
Ramon Flores,0.0,1.0,0.0,0.0
Pedro Alvarez,0.107692307692,0.753846153846,0.206593406593,-0.2
Clayton Kershaw,0.0,1.0,0.0,0.0
Neil Walker,0.149687802899,0.981154776765,0.530201949618,-1.11253071253
Greg Allen,0.0384615384615,0.480769230769,0.248,0.338461538462
Austin Brice,0.0,1.0,0.0,0.0
Alex Presley,0.0171813489633,0.49374829755,0.293124211105,0.52152917505
Ricardo Pinto,0.0,1.0,0.0,0.0
Francisco Lindor,0.184580613551,0.9406927012,1.70063647663,1.10525886004
Matt Grace,0.0,1.0,0.0,0.0
Dietrich Enns,0.0,1.0,0.0,0.0
Archie Bradley,0.0,1.0,0.0,0.0
Alex Verdugo,0.105494505495,0.738461538462,0.210675039246,-0.114285714286
Jesse Chavez,0.0,1.0,0.0,0.0
Shin-Soo Choo,0.14518929284,0.972138023642,0.864458314395,-0.0768184291674
Rob Brantly,0.0934065934066,0.36862244898,0.349112426036,-0.32967032967
Bartolo Colon,0.0,1.0,0.0,0.0
Matt den Dekker,0.0,1.0,0.0,0.0
Phil Gosselin,0.0,1.0,0.0,0.0
Chasen Shreve,0.0,1.0,0.0,0.0
Eduardo Nunez,0.115951479314,0.910685071558,1.00359015371,-2.48985507246
Eric Young,0.0588575393154,0.658582279253,0.49023756569,1.07180851064
Brandon Belt,0.169038728262,0.970163980651,0.728648573234,0.679120879121
Mike Napoli,0.259754162851,0.989042228733,0.81381682837,-1.28402832415
Cory Gearrin,0.0,1.0,0.0,0.0
Edwin Diaz,0.0,1.0,0.0,0.0
Justin Smoak,0.281805270437,0.985138561477,1.2744640695,-1.26106587116
Gregory Bird,0.186517113784,0.864729018655,0.81651150432,-1.33244680851
Andrew Miller,0.0,1.0,0.0,0.0
Jacoby Ellsbury,0.0608985608986,0.890215898186,0.585971369755,1.05598455598
Ryon Healy,0.185441522036,0.9515300624,1.45019785437,0.904945762089
Nick Martinez,0.0,1.0,0.0,0.0
Alberto Rosario,0.0,1.0,0.0,0.0
Ben Lively,0.181318681319,0.864285714286,0.224852071006,-0.010989010989
Ryan LaMarre,0.0,1.0,0.0,0.0
Kenta Maeda,0.0,1.0,0.0,0.0
R.A. Dickey,0.0,1.0,0.0,0.0
Troy Tulowitzki,0.116731030164,0.886610033846,0.633544293789,-0.551334237901
Wade Miley,0.0,1.0,0.0,0.0
Brandon Guyer,0.0296309828279,0.807263957189,0.250583610886,0.267908902692
Alex Wood,0.0,1.0,0.0,0.0
JaCoby Jones,0.0528301886792,0.71320754717,0.434630017859,0.377777777778
Albert Suarez,0.0,1.0,0.0,0.0
Jace Peterson,0.0230883026311,0.760174457177,0.276434033192,-0.458886618999
Omar Narvaez,0.0253940815739,0.801030078276,0.282112012,-0.496703296703
Colin Moran,0.0,1.0,0.0,1.0
Brandon Crawford,0.10150530221,0.982960422933,0.451324685689,-0.129953379953
Mike Ohlman,0.0,1.0,0.0,0.0
Daniel Descalso,0.078460719114,0.948882606772,0.570594709746,-0.0145625366999
Zack Godley,0.0,1.0,0.0,0.0
Yan Gomes,0.113114244246,0.928068375124,0.758799930229,-0.777178796047
Danny Valencia,0.125813543815,0.984020050435,0.499336517584,-0.961127422196
Jason Kipnis,0.14906132225,0.937843313067,0.796203022084,-0.575076608784
Mitch Moreland,0.151637872635,0.977775293616,0.76036343521,-1.29403228732
Madison Bumgarner,0.0642857142857,0.482142857143,0.247619047619,1.75
Juan Nicasio,0.0,1.0,0.0,0.0
Alex Avila,0.123180544641,0.924004834528,0.934773410082,2.44026548673
Wei-Yin Chen,0.0,1.0,0.0,0.0
Robert Stephenson,0.0,1.0,0.0,0.0
Joe Ross,0.0,1.0,0.0,0.0
Carlos Perez,0.0818181818182,0.45,0.242975206612,-0.227272727273
Ramon Torres,0.0,1.0,0.0,0.0
Ty Blach,0.0494505494505,0.667582417582,0.231311897979,-0.309523809524
Ryan Zimmerman,0.22424761334,0.970896428273,1.29527683682,3.3523124563
Francisco Pena,0.6,0.75,0.4,-2.22044604925e-16
Matt Carpenter,0.138136511376,0.926503691401,1.41319145741,1.9965034965
Junichi Tazawa,0.0,1.0,0.0,0.0
Trevor Plouffe,0.0820642064206,0.851318410559,0.824160936094,1.71782178218
Nick Hundley,0.0999759975998,0.943472158601,0.600077767777,-1.59881188119
Ezequiel Carrera,0.0727799095987,0.907297450872,0.714461000633,0.505695830887
Cory Spangenberg,0.128070065006,0.953816947758,0.888200895054,-1.71838662791
Shane Robinson,0.0,1.0,0.0,0.0
Nori Aoki,0.0501729114865,0.786177275988,0.697489287345,-0.471287801563
Aaron Judge,0.301937889133,0.980128396009,1.58045891349,2.90763673891
Kyle Freeland,0.0402298850575,0.563218390805,0.250821018062,0.206896551724
David Freitas,0.0,1.0,0.0,0.0
David Phelps,0.0,1.0,0.0,0.0
Hansel Robles,0.0,1.0,0.0,0.0
Chris Carter,0.161501850873,0.951151549268,0.533009683488,-1.23849814913
Michael Martinez,0.0,1.0,0.0,0.0
Ildemaro Vargas,0.0,1.0,0.0,0.0
Manuel Margot,0.116251920123,0.913668992106,1.08760498925,0.040380952381
Jett Bandy,0.0909697138094,0.700458238504,0.888126331388,2.01639344262
Jorge Soler,0.0714285714286,0.868528610354,0.239183673469,-0.0428571428571
Jeff Locke,0.0,1.0,0.0,0.0
Jarred Cosart,0.0,1.0,0.0,0.0
Blake Swihart,0.0,1.0,0.0,0.0
Lorenzo Cain,0.120225329588,0.913155773786,1.36858001947,-1.21517027864
Edinson Volquez,0.0,1.0,0.0,0.0
Hector Velazquez,0.0,1.0,0.0,0.0
Daniel Gossett,0.0,1.0,0.0,0.0
Odubel Herrera,0.108569641757,0.948385932527,0.791358976186,-0.973976515392
Luis Sardinas,0.0,1.0,0.0,0.0
Mitch Haniger,0.138612316875,0.929409213471,0.869963158272,0.905498281787
Andrew Knapp,0.0585137085137,0.650873807545,0.588429752066,0.692857142857
Craig Stammen,0.0,1.0,0.0,0.0
Zack Wheeler,0.0,1.0,0.0,0.0
Alex Cobb,0.0,1.0,0.0,0.0
Franklin Gutierrez,0.0243697478992,0.426470588235,0.239039615846,0.414285714286
Nomar Mazara,0.13048564247,0.983990004181,0.581533053949,0.976872846
Jose Altuve,0.172180096893,0.992440202709,0.532051087703,-1.27408388521
John Brebbia,0.0,1.0,0.0,0.0
Marwin Gonzalez,0.168773773434,0.954458662829,1.2210057982,3.12713602187
Jackson Stephens,0.0,1.0,0.0,0.0
Cole Hamels,0.0,1.0,0.0,0.0
Brandon Woodruff,0.0,1.0,0.0,0.0
Luis Severino,0.0,1.0,0.0,0.0
Brian McCann,0.163449400379,0.967483782355,0.701985289812,1.13381022512
Lonnie Chisenhall,0.177385589094,0.923609325363,0.963511148361,0.25917721519
Barrett Astin,0.0,1.0,0.0,0.0
Justin Verlander,0.0,1.0,0.0,0.0
Hanley Ramirez,0.192819835849,0.988277152213,0.664782619282,-1.04636591479
Max Scherzer,0.0444938820912,0.667408231368,0.231071560994,-0.311827956989
Jon Jay,0.0214187312764,0.765720480716,0.395877601002,-0.481458966565
Trevor Cahill,0.0,1.0,0.0,0.0
Ryan Goins,0.0492653884922,0.894581012854,0.582554078724,0.759184477494
Rio Ruiz,0.0755656108597,0.902400880107,0.30545056635,0.150075414781
Gift Ngoepe,0.0,1.0,0.0,0.0
Mookie Betts,0.155970858193,0.960483575275,1.16271526956,0.34262125903
Ryan Flaherty,0.0,1.0,0.0,0.0
Enny Romero,0.0,1.0,0.0,0.0
Mikie Mahtook,0.112090754129,0.968523542161,0.490194688943,-0.510903426791
Eddie Butler,0.0,1.0,0.0,0.0
Kendrys Morales,0.193756575367,0.987130263991,0.767296286873,0.39355704698
Scooter Gennett,0.209837749904,0.963401133068,1.24556564274,-1.61062830886
Tyler Collins,0.10193877551,0.891390675241,0.41996668055,0.0636734693878
Lane Adams,0.0473873815043,0.80903892711,0.405016456865,-0.528945048487
Niko Goodrum,0.0,1.0,0.0,0.0
Trey Mancini,0.165142917589,0.980086758215,0.805729008692,2.22347858062
Jeff Samardzija,0.0451203208556,0.744485294118,0.209285367039,-0.176470588235
Jordan Montgomery,0.0,1.0,0.0,0.0
Brett Phillips,0.090564248459,0.847705356105,0.336524291005,0.126600284495
Sam Gaviglio,0.0,1.0,0.0,0.0
Jen-Ho Tseng,0.0,1.0,0.0,0.0
Brian Dozier,0.237115505217,0.982995924911,1.03771573231,-2.26861555433
Jake Odorizzi,0.0,1.0,0.0,0.0
Mike Clevinger,0.0,1.0,0.0,0.0
Jeimer Candelario,0.100448626764,0.895718276086,0.304185071498,-0.384615384615
German Marquez,0.0,1.0,0.0,0.0
Brett Eibner,0.137254901961,0.628205128205,0.445213379469,0.372549019608
Deck McGuire,0.0,1.0,0.0,0.0
Chris Herrmann,0.0986674055974,0.923429551456,0.784137102704,0.272791394816
Ian Parmley,0.0,1.0,0.0,0.0
Bronson Arroyo,0.0,1.0,0.0,0.0
Bryce Harper,0.259651561486,0.979205990413,0.970222041984,1.92376980817
Didi Gregorius,0.206761816345,0.984599750443,0.78676788072,-1.63124228482
Colby Rasmus,0.257705073495,0.974120333729,0.370458652109,0.469416785206
Nick Markakis,0.0614278263343,0.922344745261,0.673186889607,-0.952964233219
Grant Green,0.0,1.0,0.0,0.0
Stephen Piscotty,0.0898921832884,0.951992412886,0.493228083686,0.373225516622
Brett Gardner,0.152411554137,0.905669250615,1.77513054187,1.8923453655
Justin Turner,0.199211762075,0.960269970953,1.1831336123,-3.69528920692
Jeurys Familia,0.0,1.0,0.0,0.0
Joey Gallo,0.292426251909,0.98560382182,1.15066213453,0.0151340996169
Amir Garrett,0.0,1.0,0.0,0.0
Jose Martinez,0.154006187987,0.979330098497,0.535109541318,-1.43131868132
Travis d'Arnaud,0.11669006669,0.901666982116,1.06878879582,1.44691119691
Cheslor Cuthbert,0.0251315020456,0.694796590392,0.233620185816,0.611338398597
Marcell Ozuna,0.22066481177,0.988896586873,0.830424163156,2.27274898495
Kyle Schwarber,0.23176431127,0.984460265076,0.907191054994,-1.63911747168
Randal Grichuk,0.193666169896,0.967279200395,1.00200738774,-1.46294540035
Christian Yelich,0.112242596114,0.961573298023,0.805428743993,0.589578163772
Mike Moustakas,0.284223921028,0.976403439383,1.48494228267,1.20883421862
Anthony Rendon,0.201906661414,0.955680056937,1.49664784967,-0.733974358974
Raimel Tapia,0.04208987943,0.758648602298,0.388460866388,-0.257142857143
Shane Peterson,0.0498331479422,0.747497219132,0.208755407243,0.810752688172
Josh Tomlin,0.0,1.0,0.0,0.0
Ross Stripling,0.0,1.0,0.0,0.0
Josh Hader,0.0,1.0,0.0,0.0
Yovani Gallardo,0.0,1.0,0.0,0.0
Chris Devenski,0.0,1.0,0.0,0.0
Tommy La Stella,0.0833950388745,0.863620535094,0.586421568876,-0.632358385783
Tommy Pham,0.168219206974,0.981597512339,0.700146918151,1.1029773622
Rey Fuentes,0.059478021978,0.901014000577,0.300135216346,-0.686057692308
Arismendy Alcantara,0.0213629603709,0.747703612982,0.208867115738,-0.208450704225
Kurt Suzuki,0.264885138303,0.95562290493,1.10116443976,-2.61296296296
Josh Harrison,0.118201794543,0.965443431471,0.689972164124,0.228561046512
Ryan Schimpf,0.279551685212,0.973762164646,0.559486753506,-0.381551362683
Taijuan Walker,0.0592307692308,0.740384615385,0.210830769231,-0.270769230769
Brett Anderson,0.0,1.0,0.0,0.0
Austin Barnes,0.0776470588235,0.89891197307,0.628501703985,0.226557949913
Matt Reynolds,0.0122914837577,0.411764705882,0.235870690446,0.430201931519
Brian Ellington,0.0,1.0,0.0,0.0
Gio Gonzalez,0.0,1.0,0.0,0.0
Charlie Morton,0.0,1.0,0.0,0.0
Kyle Higashioka,0.0,1.0,0.0,0.0
Roberto Perez,0.104556563123,0.76076232726,1.00116120365,-1.6700913242
Addison Russell,0.11403021036,0.95790190334,0.598880820663,-0.900750625521
Masahiro Tanaka,0.0,1.0,0.0,0.0
Jacob deGrom,0.0417112299465,0.709090909091,0.21849638251,-0.0705882352941
Erick Fedde,0.0,1.0,0.0,0.0
Jonathan Villar,0.0819672131148,0.957537154989,0.484547164741,1.45901639344
Bryan Holaday,0.0,1.0,0.0,0.0
Justin Upton,0.223795747647,0.973833396145,1.24175440135,-0.917131404671
Luke Jackson,0.0,1.0,0.0,0.0
Tomas Nido,0.0,1.0,0.0,0.0
Nick Tepesch,0.0,1.0,0.0,0.0
Luke Sims,0.0,1.0,0.0,0.0
Jose Bautista,0.165728374769,0.971628304071,1.10375069552,-0.574718275355
Carlos Asuaje,0.0593938219858,0.941658127515,0.311088100903,-0.526813074566
Jakob Junis,0.0,1.0,0.0,0.0
Bruce Maxwell,0.0422009569378,0.79397360939,0.391181062705,-0.385167464115
Matt Olson,0.437516204304,0.952969053826,1.29345293057,-2.60133091349
Juan Centeno,0.0118577075099,0.130434782609,0.103126122889,1.83003952569
Raudy Read,0.0,1.0,0.0,0.0
Hernan Perez,0.110111208663,0.954115457643,0.750187069976,0.904030501089
Alen Hanson,0.0394337103559,0.852306856701,0.414929601163,-0.796684888027
Chris Archer,0.0,1.0,0.0,0.0
Fernando Salas,0.0,1.0,0.0,0.0
Tim Federowicz,0.120879120879,0.664835164835,0.289095519865,0.274725274725
Daniel Robertson,0.072358385783,0.865609694192,0.511739996198,0.683243243243
Seth Lugo,0.0735294117647,0.625,0.242214532872,0.117647058824
Brock Stewart,0.0,1.0,0.0,0.0
Gary Sanchez,0.282238179109,0.974235838172,1.37084069999,-1.40536512668
Ariel Miranda,0.0,1.0,0.0,0.0
Trevor Bauer,0.0,1.0,0.0,0.0
Michael Feliz,0.0,1.0,0.0,0.0
Leury Garcia,0.11659175298,0.959040451806,0.47426870064,-0.132147742818
Ian Kinsler,0.139474863255,0.929878981005,1.25502294078,-0.7178673437
Juan Graterol,0.0,1.0,0.0,0.0
Adam Conley,0.0,1.0,0.0,0.0
Adam Wainwright,0.0882608695652,0.749141039236,0.296594202899,0.443333333333
Mike Zunino,0.230630999213,0.97418452077,1.09218852313,-3.12735483871
Greg Garcia,0.0204131746116,0.828809964553,0.287872444553,-0.0825815405968
Raisel Iglesias,0.0,1.0,0.0,0.0
Jorge Alfaro,0.175369458128,0.883177700348,0.444776626465,-0.351724137931
Mark Reynolds,0.194830960254,0.978872948082,0.98651472055,3.36790606654
Yolmer Sanchez,0.0800393225792,0.884679405207,0.977737157876,-0.89681397739
Matt Moore,0.0,1.0,0.0,0.0
Manny Machado,0.218336994832,0.976956242077,1.16731526049,-0.190347868692
Taylor Motter,0.0608711064532,0.751614504169,0.674345929697,2.54558204769
Billy Hamilton,0.0289423119889,0.933067761604,0.263642527151,-0.291983556012
Starlin Castro,0.140576606632,0.95330283171,0.792663419352,1.24766584767
Yoan Moncada,0.168477225081,0.932390652994,0.60120421546,-1.0202020202
Homer Bailey,0.0,1.0,0.0,0.0
Ivan Nova,0.0,1.0,0.0,0.0
Chance Sisco,0.272727272727,0.889328063241,0.236363636364,-0.127272727273
Francisco Cervelli,0.0558491418248,0.911315505567,0.326489120858,0.840108401084
Patrick Corbin,0.0,1.0,0.0,0.0
Chris Marrero,0.1,0.75,0.208888888889,-0.233333333333
Chris Flexen,0.0,1.0,0.0,0.0
Yacksel Rios,0.0,1.0,0.0,0.0
Vance Worley,0.0,1.0,0.0,0.0
Max Fried,0.0,1.0,0.0,0.0
Tyler Mahle,0.0,1.0,0.0,0.0
Yasiel Puig,0.182028581387,0.988178141665,0.678029910969,0.652492157546
Dillon Peters,0.0,1.0,0.0,0.0
Tzu-Wei Lin,0.0,1.0,0.0,0.0
Robinson Chirinos,0.187436159346,0.929582033515,0.969478363822,2.84652706844
Luis Avilan,0.0,1.0,0.0,0.0
Mitch Garver,0.0,1.0,0.0,0.0
Tony Kemp,0.0,1.0,0.0,0.0
Derek Fisher,0.0704725044348,0.850111289174,0.367007147356,1.79035639413
Dallas Keuchel,0.0,1.0,0.0,0.0
Dixon Machado,0.0202394174997,0.738738738739,0.210917992491,-0.166975194372
Miguel Sano,0.25584283199,0.992270466875,0.582447996504,1.00100083403
Ricky Nolasco,0.0,1.0,0.0,0.0
Corey Seager,0.158045977011,0.964860170537,1.0204359889,0.31724137931
Ben Gamel,0.0721380565842,0.924330224112,0.664227286863,-0.0733001658375
Pedro Florimon,0.0,1.0,0.0,0.0
Justin Bour,0.263921041851,0.959073053777,1.41555211885,-1.04570166497
Dansby Swanson,0.0427372747121,0.732301651855,0.92178461848,1.57576665668
Kyle Hendricks,0.0,1.0,0.0,0.0
Rob Scahill,0.0,1.0,0.0,0.0
Brad Hand,0.0,1.0,0.0,0.0
Amed Rosario,0.114624505929,0.880602316938,0.453485580442,-0.0106280193237
Jake Smolinski,0.0,1.0,0.0,0.0
Matt Davidson,0.230971541609,0.983262950079,0.80890580982,1.15920614226
Pete Kozma,0.0384615384615,0.75,0.208415516108,-0.24358974359
Jason Hammel,0.0,1.0,0.0,0.0
Emilio Bonifacio,0.0,1.0,0.0,0.0
Jose Berrios,0.0,1.0,0.0,0.0
Brian Johnson,0.0,1.0,0.0,0.0
Jhoulys Chacin,0.0,1.0,0.0,0.0
Trea Turner,0.108523564065,0.963400857194,0.491438668144,0.213549337261
Travis Jankowski,0.0,1.0,0.0,0.0
Luis Perdomo,0.0,1.0,0.0,0.0
Jeff Hoffman,0.0,1.0,0.0,0.0
John Jaso,0.0913445819273,0.966630563718,0.493275689745,-0.867766529184
Matt Bowman,0.0,1.0,0.0,0.0
Jordy Mercer,0.105589670918,0.988292528148,0.37891486,-0.974870099197
Christian Arroyo,0.064782276547,0.561238761239,0.4318968229,1.46050420168
Andrew Albers,0.0,1.0,0.0,0.0
Wily Peralta,0.0,1.0,0.0,0.0
Jason Vargas,0.0,1.0,0.0,0.0
Jorge Polanco,0.0907863129237,0.797245490533,1.45174572528,-1.52706453851
Andres Blanco,0.0210043121436,0.413191113376,0.465989706496,0.486205777345
Whit Merrifield,0.134077776683,0.962820239672,0.842438086553,-0.0509906759907
Conor Gillaspie,0.030866807611,0.459000861326,0.334460887949,-0.390909090909
Austin Jackson,0.0927812088691,0.954720722896,0.386000183206,-0.20756302521
Austin Romine,0.0149906235349,0.426303668731,0.312581751055,1.17037037037
Paul Goldschmidt,0.245090393477,0.991659644827,0.791452127477,-1.01389578164
Jason Heyward,0.0815418072741,0.933025861906,0.657580818271,0.935383077115
Dustin Pedroia,0.0759255307799,0.88090326439,0.696617637404,-1.03516483516
Taylor Featherston,0.125,0.785326086957,0.274221453287,0.411764705882
Jose Iglesias,0.0434425313059,0.87469584017,0.512938733342,-0.0593917710197
Steven Matz,0.0,1.0,0.0,0.0
Derek Dietrich,0.0925348196362,0.928148955729,0.77829176044,-1.97446102819
Carlos Gonzalez,0.0893132377329,0.936083813756,0.692023566505,-0.413616557734
Miguel Andujar,0.0,1.0,0.0,0.0
Carlos Correa,0.242353886244,0.977668434552,0.91524439896,-1.91017653167
Jose Pirela,0.120155418422,0.940758814682,0.582628750178,0.49955921246
Michael Lorenzen,0.0,1.0,0.0,1.0
Carson Kelly,0.0,1.0,0.0,0.0
Jordan Lyles,0.0,1.0,0.0,0.0
Jarrod Dyson,0.0614162864163,0.92694636783,0.465719440044,-0.864382239382
CC Sabathia,0.0,1.0,0.0,0.0
Paolo Espino,0.0,1.0,0.0,0.0
Javier Baez,0.173420544972,0.974183426543,0.967456868642,-0.767624521073
Alcides Escobar,0.0385807260568,0.892725415883,0.51184112099,-1.10448113208
Jesus Aguilar,0.133193845126,0.97948770757,0.578710803463,-1.98177261335
Jarrod Saltalamacchia,0.0,1.0,0.0,0.0
Michael Blazek,0.0,1.0,0.0,0.0
Maikel Franco,0.145750039298,0.981715202274,0.734874792316,0.101135190918
Jose Lobaton,0.089592760181,0.880751258088,0.40369088812,0.289592760181
Ben Zobrist,0.0824076677915,0.93378734161,0.683293586825,1.44611220472
Martin Prado,0.0310573731626,0.331575083082,0.351261645714,1.22475106686
Tyler Pill,0.0,1.0,0.0,0.0
Sandy Leon,0.071584913035,0.861684087142,0.584256400235,1.25225718194
Joe Musgrove,0.0,1.0,0.0,0.0
Pablo Sandoval,0.0811972837289,0.894441674839,0.523560503113,1.39954560208
David Peralta,0.104640178435,0.969742100879,0.595961976402,0.320364741641
Guillermo Heredia,0.049689215223,0.885538488951,0.53614977258,1.1987205118
Eric Hosmer,0.182454621447,0.974912160517,1.14837348457,-2.75353773585
Stephen Strasburg,0.0823076923077,0.803551375632,0.249661538462,0.0523076923077
Erasmo Ramirez,0.0,1.0,0.0,0.0
Jeff Mathis,0.0406501806057,0.698292143556,0.391666512303,0.217486338798
Jacob May,0.0,1.0,0.0,0.0
Yu Darvish,0.0,1.0,0.0,0.0
Pedro Baez,0.0,1.0,0.0,0.0
Austin Bibens-Dirkx,0.0,1.0,0.0,0.0
John Ryan Murphy,0.0,1.0,0.0,0.0
Mike Leake,0.0,1.0,0.0,0.0
Blake Snell,0.0,1.0,0.0,0.0
Victor Martinez,0.106935517313,0.964709680596,0.516536108396,-1.15112309075
Jose Quintana,0.0,1.0,0.0,0.0
Trayce Thompson,0.028083028083,0.379120879121,0.227015782571,0.486772486772
Justin Ruggiano,0.135087719298,0.882291666667,0.230286241921,-0.110526315789
Shelby Miller,0.0,1.0,0.0,0.0
Travis Shaw,0.235890869694,0.984787381809,0.996365399596,-0.055944055944
Robinson Cano,0.159709776891,0.927502062352,1.67007144796,1.74523489933
Dexter Fowler,0.171114442779,0.955738932777,0.949452859777,-0.287356321839
Darwin Barney,0.0398965390954,0.91650303319,0.345341541155,-0.470930232558
Daniel Nava,0.0289191820837,0.839246467818,0.251924617603,1.61898734177
Adrian Sanchez,0.0,1.0,0.0,0.0
Brock Stassi,0.0340456182473,0.610170458477,0.310167587035,0.785882352941
Kike Hernandez,0.0945529290853,0.947571832576,0.728297115648,0.0729701952724
Ryder Jones,0.0438401775805,0.643551633729,0.41596943567,0.362844702467
Drew Robinson,0.0757707338254,0.781595648426,0.434360978434,1.80272108844
Max Kepler,0.140857382055,0.976732426661,0.672140722471,-0.909965034965
Eddie Rosario,0.187390704983,0.953705190132,1.3890336479,-2.85294939894
Dillon Overton,0.0,1.0,0.0,0.0
Rob Refsnyder,0.0,1.0,0.0,0.0
Chris Sale,0.0,1.0,0.0,0.0
Harrison Bader,0.104105571848,0.642738747928,0.626924486804,0.636363636364
Scott Schebler,0.204229633118,0.952752174395,1.55545536182,3.11527319948
Elvis Andrus,0.133010623981,0.975075849997,0.760685792894,0.160203176651
Johnny Giavotella,0.0,1.0,0.0,0.0
Teoscar Hernandez,0.319291819292,0.840551786022,0.912449690227,-1.2619047619
Tyler Anderson,0.0,1.0,0.0,0.0
Rene Rivera,0.156208811551,0.962253774496,0.546902548606,-1.26918918919
Jedd Gyorko,0.145554681353,0.972949860229,0.730078315732,1.5764489903
Alex Gordon,0.0623956357812,0.891763125155,0.78754048018,-1.24195624196
Domingo Santana,0.187400328904,0.98537548399,0.768208467537,-0.827991169978
Taylor Davis,0.0,1.0,0.0,0.0
Josh Rutledge,0.0,1.0,0.0,0.0
Brandon McCarthy,0.0,1.0,0.0,0.0
Adam Duvall,0.210482575556,0.983069357818,1.00786248273,1.84987503023
Rafael Devers,0.150019994463,0.795239229298,1.08397250204,2.43132670953
Lisalverto Bonilla,0.0,1.0,0.0,0.0
Jameson Taillon,0.0,1.0,0.0,0.0
Jonathan Schoop,0.227384858784,0.985029465655,1.06044152115,-1.41459627329
Miguel Socolovich,0.0,1.0,0.0,0.0
Cody Reed,0.0,1.0,0.0,0.0
Adam Lind,0.114986027014,0.976728503826,0.483063422516,0.30414531905
DJ LeMahieu,0.0523501266535,0.91677420083,0.563084046724,-0.455733808675
Nelson Cruz,0.249633225724,0.97502528524,1.46407105631,-1.38265605362
Justin Nicolino,0.0,1.0,0.0,0.0
Trevor Story,0.160728356151,0.983670333025,0.711250214377,0.329545454545
Ty Kelly,0.0381439532335,0.867341482047,0.249156751547,-0.470807453416
Junior Guerra,0.0,1.0,0.0,0.0
Joey Wendle,0.214285714286,0.75,0.204081632653,-0.0714285714286
Tyler White,0.194805194805,0.713530655391,0.635745207174,0.004329004329
Alex Bregman,0.138403078206,0.968592469956,0.929106681472,-2.31785345717
Josh Phegley,0.0618933697881,0.838495590493,0.368021921687,0.351503759398
Steve Selsky,0.0,1.0,0.0,0.0
Doug Fister,0.0,1.0,0.0,0.0
Steven Souza Jr.,0.23371162608,0.989005439658,0.888857740569,-1.76162897591
Ben Revere,0.0085626911315,0.466666666667,0.246354122829,0.34495412844
Ian Kennedy,0.0,1.0,0.0,0.0
Jonathan Lucroy,0.0383395029085,0.860925758792,0.448549350257,1.15722528193
Chris Owings,0.136282347991,0.958953837012,0.657470810622,-0.160109404587
Jorge Bonifacio,0.15480746233,0.962650334719,0.839236902606,1.08675726928
Rob Segedin,0.0,1.0,0.0,0.0
Pedro Severino,0.0,1.0,0.0,0.0
Nick Delmonico,0.236447613646,0.913558440667,0.732661678776,0.248062015504
Johnny Barbato,0.0,1.0,0.0,0.0
Matt Adams,0.19827404387,0.956019572927,1.30567638814,-2.07394192913
Billy Burns,0.0,1.0,0.0,0.0
Jaff Decker,0.0,1.0,0.0,0.0
Chris Young,0.098645923365,0.949553290595,0.486072324125,-0.878632478632
Jesse Winker,0.170559666975,0.946226705589,0.443462515008,-0.710106382979
Tanner Roark,0.0,1.0,0.0,0.0
Mark Zagunis,0.0,1.0,0.0,0.0
Tuffy Gosewisch,0.0,1.0,0.0,0.0
Ian Desmond,0.0559965384501,0.85488652868,0.503357106622,1.38114847861
Kevin Gausman,0.0,1.0,0.0,0.0
Nick Franklin,0.0171328671329,0.556818181818,0.251135018827,0.697902097902
Ian Happ,0.20780399274,0.976619688697,0.876281310146,0.868215892054
John Gant,0.0,1.0,0.0,0.0
Francisco Mejia,0.0,1.0,0.0,0.0
Anthony Rizzo,0.232172717359,0.985899676942,0.990077967425,-0.08312918504
Gorkys Hernandez,0.0,1.0,0.0,0.0
Raffy Lopez,0.22347826087,0.918942608696,0.379420289855,-0.82
Boog Powell,0.052850678733,0.676161776368,0.435233785822,-0.674208144796
Ehire Adrianza,0.0357690902448,0.86355890462,0.241644383021,-0.404554865424
Gerardo Parra,0.0987590658061,0.931995791631,0.730514221178,0.956217978575
Scott Feldman,0.0,1.0,0.0,0.0
Andrew Cashner,0.0,1.0,0.0,0.0
Ariel Hernandez,0.0,1.0,0.0,0.0
Sal Romano,0.0,1.0,0.0,0.0
Anthony Alford,0.0,1.0,0.0,0.0
Cameron Maybin,0.0870400558919,0.920931078277,0.701317129067,-0.476013041453
Chad Huffman,0.0,1.0,0.0,0.0
Deven Marrero,0.0584171696848,0.743940731152,0.582254087908,0.25117370892
Braden Shipley,0.0,1.0,0.0,0.0
Chris Gimenez,0.111717882266,0.872812052166,0.76866000923,-0.419104035542
Andrelton Simmons,0.0995133557158,0.9791022308,0.541255812649,0.0363028421304
A.J. Jimenez,0.0,1.0,0.0,0.0
Eric Thames,0.211585491067,0.965173104086,1.17012666721,4.5099968264
Kyle Lloyd,0.0,1.0,0.0,0.0
Matt Boyd,0.0,1.0,0.0,0.0
Ryan Lavarnway,0.0,1.0,0.0,0.0
David Freese,0.0677518469459,0.940445094195,0.504993755101,1.89923664122
Bradley Zimmer,0.0836445402903,0.910970157735,0.627639407341,1.23248474648
Jack Reinheimer,0.0,1.0,0.0,0.0
Brent Suter,0.0,1.0,0.0,0.0
Steven Brault,0.0,1.0,0.0,0.0
Brian Goodwin,0.194883915364,0.975405363118,0.527829138708,-1.29337899543
Erik Gonzalez,0.0685563997662,0.829182586267,0.440341162369,0.028813559322
Steve Lombardozzi,0.0,1.0,0.0,0.0
Jake Marisnick,0.167000025191,0.982384239666,0.532791081119,-0.644859813084
Rhys Hoskins,0.431502388189,0.920553867196,1.49672528586,1.48469387755
Alec Asher,0.0,1.0,0.0,0.0
Paul Janish,0.0,1.0,0.0,0.0
Danny Duffy,0.0,1.0,0.0,0.0
Ryan Braun,0.145817774459,0.935871066509,0.914176049865,3.05769230769
Zach Lee,0.0,1.0,0.0,0.0
Josh Donaldson,0.272198749085,0.924239795333,2.11721556613,-1.42012109921
Pat Valaika,0.125734754732,0.973473187109,0.541936813298,-0.282364933741
Eric Sogard,0.0124047249214,0.498282178414,0.275897259321,2.17849944009
Paul Blackburn,0.0,1.0,0.0,0.0
Kevin Plawecki,0.0939510939511,0.921281622774,0.247437914105,-0.366366366366
Adrian Gonzalez,0.0370556673374,0.828262786596,0.285095549825,-0.550469483568
T.J. Rivera,0.0760659849508,0.862361332149,0.542483231028,-0.769786910198
Andrew Susac,0.0,1.0,0.0,0.0
Brett Nicholas,0.0961038961039,0.541106719368,0.454421768707,0.61038961039
Sean Manaea,0.0,1.0,0.0,0.0
Caleb Joseph,0.104664623766,0.911906492073,0.716392558332,-0.728838951311
Joe Biagini,0.0,1.0,0.0,0.0
Tom Koehler,0.0,1.0,0.0,0.0
Asher Wojciechowski,0.0,1.0,0.0,0.0
Aaron Nola,0.0,1.0,0.0,0.0
Kevin Pillar,0.102217442001,0.972338729878,0.607821062565,0.976572447161
Matt Garza,0.0,1.0,0.0,0.0
Adam Engel,0.0675111982083,0.945373421487,0.365627689043,0.0901315789474
Corey Dickerson,0.181638295035,0.976926046368,1.01413697992,1.71461368653
Neil Ramirez,0.0,1.0,0.0,0.0
Dan Vogelbach,0.0,1.0,0.0,0.0
Danny Santana,0.0551264679313,0.933030334348,0.281410106282,-0.0569105691057
Marcus Stroman,0.5,0.75,0.222222222222,0.166666666667
Jaycob Brugman,0.077243293247,0.92988130168,0.243155470703,-0.351063829787
Zack Granite,0.0191369606004,0.382739212008,0.228151969981,-0.223170731707
Clayton Richard,0.0302419354839,0.46875,0.246618106139,-0.260080645161
Sean Gilmartin,0.0,1.0,0.0,0.0
Orlando Arcia,0.105005159959,0.974526568756,0.59466147955,-0.671310629515
Russell Martin,0.154722089505,0.985833398616,0.401243286098,-0.446010511228
Brett Cecil,0.0,1.0,0.0,0.0
Wade LeBlanc,0.0,1.0,0.0,0.0
Stuart Turner,0.0680417259365,0.73131081753,0.370215165379,-0.603129445235
Matt Holliday,0.198985195273,0.964997994053,0.938812730078,0.48282300224
Welington Castillo,0.235010851872,0.970122332725,0.938711886568,-2.26718213058
Tyler Chatwood,0.0,1.0,0.0,0.0
Starling Marte,0.0848362164152,0.899625222714,0.512634323981,0.022977022977
Jake Lamb,0.202684563758,0.970145975497,1.32979595514,1.94093959732
Abraham Almonte,0.0606592704925,0.88554187313,0.34572925142,-0.404741000878
Eduardo Escobar,0.152113296617,0.944689495486,1.09359107637,-0.161419354839
Mallex Smith,0.0262423816221,0.794277694518,0.265089662447,0.350925925926
Sam Travis,0.0,1.0,0.0,0.0
Mike Marjama,0.2,0.5,0.24,-0.2
Paul DeJong,0.252593672297,0.979992482775,0.938046137252,-0.180428134557
Kole Calhoun,0.127333956366,0.973946855048,0.764095384324,-0.0950372208437
Jake Buchanan,0.0,1.0,0.0,0.0
Keon Broxton,0.173452558829,0.967074355607,1.1080887356,-1.51009553826
Michael Conforto,0.24107576667,0.969757674158,1.09108947468,0.546890927625
Jeremy Hazelbaker,0.0398954703833,0.755198732719,0.223336449392,-0.236933797909
Matt Cain,0.0,1.0,0.0,0.0
Yulieski Gurriel,0.151200144296,0.982109725473,0.68133244429,-1.3137316234
Geovany Soto,0.0604395604396,0.392857142857,0.230769230769,2.48351648352
Yadiel Rivera,0.0,1.0,0.0,0.0
Tyler Flowers,0.144808063807,0.970360069294,0.576831662221,-1.97217068646
Jon Gray,0.0526315789474,0.5,0.249307479224,0.315789473684
Kendall Graveman,0.0,1.0,0.0,0.0
Adam Frazier,0.037955561577,0.782998612264,0.599776061162,0.61522828885
Cody Asche,0.0421052631579,0.4,0.232686980609,-0.221052631579
Alex Mejia,0.0133004926108,0.192857142857,0.143400713436,0.744827586207
A.J. Schugel,0.0,1.0,0.0,0.0
Devon Travis,0.0951020408163,0.73862585034,0.658725531029,-0.85387755102
Raul Mondesi,0.0484615384615,0.605769230769,0.2464,0.138461538462
Nick Castellanos,0.166506485292,0.964762906161,1.180335744,-1.71177209887
Evan Longoria,0.131346073282,0.969230370153,0.84375562003,0.821836228288
Scott Alexander,0.0,1.0,0.0,0.0
Hunter Renfroe,0.205187346549,0.983193868148,0.77750306191,-0.266293482607
Khris Davis,0.266187234741,0.993787409377,0.720351167654,1.94891640867
Andrew Romine,0.0343991329088,0.866803413149,0.38595478003,0.704647066793
Andre Ethier,0.115584415584,0.87107771261,0.228035456607,-0.0606060606061
Jacob Barnes,0.0,1.0,0.0,0.0
Kennys Vargas,0.13413940256,0.952243269572,0.527678583847,1.78350877193
Erik Kratz,0.0,1.0,0.0,0.0
Denard Span,0.0971042039356,0.972765530878,0.496649262942,-0.431723315444
Zach Vincej,0.0,1.0,0.0,0.0
Tim Anderson,0.125145646355,0.975787878529,0.666492053926,-0.651865847898
Austin Slater,0.0956455309396,0.908803339518,0.258670741024,0.245378151261
Adonis Garcia,0.101628959276,0.916629194428,0.36410729601,-0.109351432881
Joe Panik,0.0852157111655,0.956860940197,0.598502877698,-1.32751507458
Angel Sanchez,0.0,1.0,0.0,0.0
Pedro Strop,0.0,1.0,0.0,0.0
Jay Bruce,0.256193232055,0.988936282584,0.910900171029,1.51551724138
Ervin Santana,0.0,1.0,0.0,0.0
Ji-Man Choi,0.142857142857,0.428571428571,0.238095238095,1.47619047619
Steve Pearce,0.169039655996,0.976185972806,0.534266497955,-0.58480649785
Luis Torrens,0.0,1.0,0.0,0.0
Jean Segura,0.0701243115657,0.93563467683,0.52447704373,1.18735483871
Tony Sanchez,0.0,1.0,0.0,0.0
Chad Pinder,0.174359976549,0.961710150372,0.695221694697,0.606292749658
Luke Maile,0.0562442183164,0.744809800129,0.364855407634,0.0823311748381
Miguel Rojas,0.00730337078652,0.325,0.208622648655,-0.197752808989
Rafael Bautista,0.0,1.0,0.0,0.0
Randall Delgado,0.0,1.0,0.0,0.0
Jed Lowrie,0.0900546821599,0.951997082061,0.76856083564,0.933621933622
Xander Bogaerts,0.0758096817541,0.948902132413,0.623827784481,-1.40984944676
Elias Diaz,0.00796703296703,0.254945054945,0.177554086538,0.655288461538
Kyle Seager,0.185332984869,0.972253203221,1.09697196576,-3.53628724217
Marco Estrada,0.0,1.0,0.0,0.0
Chris Bostick,0.0,1.0,0.0,0.0
Aaron Hicks,0.153258730043,0.963673475273,0.570054442051,1.74320794148
Odrisamer Despaigne,0.0,1.0,0.0,0.0
Luke Weaver,0.0,1.0,0.0,0.0
J.D. Davis,0.243083003953,0.906036651096,0.434782608696,-0.673913043478
Joey Votto,0.23255301943,0.978470774797,1.31367357233,2.34121033099
Kyle Farmer,0.0,1.0,0.0,0.0
Eric Fryer,0.0,1.0,0.0,0.0
Nolan Arenado,0.227993867649,0.98186121213,1.01428361274,0.484321411073
Casey Lawrence,0.0,1.0,0.0,0.0
Cristhian Adames,0.0,1.0,0.0,0.0
Eduardo Rodriguez,0.0,1.0,0.0,0.0
Willy Garcia,0.0477801268499,0.813571201019,0.24516625024,-0.0727272727273
Cameron Rupp,0.179248377925,0.942615563455,0.9138056728,-1.33986415883
Asdrubal Cabrera,0.102338601535,0.949042719114,0.7282212007,0.289245841877
Andrew McCutchen,0.190256199523,0.978912364592,0.985042296014,-0.661522129675
Mike Freeman,0.0047619047619,0.0833333333333,0.068843537415,0.890476190476
Dylan Floro,0.0,1.0,0.0,0.0
Drew Storen,0.0,1.0,0.0,0.0
Jose Abreu,0.22323533519,0.980837990033,1.13459065311,-2.25932132384
Patrick Kivlehan,0.0894579026276,0.955007024223,0.542994040737,-0.516491754123
JC Ramirez,0.0,1.0,0.0,0.0
Byron Buxton,0.129098866569,0.881028133059,1.58799303896,-2.89850746269
Alexi Amarista,0.0291370154969,0.784398583219,0.331161992805,0.613213885778
Max Moroff,0.0747095010253,0.898745899913,0.333741822088,-0.697368421053
Matt Harvey,0.0,1.0,0.0,0.0
Matt Wieters,0.0789204979165,0.946143903985,0.540559660162,0.954818072771
Yadier Molina,0.144349029149,0.983302309968,0.576127935073,-1.28767711464
Yonder Alonso,0.187747763175,0.911031718201,2.11006482535,3.26191189691
Sean Newcomb,0.0,1.0,0.0,0.0
Charlie Culberson,0.0,1.0,0.0,0.0
Chris Stratton,0.0,1.0,0.0,0.0
Ender Inciarte,0.0600507651741,0.922560692061,0.57516539007,2.23728529535
Jose Urena,0.0,1.0,0.0,0.0
Luis Castillo,0.0,1.0,0.0,0.0
Gordon Beckham,0.0,1.0,0.0,0.0
Howie Kendrick,0.114296784192,0.925182541355,0.661172834861,-0.812819203269
Ichiro Suzuki,0.0216187204809,0.893519652126,0.251622445887,0.342206955775
Wilmer Difo,0.0540238450075,0.908501966402,0.486625252911,-0.753827394662
Chris Stewart,0.0,1.0,0.0,0.0
Gerrit Cole,0.0320747800587,0.513196480938,0.250824780059,-0.278409090909
Tom Murphy,0.0,1.0,0.0,0.0
Yandy Diaz,0.0,1.0,0.0,0.0
Allen Cordoba,0.0343594359436,0.761150302588,0.445704650465,1.03920792079
Andrew Benintendi,0.145258011467,0.977741112099,0.796012069672,-0.368388520971
Hoby Milner,0.0,1.0,0.0,0.0
Dusty Coleman,0.136141636142,0.827988677989,0.388323610546,1.00793650794
Matt Szczur,0.0298810528123,0.838061798308,0.375666877805,0.285856715568
Lucas Duda,0.240935883015,0.989440549154,0.73479213511,0.43357080365
Trevor Williams,0.0,1.0,0.0,0.0
Jean Machi,0.0,1.0,0.0,0.0
Salvador Perez,0.196644387475,0.988410958281,0.632088169949,1.80995639535
Chris Smith,0.0,1.0,0.0,0.0
A.J. Ellis,0.127692307692,0.897174980848,0.526569071067,-1.25113122172
Carlos Martinez,0.0,1.0,0.0,0.0
Terrance Gore,0.0,1.0,0.0,0.0
Ronald Torreyes,0.0274529561428,0.867337422073,0.272232443781,0.473814142127
Carlos Santana,0.174434971885,0.963980706917,1.16771365303,-2.05583892617
Chris Davis,0.213110579564,0.980178343255,0.873707722229,0.0534156976744
Yasmani Grandal,0.174306797853,0.964162341798,0.976409054559,-0.977340488968
Charlie Blackmon,0.244369458362,0.993373663733,0.715149336587,-0.25273558713
Tyler Moore,0.0636339674032,0.670662728434,1.17918748233,1.2498132935
Mark Trumbo,0.177021777062,0.985807690004,0.711802389406,-1.58065417948
J.A. Happ,0.0,1.0,0.0,0.0
Josh Bell,0.171727967519,0.984833100998,0.794904789157,0.150471698113
Daniel Murphy,0.171297369399,0.987436243828,0.658721592418,0.837689969605
Edubray Ramos,0.0,1.0,0.0,0.0
Ketel Marte,0.0727816857954,0.825551031864,0.58538102749,0.81821547575
Gabriel Ynoa,0.0,1.0,0.0,0.0
Chad Bettis,0.0,1.0,0.0,0.0
Yunel Escobar,0.0753319713994,0.847985298015,0.668384386728,0.539325842697
Victor Caratini,0.0423387096774,0.65625,0.235041623309,0.0423387096774
Adeiny Hechavarria,0.0793577740375,0.845816840227,0.803981641546,-1.32463707132
Brandon Drury,0.102716808116,0.950846879962,0.686473876081,-0.526470588235
Miguel Gonzalez,0.0,1.0,0.0,0.0
Miguel Gomez,0.0,1.0,0.0,0.0
Adam Morgan,0.0,1.0,0.0,0.0
George Kontos,0.0,1.0,0.0,0.0
Marco Hernandez,0.0,1.0,0.0,0.0
Ozzie Albies,0.0842386125405,0.812300906641,0.512165681977,0.397306397306
Adam Rosales,0.0608449802625,0.900396405525,0.522577534489,0.443406593407
Kaleb Cowart,0.0749099639856,0.83566607421,0.400391836735,0.124705882353
Mike Aviles,0.0220483641536,0.407894736842,0.234900618969,0.440967283073
Cam Gallagher,0.0699300699301,0.41958041958,0.236596736597,0.448717948718
Tyler Glasnow,0.0,1.0,0.0,0.0
Ryan Hanigan,0.0421122994652,0.694852941176,0.222411278561,0.96256684492
Dwight Smith,0.0,1.0,0.0,0.0
Danny Espinosa,0.0569066873564,0.897586082297,0.419680522172,1.64035689774
Dinelson Lamet,0.0,1.0,0.0,0.0
A.J. Griffin,0.0,1.0,0.0,0.0
Vince Velasquez,0.0,1.0,0.0,0.0
Jefry Marte,0.0831357048748,0.929385173197,0.260660713414,0.282125603865
Chase Utley,0.0796250468691,0.948370494455,0.54310139804,-1.04799400075
Wil Myers,0.185723953466,0.988283222567,0.709110909902,1.31861042184
George Springer,0.253070920529,0.960208741691,1.68420236122,2.21453506823
Johan Camargo,0.0640412564463,0.844404983645,0.547482419128,-1.12962962963
Adrian Beltre,0.202759816494,0.979298620477,0.647727578412,-0.673012318029
Chad Kuhl,0.0,1.0,0.0,0.0
Tim Locastro,0.0,1.0,0.0,0.0
Zach Eflin,0.0,1.0,0.0,0.0
Brock Holt,0.0,1.0,0.0,0.0
Victor Robles,0.0,1.0,0.0,0.0
Kris Bryant,0.195667362994,0.975044672641,1.14983907433,0.862781456954
Marco Gonzales,0.0,1.0,0.0,0.0
Kevin Shackelford,0.0,1.0,0.0,0.0
Gavin Cecchini,0.00604838709677,0.09375,0.0767429760666,0.877016129032
Miguel Diaz,0.0,1.0,0.0,0.0
Andrew Toles,0.172580645161,0.893057722309,0.447658688866,0.314516129032
Daniel Mengden,0.0,1.0,0.0,0.0
Tomas Telis,0.0,1.0,0.0,0.0
Brandon Nimmo,0.0823087360401,0.769115290829,0.742504683617,-1.32654907282
Noah Syndergaard,0.0,1.0,0.0,0.0
Hector Sanchez,0.141532765642,0.872678856232,0.978469235618,-0.179459459459
Tom Wilhelmsen,0.0,1.0,0.0,0.0
Jesus Sucre,0.0876583314447,0.913677021591,0.381793132804,0.342549923195
Michael Brantley,0.0703949608444,0.721385651458,0.97228502676,1.67790262172
Carlos Rodon,0.0,1.0,0.0,0.0
Joc Pederson,0.139077528541,0.906842163903,1.15320540688,-0.886160289358
Phillip Ervin,0.0870279146141,0.691871921182,0.372742200328,0.825123152709
Jon Lester,0.0437876299945,0.613026819923,0.24497615138,-0.305418719212
Hyun Soo Kim,0.00552685763826,0.259762308998,0.179951441126,0.64725643897
Mark Canha,0.0880724538619,0.8190431732,0.558048530417,0.488721804511
Luiz Gohara,0.0,1.0,0.0,0.0
Matt Kemp,0.13947202076,0.957804621937,0.818384603925,2.83558453656
Yasmany Tomas,0.20559666975,0.952694427434,0.516169031826,-0.196808510638
Rickie Weeks Jr.,0.0554765291607,0.805898975627,0.252431663527,0.325746799431
Tyler Saladino,0.0,1.0,0.0,0.0
Brad Miller,0.0788179338638,0.969646838906,0.363437836198,-0.631941031941
Aaron Hill,0.00504201680672,0.0857142857143,0.0706870983688,0.887394957983
Jayson Aquino,0.0,1.0,0.0,0.0
Craig Gentry,0.0135390924865,0.475126294293,0.269921466094,0.420579420579
Zach Davies,0.0,1.0,0.0,0.0
Joe Mauer,0.05424048388,0.923208451463,0.509429558099,0.275150745795
Michael Pineda,0.0,1.0,0.0,0.0
Anthony Santander,0.0,1.0,0.0,0.0
Curt Casali,0.0666666666667,0.3,0.197530864198,-0.155555555556
Jered Weaver,0.0,1.0,0.0,0.0
Todd Frazier,0.197299637852,0.987049591611,0.749979530783,-0.805573925366
Lance McCullers,0.0,1.0,0.0,0.0
Chris Heisey,0.0156472261735,0.289473684211,0.193764176694,0.610241820768
Carlos Ruiz,0.0585389453314,0.757894191945,0.424295533587,-0.654088050314
Magneuris Sierra,0.0,1.0,0.0,0.0
Mac Williamson,0.115763546798,0.917739925218,0.239619985925,-0.169950738916
Kyle Barraclough,0.0,1.0,0.0,0.0
Vidal Nuno,0.0,1.0,0.0,0.0
Carl Edwards Jr.,0.0,1.0,0.0,0.0
Chase Headley,0.0715635333018,0.817722714074,1.20892935677,0.157770429854
Martin Perez,0.0,1.0,0.0,0.0
Ryan Raburn,0.0961538461538,0.858516483516,0.242461538462,-0.353846153846
Mike Foltynewicz,0.0,1.0,0.0,0.0
Manny Pina,0.102098395345,0.956430788816,0.538011888655,-0.345794392523
