Player,H.Slope,H.R^2,H.MAE,H.Intersect
Rougned Odor,0.82141131815,0.994165373024,2.21381698237,1.34299516908
Giovanny Urshela,0.566735347985,0.990281422695,0.803006238553,0.725961538462
Tim Adleman,0.117647058824,0.794117647059,0.267973856209,0.555555555556
Kevan Smith,0.908382470871,0.994804971171,1.23192318198,-0.769045709703
Chase Anderson,0.340434782609,0.959137996219,0.409939613527,-0.206666666667
Dominic Smith,0.807277212458,0.984489988312,1.15391009398,-0.902867715079
A.J. Reed,0.0,1.0,0.0,0.0
Dylan Covey,0.0,1.0,0.0,0.0
Matt Joyce,0.831105783638,0.99307583571,2.30900052495,-5.90080910998
Brandon Finnegan,0.0,1.0,0.0,0.0
Tony Watson,0.0,1.0,0.0,0.0
Michael Morse,0.28652173913,0.954026910755,0.352258454106,0.996666666667
J.T. Realmuto,1.0233014804,0.995126774844,2.21038270382,6.00911854103
Rafael Montero,0.180882352941,0.7705118411,0.369852941176,-0.169117647059
Emilio Pagan,0.0,1.0,0.0,0.0
Michael Wacha,0.0533661740558,0.747126436782,0.209066385175,0.743842364532
Jae-Gyun Hwang,0.37564499484,0.886608791856,0.591101937851,2.02923976608
Christian Vazquez,0.906357452072,0.98990800575,2.02596578025,3.30565656566
Zack Greinke,0.440934371524,0.922907551775,0.940155728587,-1.92688172043
Robbie Ray,0.431111111111,0.935681774718,0.702222222222,2.11111111111
Dustin McGowan,0.0,1.0,0.0,0.0
Carlos Moncrief,0.283882783883,0.913415774385,0.528588010069,1.90211640212
Garrett Cooper,1.31868131868,0.938905913803,1.07523245985,-1.2967032967
Jharel Cotton,0.0,1.0,0.0,0.0
Ian Krol,0.0,1.0,0.0,0.0
Joe Blanton,0.0,1.0,0.0,0.0
A.J. Pollock,0.959860935525,0.988327803897,2.76714319577,7.90628950695
Tyler Naquin,0.373684210526,0.921010962241,0.493074792244,2.26842105263
Albert Pujols,0.963402865953,0.996884020319,1.86082380024,0.0370469798658
Jordan Luplow,0.742368742369,0.964826638803,0.895340599044,-1.94708994709
Jabari Blash,0.623200889136,0.982019625426,1.09752060758,-1.83442622951
Robbie Grossman,0.82765722402,0.996775254473,1.2883222462,2.03223388306
Cesar Puello,0.394607843137,0.838541666667,0.685121107266,-0.0392156862745
Kirk Nieuwenhuis,0.120588235294,0.618014705882,0.352389705882,0.0955882352941
J.P. Crawford,0.659090909091,0.908292637115,1.22134387352,1.75
Sean Rodriguez,0.410405946255,0.964305534289,1.02936798688,0.550168350168
Jack Flaherty,0.0,1.0,0.0,0.0
Dan Straily,0.0938820912125,0.765816543009,0.325541960203,-0.294623655914
Aaron Blair,0.0,1.0,0.0,1.0
Nick Ahmed,0.846557006934,0.985634102981,1.33929098472,-1.68972746331
Brandon Moss,0.673559374159,0.994879464651,1.32755465768,-1.5658709107
Aaron Wilkerson,0.0,1.0,0.0,0.0
Jhan Marinez,0.228571428571,0.685714285714,0.222222222222,-0.238095238095
Orlando Calixte,0.172906403941,0.876501138304,0.435807711908,3.09655172414
Ubaldo Jimenez,0.0,1.0,0.0,1.0
Jacob Turner,0.0,1.0,0.0,0.0
Jared Hoying,0.360224089636,0.891057720076,0.926866746699,4.21904761905
Josh Reddick,1.16090277742,0.996649751674,2.12660511445,-4.45579858738
Sam Freeman,0.0,1.0,0.0,0.0
Matt Chapman,0.853742496117,0.994906746369,1.16655901976,-2.0395869191
Brian Anderson,0.878461538462,0.990289699245,0.4976,1.17846153846
Dee Gordon,1.26487078188,0.996412067422,2.92759970235,-3.30960251552
Marcus Semien,1.08862614813,0.993594035782,1.63303682075,-5.15759233926
Phillip Evans,0.601754385965,0.960243225596,0.546260387812,-0.363157894737
Adam Eaton,1.14328063241,0.988685847819,0.667468637223,0.641304347826
Danny Ortiz,0.116666666667,0.525,0.249382716049,0.311111111111
Dustin Garneau,0.520209059233,0.953257211281,1.17416503782,1.22996515679
Nick Williams,1.1275971093,0.99600077775,1.3514020394,-0.116230051189
Eugenio Suarez,0.86004330578,0.99367905491,2.69756339134,6.53895149437
Mat Latos,0.0,1.0,0.0,0.0
Stephen Cardullo,0.321428571429,0.693176631675,0.791111111111,-1.11666666667
Mike Trout,1.10261031571,0.993522404882,2.38745884577,4.73760488177
Miguel Montero,0.488762816131,0.959180938692,1.66394071303,5.44771018455
Leonys Martin,0.567645698427,0.947361359303,1.52016946484,0.220744680851
Rocky Gale,0.0,1.0,0.0,1.0
Jacob Hannemann,0.3,0.85078125,0.328925619835,-0.318181818182
Alejandro De Aza,0.407814407814,0.949321200225,0.587286513212,-0.338624338624
Tyler Austin,0.461654135338,0.839619784057,1.02,2.01428571429
Jimmy Nelson,0.233211233211,0.921586459517,0.435309546421,-0.47619047619
Tim Beckham,1.14144124803,0.994028678791,2.53103242156,-4.31934306569
Derek Holland,0.0,1.0,0.0,1.0
Peter Bourjos,0.457142857143,0.990512374417,1.08713688108,-1.4404040404
Henderson Alvarez,0.0,1.0,0.0,0.0
Melky Cabrera,1.23275093028,0.996109784715,2.90632426791,-4.67557603687
Robert Gsellman,0.235652173913,0.914487911176,0.411400966184,-0.293333333333
Jeremy Hellickson,0.146616541353,0.843369485661,0.296616541353,0.657142857143
Tyler Skaggs,0.0,1.0,0.0,0.0
Efren Navarro,0.690570299266,0.96082761775,0.686104409425,-0.750988142292
James McCann,0.906088621306,0.987313228275,2.44588227522,-6.25833186387
Rookie Davis,0.0,1.0,0.0,1.0
Felix Pena,0.0,1.0,0.0,0.0
Lance Lynn,0.127919911012,0.903611165013,0.301149425287,0.0451612903226
Jerad Eickhoff,0.235087719298,0.815440508629,0.481255771006,-0.536842105263
Jurickson Profar,0.364201016375,0.84749301777,0.793542425953,0.312252964427
Paulo Orlando,0.39028340081,0.956899356779,0.765645870099,1.37948717949
Christian Villanueva,1.03146853147,0.982086767455,0.324980574981,-0.0897435897436
Chad Wallach,0.257142857143,0.771428571429,0.209523809524,-0.142857142857
Breyvic Valera,0.3,0.75,0.2,-1.11022302463e-16
Miguel Cabrera,0.948578693288,0.993722221637,2.30309904667,1.7749753937
Rob Zastryzny,1.0,1.0,1.94289029309e-16,1.66533453694e-16
A.J. Cole,0.183333333333,0.504166666667,0.377777777778,-0.4
Antonio Bastardo,0.0,1.0,0.0,0.0
Nik Turley,0.0,1.0,0.0,0.0
John Hicks,0.736593498194,0.987520244082,1.11025284801,5.13715846995
Logan Forsythe,0.712229611532,0.986155071816,2.52577853452,2.18202535251
Rajai Davis,0.685176642448,0.993319572385,1.56830139307,2.76613616269
Renato Nunez,0.511904761905,0.85483125289,0.401785714286,-0.666666666667
Ryan Tepera,0.0,1.0,0.0,0.0
Edwin Encarnacion,0.956391647568,0.995594348481,2.34522797037,-2.8556998557
J.D. Martinez,1.06432735392,0.992759274771,2.40005940599,0.713457916848
Mason Williams,0.7,0.942307692308,0.2,1.0
Andrew Stevenson,0.335370511841,0.949711668009,0.639464341886,-0.739495798319
J.J. Hardy,0.75907071455,0.996125571147,0.813176753409,0.413180303591
Chase d'Arnaud,0.380392156863,0.949781425493,0.702104841937,-0.12380952381
Josh Smoker,0.0,1.0,0.0,0.0
Edwin Jackson,0.169117647059,0.889075630252,0.232536764706,-0.205882352941
J.T. Riddle,0.892957746479,0.986639919184,1.7814084507,-4.30704225352
Michael Taylor,1.00420579184,0.99653832891,1.57226873977,-5.50059970015
Quintin Berry,0.0,1.0,0.0,0.0
Julio Urias,0.4,0.8,0.2,-0.1
Matt Shoemaker,0.0,1.0,0.0,0.0
Delino DeShields,0.872753169064,0.99378196588,1.93595970791,-2.83697478992
Chris Iannetta,0.746475995914,0.991112508855,1.38713890579,-0.856179775281
Kenley Jansen,0.6,0.9,0.2,0.1
Christian Colon,0.339130434783,0.902804570411,0.676268115942,0.35
Christian Walker,0.318181818182,0.862676056338,0.338842975207,-0.5
Gregory Polanco,0.912243848067,0.994976054978,1.60598592597,0.815324498811
Jake Arrieta,0.288669950739,0.954036783908,0.435264141328,0.71724137931
Jhonny Peralta,0.490909090909,0.965041199514,0.453927025356,0.805194805195
Juan Lagares,0.729316376507,0.976367012291,2.50721988235,-6.59902319902
Anthony Recker,0.257142857143,0.771428571429,0.209523809524,-0.142857142857
Wilmer Flores,0.871960657536,0.985712386225,2.60076324262,0.48701973001
Austin Hays,0.857894736842,0.9467626412,0.95,-1.7
Javy Guerra,0.0,1.0,0.0,0.0
Gregor Blanco,0.622578919208,0.973281425181,2.32721954699,2.7619047619
Drew Stubbs,0.242424242424,0.757575757576,0.328484848485,0.309090909091
Aaron Altherr,0.983872836738,0.997084379228,1.31732021002,0.535355316523
Brad Peacock,1.0,1.0,2.59052039079e-16,3.33066907388e-16
Avisail Garcia,1.23767877405,0.996552334373,2.16362767764,3.76152570481
Carlos Carrasco,0.0,1.0,0.0,0.0
Mike Fiers,0.0,1.0,0.0,0.0
Hyun-Jin Ryu,0.171428571429,0.781578947368,0.448072562358,0.904761904762
Scott Van Slyke,0.199507389163,0.945607056382,0.330728724308,0.0689655172414
Tyler Smith,0.290909090909,0.727272727273,0.429090909091,0.490909090909
Adam Jones,1.15117983513,0.998002081069,1.80207031471,-0.893270821842
Luis Valbuena,0.592598420477,0.995416543489,1.13901254464,0.278864261915
Steven Okert,0.0,1.0,0.0,0.0
Albert Almora Jr.,0.674531575295,0.997396383001,1.05435686626,0.323386537127
Kelby Tomlinson,0.49882484734,0.97165495448,2.09162394774,-1.85754294249
Jim Adduci,0.560098522167,0.956006241403,0.764022422286,5.33103448276
Zack Cozart,1.05558437782,0.993107182847,2.72261267556,7.21911235506
Will Middlebrooks,0.307792207792,0.901106951872,0.526077097506,1.87445887446
Alex Meyer,0.0,1.0,0.0,1.0
Nick Wittgren,0.0,1.0,0.0,0.0
Freddie Freeman,1.18108179259,0.997975456378,1.45260417536,3.69870327994
Jeremy Jeffress,0.0,1.0,0.0,0.0
C.J. Cron,0.877431743174,0.990205034084,2.01501494149,-1.35287128713
Cesar Hernandez,1.17829185868,0.997345920191,1.72101338249,3.5859047619
Michael Fulmer,0.0,1.0,0.0,0.0
Cody Bellinger,0.982494403949,0.99748843293,1.53197915772,1.78298017772
Travis Wood,0.314685314685,0.758616383616,0.520007770008,-0.0641025641026
Corey Kluber,0.0,1.0,0.0,1.0
Hector Rondon,1.0,1.0,1.94289029309e-16,1.66533453694e-16
Carlos Gomez,0.918521284541,0.995471830073,1.4966593899,-0.323076923077
Freddy Galvis,1.01533914497,0.9954847445,2.63307291862,-4.05455974843
Tucker Barnhart,0.808359300908,0.997900837203,1.04801248683,1.82075599512
Blake Wood,0.0,1.0,0.0,0.0
John Bormann,0.0,1.0,0.0,0.0
Tommy Joseph,0.906118387964,0.995131433716,2.07130496037,-0.882370820669
Chase Bradford,0.0,1.0,0.0,0.0
Tyler Wade,0.28765294772,0.948008312833,0.481275491287,0.995698924731
Tony Wolters,0.675101489971,0.956378453225,2.86920090966,6.49985307082
Jose Reyes,0.87227336643,0.991659943454,2.71977010652,-6.81217374175
Josh Lindblom,0.0,1.0,0.0,0.0
Kristopher Negron,0.232967032967,0.785734265734,0.411930926217,0.628571428571
Rich Hill,0.20652173913,0.872363796134,0.433837429112,-0.663043478261
Logan Morrison,0.856282182744,0.996654440694,1.80583893418,0.772719027753
Mike Tauchman,0.125403225806,0.867297345768,0.348204994797,1.08669354839
Michael Saunders,0.644752074088,0.959520135692,2.35474473766,4.34741248097
Curtis Granderson,0.67866927593,0.9859275332,2.76472669758,-0.0254403131116
Devin Mesoraco,0.579152426521,0.97211330162,1.28081486183,2.03759398496
Tommy Milone,0.214285714286,0.75,0.204081632653,-0.0714285714286
Travis Taijeron,0.437692307692,0.96440103422,0.505784615385,-0.732307692308
Willson Contreras,0.918044823742,0.989713503999,2.75579226302,-2.81343943413
Luke Voit,0.429276522878,0.96212305045,1.22491939749,3.92319508449
Jaime Garcia,0.375,0.947955390335,0.328125,-0.625
Micah Johnson,0.0882352941176,0.421875,0.404844290657,-0.411764705882
Aledmys Diaz,0.993962999026,0.990288858782,1.86640701071,2.79240506329
Erick Aybar,0.753619780952,0.99408884596,1.47210352062,-2.6240913811
Stephen Drew,0.59784150478,0.965604717254,1.13349957769,-0.0601295097132
Kevin Quackenbush,0.0,1.0,0.0,0.0
Jayson Werth,0.811110139095,0.971358397828,2.45746428884,4.51670020121
Carlos Beltran,0.855601520572,0.993780876217,1.96224657126,3.59033989267
Kevin Kiermaier,1.10668222303,0.982590813917,3.71762858884,-4.71490414348
Jacob Stallings,1.0,0.78125,0.64,0.2
Seth Smith,0.806028431028,0.993171866265,1.68118574875,3.07384169884
Willie Calhoun,0.659340659341,0.719280719281,1.38461538462,-0.956043956044
Brandon Phillips,1.14029515086,0.997544732481,2.01966555064,0.206876456877
Chris O'Grady,0.0,1.0,0.0,0.0
Giancarlo Stanton,1.06364102416,0.997538302332,1.93588873975,-0.0274659660855
Derek Norris,0.666666666667,0.981712357768,1.13017681263,1.06289308176
Johnny Cueto,0.129230769231,0.710430930326,0.5088,0.209230769231
Drew Pomeranz,0.0,1.0,0.0,0.0
Collin McHugh,0.0,1.0,0.0,0.0
Chris Taylor,1.13646722374,0.993615523279,3.00694928217,-4.29393627955
Jose Peraza,0.895901047309,0.994353439567,2.31731466603,4.7127039627
Antonio Senzatela,0.266917293233,0.831919570656,0.584887218045,0.0142857142857
Franchy Cordero,0.743047830923,0.909832249713,1.61833642319,2.95913978495
Brian Duensing,0.0,1.0,0.0,0.0
David Washington,0.0,1.0,0.0,0.0
Jorge de la Rosa,0.0,1.0,0.0,0.0
Christian Bergman,0.0,1.0,0.0,0.0
James Hoyt,0.0,1.0,0.0,0.0
Joey Rickard,0.600684450684,0.993945419895,1.19699531051,0.448841698842
Austin Hedges,0.724001666782,0.996441831584,1.24101970816,-2.06143250689
Jimmy Yacabonis,0.0,1.0,0.0,0.0
Ryan McMahon,0.0906862745098,0.518560606061,0.347750865052,1.09803921569
Jordan Zimmermann,0.5,0.75,0.222222222222,-0.166666666667
T.J. McFarland,0.3,0.6,0.25,-0.2
Kyle Kendrick,0.0,1.0,0.0,0.0
Jose Osuna,0.528651445642,0.981884935514,1.76703748082,1.61098901099
Mike Montgomery,0.294736842105,0.76862745098,0.770083102493,-1.28421052632
Buster Posey,1.0901183005,0.99610456562,2.28234714183,6.1367781155
Martin Maldonado,0.694177251027,0.987923404285,2.67069181573,4.39088729017
Yangervis Solarte,0.930047806524,0.995676644757,1.84302565034,0.800688976378
Yoenis Cespedes,1.04762872629,0.997664380041,0.94126992093,-0.0903342366757
Cam Perkins,0.374604975286,0.956719406931,0.784581785068,1.10631229236
Paul Sewald,0.0,1.0,0.0,0.0
Jose Torres,0.0,1.0,0.0,1.0
Justin Grimm,0.0,1.0,0.0,0.0
Clint Frazier,0.863989495568,0.95006420842,1.8908149573,3.22672064777
Tyler Lyons,0.0,1.0,0.0,0.0
Cliff Pennington,0.614310709339,0.993747759705,0.955741917139,-2.11650992685
Jesen Therrien,0.0,1.0,0.0,0.0
Anibal Sanchez,0.0,1.0,0.0,0.0
Chris Coghlan,0.447619047619,0.946300776131,0.893605442177,1.04761904762
Christian Bethancourt,0.214285714286,0.75,0.204081632653,-0.0714285714286
Nolan Fontana,0.0944055944056,0.566433566434,0.25,0.230769230769
Mark Leiter,0.160714285714,0.860969387755,0.24,0.075
John Lackey,0.174416017798,0.925601249684,0.350774935113,2.20430107527
Josh Ravin,0.0,1.0,0.0,0.0
Richard Urena,0.7,0.853068475452,1.51020408163,2.28571428571
Ryan Rua,0.479166666667,0.98208006062,1.00570042832,-0.50496031746
Tony Sipp,0.0,1.0,0.0,0.0
Jackie Bradley Jr.,0.983843195776,0.990367227769,3.09497602122,-2.50991114149
Hunter Pence,0.943144836311,0.995952517874,1.93252420285,1.10582426215
Rymer Liriano,0.420779220779,0.967223587224,0.389198103484,0.411255411255
Wilson Ramos,0.815453296703,0.963875360972,2.37839972527,-1.51490384615
Nick Pivetta,0.124782608696,0.854376350592,0.293248792271,0.606666666667
Anthony Banda,0.0,1.0,0.0,0.0
O'Koyea Dickson,0.228571428571,0.685714285714,0.222222222222,-0.238095238095
Clay Buchholz,0.0,1.0,0.0,0.0
Max Stassi,0.193406593407,0.783805668016,0.331868131868,2.02857142857
David Price,0.0,1.0,0.0,1.0
Jason Castro,0.762247819129,0.997004571519,1.05047515026,0.0029484029484
Chris Rusin,0.316666666667,0.796323529412,0.338271604938,0.955555555556
Franklin Barreto,0.463076923077,0.965813150264,0.498092307692,2.56307692308
Rick Porcello,0.0,1.0,0.0,0.0
Jarrett Parker,0.890948379352,0.982713503154,1.43164657863,-0.668235294118
Adam Wilk,0.0,1.0,0.0,0.0
Evan Gattis,0.968735445986,0.994742125521,1.38190312269,0.392717086835
Stephen Vogt,0.620915275201,0.995159529796,0.992576351018,2.66606060606
Julio Teheran,0.222408963585,0.866135804097,0.696470588235,-0.12380952381
Matt Wisler,0.0,1.0,0.0,0.0
Lewis Brinson,0.257142857143,0.919904363419,0.357142857143,0.657142857143
Jose Ramirez,1.26284418647,0.993586890591,3.67946537592,-2.94711409396
Jake Thompson,0.321428571429,0.738601823708,0.375,0.25
Darrell Ceciliani,1.0,0.75,0.444444444444,-0.333333333333
Drew Butera,0.561024182077,0.976418714761,1.39240866129,-0.304561403509
Kolten Wong,1.04457263773,0.994185338441,2.01766085646,-2.84006348087
Ruben Tejada,0.708013937282,0.954050126043,1.60336534376,-0.574912891986
Ramon Flores,0.5,0.75,0.222222222222,-0.166666666667
Pedro Alvarez,0.8,0.894035087719,0.942857142857,-1.91428571429
Clayton Kershaw,0.347826086957,0.979819067502,0.275992438563,1.13043478261
Neil Walker,0.974677095778,0.991916804352,2.39370941796,0.00737100737099
Greg Allen,0.279230769231,0.910208057029,0.475876923077,1.80923076923
Austin Brice,0.0,1.0,0.0,0.0
Alex Presley,1.12954247222,0.983253222582,2.49304522789,-4.32635814889
Ricardo Pinto,0.0,1.0,0.0,0.0
Francisco Lindor,1.14582668205,0.994601878709,3.19211791038,-1.53233708966
Matt Grace,0.0,1.0,0.0,0.0
Dietrich Enns,0.0,1.0,0.0,1.0
Archie Bradley,0.3,0.6,0.25,-0.2
Alex Verdugo,0.23956043956,0.842325416519,0.334065934066,0.942857142857
Jesse Chavez,0.0,1.0,0.0,0.0
Shin-Soo Choo,0.985929361768,0.997714102492,1.68442579036,-2.30364592781
Rob Brantly,0.697802197802,0.942775309797,0.568892645816,-0.186813186813
Bartolo Colon,0.0,1.0,0.0,0.0
Matt den Dekker,0.3,0.6,0.25,-0.2
Phil Gosselin,0.18818011257,0.923408282329,0.529479362101,0.130487804878
Chasen Shreve,0.0,1.0,0.0,0.0
Eduardo Nunez,1.3262185861,0.990492172586,3.69368939518,-5.33485888635
Eric Young,0.555157261795,0.907198304309,2.12332946248,6.38031914894
Brandon Belt,0.867118318575,0.995220421843,1.44826280889,0.593406593407
Mike Napoli,0.70737511447,0.996888657253,1.1563280274,-0.727117755049
Cory Gearrin,0.0,1.0,0.0,0.0
Edwin Diaz,0.0,1.0,0.0,0.0
Justin Smoak,1.03784134111,0.995644607303,2.56827043512,-1.67773925663
Gregory Bird,0.583371877891,0.96315380263,1.25907355286,-1.94946808511
Andrew Miller,0.0,1.0,0.0,0.0
Jacoby Ellsbury,0.769857844858,0.985278707279,2.60297659892,5.74790862291
Ryon Healy,1.05907487023,0.995606601179,2.49140469996,-1.2852546424
Nick Martinez,0.0,1.0,0.0,0.0
Alberto Rosario,0.0,1.0,0.0,0.0
Ben Lively,0.505494505495,0.916017316017,0.486897717667,0.274725274725
Ryan LaMarre,0.0,1.0,0.0,0.0
Kenta Maeda,0.218803418803,0.926906539941,0.376199868508,-0.042735042735
R.A. Dickey,0.233815350389,0.938177398546,0.420610554938,0.976344086022
Troy Tulowitzki,0.919298611836,0.99403560041,1.12713293039,-0.468113975577
Wade Miley,1.0,1.0,1.94289029309e-16,1.66533453694e-16
Brandon Guyer,0.569492144684,0.974152371058,1.53604726074,-1.73954451346
Alex Wood,0.108376068376,0.844268010922,0.295332018409,0.222222222222
JaCoby Jones,0.402248904136,0.977953211296,0.735246243003,0.692255892256
Albert Suarez,0.0,1.0,0.0,0.0
Jace Peterson,0.416998344546,0.973701452554,1.55830112616,2.49693564862
Omar Narvaez,0.783421821624,0.99693558556,0.868582342889,-1.17338217338
Colin Moran,0.214285714286,0.642857142857,0.285714285714,2.35714285714
Brandon Crawford,0.871203913457,0.994693304994,2.2492792673,2.10955710956
Mike Ohlman,0.464285714286,0.880208333333,0.295918367347,0.464285714286
Daniel Descalso,0.693613186033,0.98578089924,2.44541853427,-7.4534351145
Zack Godley,0.07,0.637,0.3024,0.76
Yan Gomes,0.750549450549,0.99521282668,1.32043956044,-1.37142857143
Danny Valencia,0.991112810499,0.992135485975,2.68656083078,-2.41139166177
Jason Kipnis,0.936256207953,0.995337101829,1.3339500594,-1.51123595506
Mitch Moreland,0.814919836972,0.994688350552,2.00800959953,6.42771630691
Madison Bumgarner,0.435714285714,0.942502532928,0.380952380952,1.15
Juan Nicasio,0.0,1.0,0.0,0.0
Alex Avila,0.71973553832,0.983136518318,2.55570701582,6.60824905183
Wei-Yin Chen,0.0,1.0,0.0,1.0
Robert Stephenson,0.0464285714286,0.348214285714,0.216507936508,0.541666666667
Joe Ross,0.3,0.942649903288,0.327977839335,-0.0684210526316
Carlos Perez,0.163636363636,0.736363636364,0.274380165289,0.181818181818
Ramon Torres,0.487967914439,0.909278083139,1.23043266894,4.07130124777
Ty Blach,0.362637362637,0.956575332562,0.492560937005,0.026455026455
Ryan Zimmerman,1.06674087076,0.988619293659,3.98107127752,11.3919688343
Francisco Pena,1.2,0.9,0.48,0.6
Matt Carpenter,0.872549985226,0.9959194254,1.96126812221,-0.293706293706
Junichi Tazawa,0.0,1.0,0.0,0.0
Trevor Plouffe,0.570345034503,0.967998376487,2.57972373237,4.98792079208
Nick Hundley,0.728898889889,0.991896535599,1.61849660966,-0.350495049505
Ezequiel Carrera,0.618268718677,0.963719561309,3.94365939513,8.78320610687
Cory Spangenberg,0.931334119209,0.996776270514,1.61291076962,0.508720930233
Shane Robinson,0.291729323308,0.873387171633,0.513383458647,0.628571428571
Nori Aoki,0.81745691503,0.989223272776,2.06200079108,0.729018008835
Aaron Judge,0.995031403987,0.981554250759,5.22150051294,7.67776057792
Kyle Freeland,0.300766283525,0.829465860963,0.971127531472,1.68965517241
David Freitas,0.714285714286,0.824175824176,0.47619047619,1.04761904762
David Phelps,0.0,1.0,0.0,0.0
Hansel Robles,0.0,1.0,0.0,0.0
Chris Carter,0.622051824432,0.983537376621,1.1095577845,-0.514013749339
Michael Martinez,0.274725274725,0.929780525881,0.49017923092,-0.534391534392
Ildemaro Vargas,0.241258741259,0.584100110416,0.509906759907,-0.576923076923
Manuel Margot,1.05585253456,0.997529387571,1.53599410138,1.90514285714
Jett Bandy,0.566240622395,0.911882543268,2.5608270816,6.54590163934
Jorge Soler,0.502521008403,0.926947535771,1.12701080432,0.0285714285714
Jeff Locke,0.0,1.0,0.0,0.0
Jarred Cosart,0.0,1.0,0.0,0.0
Blake Swihart,0.142857142857,0.428571428571,0.238095238095,0.47619047619
Lorenzo Cain,1.17126278884,0.994441126973,3.14632448712,-4.19349845201
Edinson Volquez,0.210714285714,0.914128151261,0.24,1.925
Hector Velazquez,0.0,1.0,0.0,0.0
Daniel Gossett,0.0,1.0,0.0,1.0
Odubel Herrera,1.11723169115,0.994528246369,2.67394663263,-3.3002221517
Luis Sardinas,0.330541871921,0.968676850258,0.405741464243,-0.662068965517
Mitch Haniger,0.987879815518,0.979434065813,3.34570018124,3.14862542955
Andrew Knapp,0.834199134199,0.996639959547,0.635245966155,-0.35974025974
Craig Stammen,0.452380952381,0.859523809524,0.363095238095,-0.583333333333
Zack Wheeler,0.153571428571,0.678449119374,0.384920634921,0.391666666667
Alex Cobb,0.0,1.0,0.0,0.0
Franklin Gutierrez,0.340056022409,0.919965643204,0.854773909564,2.13333333333
Nomar Mazara,0.923801626582,0.994018132482,2.4791875874,4.4789588246
Jose Altuve,1.46287568336,0.994346325683,4.18822572855,-6.7642384106
John Brebbia,0.0,1.0,0.0,0.0
Marwin Gonzalez,1.09877747805,0.995734133675,2.20261036268,-6.54568238779
Jackson Stephens,0.4,0.8,0.2,0.9
Cole Hamels,0.0,1.0,0.0,0.0
Brandon Woodruff,0.285714285714,0.428571428571,0.47619047619,0.952380952381
Luis Severino,1.0,1.0,1.94289029309e-16,1.66533453694e-16
Brian McCann,0.86712339575,0.9937185738,1.61599049759,3.28529349884
Lonnie Chisenhall,0.916893865628,0.98574816353,2.20855385601,-1.16392405063
Barrett Astin,0.0,1.0,0.0,0.0
Justin Verlander,1.0,1.0,1.94289029309e-16,1.66533453694e-16
Hanley Ramirez,0.920872618743,0.996354351129,1.75970120557,1.5010252905
Max Scherzer,0.379532814238,0.952180854544,0.606822395254,0.496774193548
Jon Jay,0.793278082701,0.991022951509,2.57792638317,-3.88996960486
Trevor Cahill,0.551515151515,0.932860200518,0.355151515152,-0.581818181818
Ryan Goins,0.690438419836,0.989897626669,2.39390664163,-4.09140155619
Rio Ruiz,0.559547511312,0.967281732477,1.22129003638,1.48190045249
Gift Ngoepe,0.33798576902,0.934854254737,0.558057705841,3.18719211823
Mookie Betts,1.09280578736,0.997757308236,1.92423482344,2.74974200206
Ryan Flaherty,0.457509881423,0.895263272193,0.874462966145,-0.163043478261
Enny Romero,0.0,1.0,0.0,0.0
Mikie Mahtook,0.988792883873,0.9899729751,2.409190846,-8.64901349948
Eddie Butler,0.136363636364,0.75,0.206611570248,-0.227272727273
Kendrys Morales,0.927828768366,0.995980581154,2.16244030887,2.95140939597
Scooter Gennett,0.999970032964,0.993425949609,2.67130794424,-7.12556188193
Tyler Collins,0.556836734694,0.920577748238,1.83146189088,5.57469387755
Lane Adams,0.318281255102,0.942561421255,1.59991542613,-1.50014692918
Niko Goodrum,0.127272727273,0.7,0.218181818182,-3.33066907388e-16
Trey Mancini,1.08986845386,0.997859806584,1.71631768812,-2.12502298217
Jeff Samardzija,0.205548128342,0.968337805178,0.291767946848,-0.561497326203
Jordan Montgomery,0.0,1.0,0.0,0.0
Brett Phillips,0.594120436226,0.951236964493,1.20072277114,-1.2347083926
Sam Gaviglio,1.0,1.0,1.94289029309e-16,1.66533453694e-16
Jen-Ho Tseng,0.0,1.0,0.0,0.0
Brian Dozier,1.12226386297,0.997994832048,1.78636575334,-2.19056811914
Jake Odorizzi,1.0,1.0,1.94289029309e-16,1.66533453694e-16
Mike Clevinger,0.0,1.0,0.0,0.0
Jeimer Candelario,1.06696575118,0.982420011404,1.26065272603,-3.34412955466
German Marquez,0.391111111111,0.931551000071,0.64255095332,-0.504273504274
Brett Eibner,0.362745098039,0.826690821256,0.700115340254,1.03921568627
Deck McGuire,0.0,1.0,0.0,0.0
Chris Herrmann,0.361800639847,0.980952824036,1.29301819775,0.0998060306824
Ian Parmley,0.0,1.0,0.0,0.0
Bronson Arroyo,0.35,0.863255033557,0.508888888889,-0.983333333333
Bryce Harper,1.23127606339,0.994499859002,2.57985630227,3.0798999166
Didi Gregorius,1.15494638904,0.995620495967,2.51240393247,5.7960947144
Colby Rasmus,0.915836889521,0.984843679137,0.979111401587,-0.620199146515
Nick Markakis,1.03050370628,0.997498726091,1.96222658819,4.17442430181
Grant Green,0.0,1.0,0.0,0.0
Stephen Piscotty,0.792535766121,0.995453179236,1.32332494101,1.4167115903
Brett Gardner,1.04586376542,0.996505389185,2.13324930523,-0.431797569381
Justin Turner,1.13031641324,0.991012771062,3.3256090437,8.58998211091
Jeurys Familia,0.0,1.0,0.0,0.0
Joey Gallo,0.644303110682,0.994060547877,1.57821322196,0.286494252874
Amir Garrett,0.122377622378,0.734265734266,0.21114996115,-0.25641025641
Jose Martinez,0.772095380348,0.986496581306,2.18737689681,-0.849450549451
Travis d'Arnaud,0.771726921727,0.994673691839,1.51729388216,-1.95849420849
Cheslor Cuthbert,0.624657787074,0.989791245104,0.838214563394,-1.40619520748
Marcell Ozuna,1.18055126651,0.99823989993,1.88026508683,2.89634583234
Kyle Schwarber,0.655512075134,0.989995914685,2.14869437395,1.24877757901
Randal Grichuk,0.850799349682,0.995486636047,1.61553508506,1.09253488687
Christian Yelich,1.10700589733,0.99740203946,2.15711846946,-0.471712158809
Mike Moustakas,1.08492572277,0.996341159698,2.12186283305,0.664802907464
Anthony Rendon,1.09523457763,0.998082539892,1.54610519655,-0.817599067599
Raimel Tapia,0.757690902448,0.963771415592,2.35616061169,-1.41366459627
Shane Peterson,0.582869855395,0.9616618521,0.863997033741,2.54838709677
Josh Tomlin,0.5,0.75,0.222222222222,0.166666666667
Ross Stripling,0.0,1.0,0.0,0.0
Josh Hader,0.0,1.0,0.0,0.0
Yovani Gallardo,0.0,1.0,0.0,1.0
Chris Devenski,0.0,1.0,0.0,0.0
Tommy La Stella,0.504010860175,0.985652682312,1.03691005699,-0.843021103295
Tommy Pham,1.09202755906,0.99621247622,2.16598983198,0.343996062992
Rey Fuentes,0.548672161172,0.968439903863,1.51372410142,0.841826923077
Arismendy Alcantara,0.294269967632,0.897597430403,1.80085231888,1.43340040241
Kurt Suzuki,0.984915611814,0.988872194987,1.82490506329,-5.81666666667
Josh Harrison,1.05439994964,0.995031929642,2.2671009756,1.89716569767
Ryan Schimpf,0.529430736978,0.974427413351,1.03644877728,-0.595387840671
Taijuan Walker,0.553846153846,0.972038881555,0.528984615385,-1.12615384615
Brett Anderson,0.3,0.6,0.25,-0.2
Austin Barnes,0.632184041934,0.996379761001,0.895111321266,0.866045428072
Matt Reynolds,0.401907574427,0.954450569446,1.42464229257,-2.59130816506
Brian Ellington,0.0,1.0,0.0,0.0
Gio Gonzalez,0.225583982202,0.841789099436,0.735399826968,0.795698924731
Charlie Morton,0.0,1.0,0.0,0.0
Kyle Higashioka,0.0,1.0,0.0,0.0
Roberto Perez,0.67562222651,0.978078160852,1.80142345703,-2.58181126332
Addison Russell,0.741877490501,0.989911447811,1.90367916179,4.10375312761
Masahiro Tanaka,0.0,1.0,0.0,0.0
Jacob deGrom,0.491520244461,0.914031441033,1.28490540601,0.860504201681
Erick Fedde,0.0,1.0,0.0,0.0
Jonathan Villar,0.81891210458,0.995333059258,1.60016253626,0.373850459816
Bryan Holaday,0.346153846154,0.828947368421,0.491124260355,1.69230769231
Justin Upton,1.06834088533,0.99788844182,1.74334131236,-4.29112931335
Luke Jackson,0.0,1.0,0.0,0.0
Tomas Nido,0.8,0.941176470588,0.24,0.2
Nick Tepesch,0.0,1.0,0.0,0.0
Luke Sims,0.0818181818182,0.45,0.242975206612,-0.227272727273
Jose Bautista,0.799608035277,0.989324666348,3.2512133737,0.902172137841
Carlos Asuaje,0.968026839491,0.992947143083,1.70608923763,1.90219611849
Jakob Junis,0.0,1.0,0.0,0.0
Bruce Maxwell,0.646944634313,0.971355729756,2.14288664244,1.55536568694
Matt Olson,0.95624837957,0.985604815935,1.57578610774,-4.61705989111
Juan Centeno,0.3308865048,0.760661344486,0.964940198142,4.98023715415
Raudy Read,0.452380952381,0.859523809524,0.363095238095,0.416666666667
Hernan Perez,0.879528826456,0.99176085236,2.64002175036,1.50119825708
Alen Hanson,0.465702697937,0.981129202623,1.6612623643,-3.27014635867
Chris Archer,1.0,1.0,2.59052039079e-16,3.33066907388e-16
Fernando Salas,0.0,1.0,0.0,1.0
Tim Federowicz,0.181318681319,0.617346938776,0.445477599324,0.0659340659341
Daniel Robertson,0.674431691966,0.985931372019,1.44811751403,-2.0627027027
Seth Lugo,0.183823529412,0.87453358209,0.285467128028,1.41176470588
Brock Stewart,0.3,0.75,0.2,-0.2
Gary Sanchez,1.07864787969,0.996484721533,1.87940333736,-0.727137244276
Ariel Miranda,0.0,1.0,0.0,0.0
Trevor Bauer,0.0,1.0,0.0,0.0
Michael Feliz,0.0,1.0,0.0,0.0
Leury Garcia,1.03847957788,0.996343146735,1.25897389325,-2.35731874145
Ian Kinsler,0.978102189781,0.997295958199,1.71943097661,-0.248175182482
Juan Graterol,0.382544507165,0.891788429932,1.59457169393,2.59353741497
Adam Conley,0.202941176471,0.875183823529,0.300735294118,0.477941176471
Adam Wainwright,0.405217391304,0.956915393655,0.489371980676,1.17333333333
Mike Zunino,0.772239181747,0.987922077541,2.51714332124,-2.19432258065
Greg Garcia,0.462088293386,0.985968880668,1.76841773692,-0.745662734212
Raisel Iglesias,0.0,1.0,0.0,1.0
Jorge Alfaro,1.07931034483,0.98483930264,0.842806183115,3.33793103448
Mark Reynolds,0.939342350072,0.99279075334,3.00142940735,7.82918646911
Yolmer Sanchez,0.891322221726,0.992482144983,2.77346863918,2.52754367934
Matt Moore,0.231034482759,0.940245362059,0.394768133175,-0.71724137931
Manny Machado,1.11421346272,0.988992821436,4.56086893619,-8.87718438674
Taylor Motter,0.551484980657,0.981682939118,1.59690369086,4.27699859748
Billy Hamilton,1.04165065463,0.997324297872,1.75205545024,1.88150051387
Starlin Castro,1.19378761581,0.994042876528,2.50956698149,6.64766584767
Yoan Moncada,0.927158376215,0.968959111898,2.21637478912,-4.45858585859
Homer Bailey,0.433823529412,0.954221491228,0.386678200692,-0.294117647059
Ivan Nova,0.0467980295567,0.678571428571,0.227280448446,-3.33066907388e-16
Chance Sisco,0.70303030303,0.961692395655,0.329696969697,-0.563636363636
Francisco Cervelli,0.878500451671,0.992453902268,1.45303549057,-1.27582053598
Patrick Corbin,0.175467914439,0.867079754035,0.492471506509,-0.655971479501
Chris Marrero,0.439285714286,0.916835003232,0.456984126984,-0.808333333333
Chris Flexen,0.266666666667,0.872727272727,0.227160493827,0.0444444444444
Yacksel Rios,0.0,1.0,0.0,0.0
Vance Worley,0.217750257998,0.866892536558,0.362458433666,0.649122807018
Max Fried,0.0,1.0,0.0,0.0
Tyler Mahle,0.0,1.0,0.0,1.0
Yasiel Puig,0.852157546183,0.998294278046,1.23959143066,1.25374695016
Dillon Peters,0.0,1.0,0.0,0.0
Tzu-Wei Lin,0.780869565217,0.943346461298,1.09927536232,-0.146666666667
Robinson Chirinos,0.763710330739,0.982390340134,2.10839222417,-0.198672114402
Luis Avilan,0.0,1.0,0.0,0.0
Mitch Garver,0.380434782609,0.827702702703,1.00189035917,1.85869565217
Tony Kemp,0.40931372549,0.795918949772,0.90830449827,0.372549019608
Derek Fisher,0.498790517658,0.926666033175,1.86795191281,6.10691823899
Dallas Keuchel,0.0,1.0,0.0,0.0
Dixon Machado,0.644082438603,0.991829448204,1.02291895949,-1.04998148834
Miguel Sano,1.05516634232,0.9959716324,1.67399404363,0.865054211843
Ricky Nolasco,0.0,1.0,0.0,0.0
Corey Seager,1.14902377578,0.994814456231,2.90999907698,-1.56419461502
Ben Gamel,1.05742465617,0.978918870995,5.50202974578,7.74096185738
Pedro Florimon,1.32747252747,0.988822030682,0.445525902669,-1.05714285714
Justin Bour,1.08448845828,0.996379443647,1.62714486869,-5.41828066599
Dansby Swanson,0.821238066698,0.99257465367,2.43371215675,-2.95474977525
Kyle Hendricks,0.159130434783,0.66435443875,0.684009661836,1.08666666667
Rob Scahill,0.0,1.0,0.0,0.0
Brad Hand,0.0,1.0,0.0,0.0
Amed Rosario,0.973386034256,0.992735508156,0.898972332016,-0.747826086957
Jake Smolinski,0.386764705882,0.795457420505,0.735845588235,-0.338235294118
Matt Davidson,0.788480270947,0.991466979324,2.11012075504,2.80660582355
Pete Kozma,0.149190283401,0.903534832657,0.435243434029,-0.296153846154
Jason Hammel,0.0,1.0,0.0,0.0
Emilio Bonifacio,0.163584637269,0.896858062463,0.50385565621,0.105263157895
Jose Berrios,0.0,1.0,0.0,1.0
Brian Johnson,0.0,1.0,0.0,0.0
Jhoulys Chacin,0.375366568915,0.954080959526,0.62565295088,1.49431818182
Trea Turner,1.22292499474,0.996750208417,1.51505587356,-0.94782242794
Travis Jankowski,0.47619047619,0.965399636944,0.569468939839,0.291005291005
Luis Perdomo,0.169108669109,0.826642964878,0.509609731832,0.690476190476
Jeff Hoffman,0.207352941176,0.771927781013,0.4375,0.507352941176
John Jaso,0.514681664792,0.95136826022,3.50963440681,-1.99300087489
Matt Bowman,0.0,1.0,0.0,0.0
Jordy Mercer,0.91272240592,0.990867043217,3.07340793467,-1.15739253661
Christian Arroyo,0.713521772345,0.960565921225,1.2365074372,2.6974789916
Andrew Albers,0.0,1.0,0.0,1.0
Wily Peralta,0.22619047619,0.554531490015,0.375,1.83333333333
Jason Vargas,0.0,1.0,0.0,1.0
Jorge Polanco,0.925858111354,0.987740798226,2.92433893244,0.948993754337
Andres Blanco,0.283463372071,0.981334380041,0.647480075912,0.907172995781
Whit Merrifield,1.23122065728,0.997990392511,1.78242528016,-5.70337995338
Conor Gillaspie,0.314869626498,0.965270234724,0.616810814274,-0.49696969697
Austin Jackson,1.09822820695,0.991602055188,1.93656852299,-4.88599439776
Austin Romine,0.594995311767,0.986819359142,1.25448312236,4.31018518519
Paul Goldschmidt,1.13081756953,0.997748256966,1.8673627725,0.217369727047
Jason Heyward,0.891875515561,0.998666462116,0.957880820453,2.98000249969
Dustin Pedroia,1.22231942814,0.996196619595,1.8750922248,-1.66098901099
Taylor Featherston,0.5,0.89289392379,0.685121107266,0.529411764706
Jose Iglesias,0.964126788909,0.99605997346,1.85245544485,-2.25450208706
Steven Matz,0.155882352941,0.703128911139,0.36875,1.20588235294
Derek Dietrich,0.770598137134,0.994108070352,1.90776082554,-4.49850746269
Carlos Gonzalez,0.885338015803,0.99339379083,2.26831410606,-1.61394335512
Miguel Andujar,0.2,0.5,0.24,2.8
Carlos Correa,1.27179215894,0.99594035823,2.02100757475,-3.2554517134
Jose Pirela,1.11276542484,0.996416855052,1.31681833421,4.07934175727
Michael Lorenzen,0.0699300699301,0.41958041958,0.236596736597,0.782051282051
Carson Kelly,0.323758594347,0.974413555364,0.429281445198,0.275630252101
Jordan Lyles,0.29696969697,0.855971479501,0.292121212121,0.163636363636
Jarrod Dyson,0.799903474903,0.992828819743,1.84623175299,-1.44514157014
CC Sabathia,0.0,1.0,0.0,0.0
Paolo Espino,0.5,0.75,0.222222222222,0.166666666667
Javier Baez,0.917207218069,0.996772637254,1.81044826023,-3.36503831418
Alcides Escobar,0.992255791736,0.993014859234,3.09888566437,-8.30644654088
Jesus Aguilar,0.59582683287,0.986552763797,2.16401678075,-0.905445431761
Jarrod Saltalamacchia,0.0,1.0,0.0,1.0
Michael Blazek,0.0,1.0,0.0,0.0
Maikel Franco,0.888124577123,0.998663577348,1.16588368025,-1.50077399381
Jose Lobaton,0.471312217195,0.984230642225,0.735901576317,0.25641025641
Ben Zobrist,0.807813085864,0.997443496365,1.08154603214,0.23375984252
Martin Prado,1.00853485064,0.983808076782,1.09276844412,2.44096728307
Tyler Pill,0.0,1.0,0.0,0.0
Sandy Leon,0.710279460621,0.991289211473,1.39708790767,3.14473324213
Joe Musgrove,0.0,1.0,0.0,0.0
Pablo Sandoval,0.689222170235,0.981878329256,1.66329072853,1.47776695878
David Peralta,1.11176226192,0.997538254127,1.78538153238,2.57537993921
Guillermo Heredia,0.794710215088,0.986484581847,2.73028374343,7.14954018393
Eric Hosmer,1.27631060425,0.998575360265,1.75691850186,-4.21847484277
Stephen Strasburg,0.349230769231,0.966772983114,0.388061538462,-0.590769230769
Erasmo Ramirez,0.0,1.0,0.0,2.0
Jeff Mathis,0.685968324535,0.951764280304,2.34595968016,-2.00273224044
Jacob May,0.114285714286,0.65306122449,0.285714285714,-0.4
Yu Darvish,0.166666666667,0.75,0.20987654321,-0.111111111111
Pedro Baez,0.0,1.0,0.0,0.0
Austin Bibens-Dirkx,0.0,1.0,0.0,0.0
John Ryan Murphy,0.3,0.75,0.2,-0.2
Mike Leake,0.292307692308,0.960958296362,0.363313609467,1.15384615385
Blake Snell,0.0,1.0,0.0,0.0
Victor Martinez,0.981660792038,0.997043710018,1.36160421788,-0.303504043127
Jose Quintana,0.160714285714,0.860969387755,0.24,0.075
Trayce Thompson,0.222832722833,0.844621724429,0.659114548003,0.732804232804
Justin Ruggiano,0.729824561404,0.966577301162,0.614958448753,0.115789473684
Shelby Miller,0.0,1.0,0.0,0.0
Travis Shaw,1.0443588102,0.99121257374,3.68460043847,4.4729020979
Robinson Cano,1.11761654272,0.998252925775,1.63791823353,0.417181208054
Dexter Fowler,0.975550686195,0.995272121765,1.84535451107,-3.1976127321
Darwin Barney,0.571610053104,0.988182258619,1.95704770189,2.43713662791
Daniel Nava,0.717551119766,0.988932083112,1.49699012732,-0.870569620253
Adrian Sanchez,0.68449197861,0.942351935844,1.41868512111,-3.0
Brock Stassi,0.306842737095,0.894491373192,1.27485234094,0.682352941176
Kike Hernandez,0.46741588096,0.989611821633,1.65843440713,2.3022610483
Ryder Jones,0.563903355246,0.954945597945,1.6756381798,0.235849056604
Drew Robinson,0.454135909683,0.974389885263,0.871401885222,0.765306122449
Max Kepler,0.887951836895,0.993773680336,2.38127368052,3.38199300699
Eddie Rosario,1.1004251299,0.996070356605,2.44548825231,-4.57534246575
Dillon Overton,0.0,1.0,0.0,0.0
Rob Refsnyder,0.309357124562,0.972483493624,0.655318876462,-0.177068214804
Chris Sale,0.0,1.0,0.0,1.0
Harrison Bader,0.573497067449,0.885967759581,1.63156387463,5.01704545455
Scott Schebler,0.795141059121,0.989235551902,2.93563270878,3.12026770552
Elvis Andrus,1.25157685175,0.997709595338,2.16458481165,-2.52745303556
Johnny Giavotella,0.107142857143,0.375,0.224489795918,0.535714285714
Teoscar Hernandez,0.891330891331,0.972118850605,1.00682856238,-0.031746031746
Tyler Anderson,0.0,1.0,0.0,1.0
Rene Rivera,0.707604590892,0.974917358846,2.0854314218,4.37513513514
Jedd Gyorko,0.928615650514,0.983174201708,3.81003038945,7.14306320483
Alex Gordon,0.683484574874,0.99619811532,1.50646345626,-0.533829748115
Domingo Santana,1.01298013245,0.994954481215,2.47500573951,-3.93368653422
Taylor Davis,0.511904761905,0.926817042607,0.282738095238,-0.166666666667
Josh Rutledge,0.618539592224,0.980483471643,0.713454564095,2.92034139403
Brandon McCarthy,0.0,1.0,0.0,1.0
Adam Duvall,0.956908688345,0.990629203188,3.57076797378,5.00443441103
Rafael Devers,1.05807622505,0.991418022183,1.33049627636,3.79310344828
Lisalverto Bonilla,0.2,0.5,0.24,0.4
Jameson Taillon,0.225296442688,0.643493761141,0.957552844131,-0.565217391304
Jonathan Schoop,1.19933786476,0.997867461835,2.19346344706,-5.00986024845
Miguel Socolovich,0.0,1.0,0.0,0.0
Cody Reed,0.0,1.0,0.0,0.0
Adam Lind,0.741058952691,0.996271368378,1.18899419824,-1.60549604099
DJ LeMahieu,1.30775803144,0.998488942833,1.81523635087,-5.28503522621
Nelson Cruz,1.03166662559,0.996772182117,2.04854503785,0.713866778383
Justin Nicolino,0.0,1.0,0.0,0.0
Trevor Story,0.845997898815,0.996532578378,1.6687211308,-4.25466200466
Ty Kelly,0.260613810742,0.980133596673,0.580503354461,0.733333333333
Junior Guerra,0.0,1.0,0.0,0.0
Joey Wendle,0.428571428571,0.857142857143,0.285714285714,1.71428571429
Tyler White,0.949350649351,0.947683822225,1.12615955473,0.792207792208
Alex Bregman,1.03953177646,0.990839696492,3.93358679899,-5.14912280702
Josh Phegley,0.535645933014,0.987406710945,0.813858509911,1.64473684211
Steve Selsky,0.142857142857,0.571428571429,0.25,0.25
Doug Fister,0.0,1.0,0.0,0.0
Steven Souza Jr.,0.867018262322,0.988254321842,3.29237164798,6.91174848318
Ben Revere,0.768520063015,0.989950468527,2.06947056628,-2.96797331109
Ian Kennedy,0.0,1.0,0.0,1.0
Jonathan Lucroy,0.885245901639,0.992464377656,2.4408252959,2.53658536585
Chris Owings,1.03325531243,0.994408134885,1.58701557996,4.58931201347
Jorge Bonifacio,0.919064133666,0.99464318032,1.67198360599,0.420512010114
Rob Segedin,0.339160839161,0.869566556791,0.375485625486,0.717948717949
Pedro Severino,0.348039215686,0.875173611111,0.514417531719,0.392156862745
Nick Delmonico,0.773276071631,0.941698486173,1.82894931465,5.88593576966
Johnny Barbato,0.0,1.0,0.0,0.0
Matt Adams,0.835594769404,0.979944053388,3.81760670664,-3.43774606299
Billy Burns,0.178571428571,0.625,0.244897959184,-0.25
Jaff Decker,0.43137254902,0.943469785575,0.438292964245,3.37254901961
Chris Young,0.607227229699,0.984504641482,1.66158358218,4.7894993895
Jesse Winker,0.798219241443,0.992340420552,0.784089790777,-1.18882978723
Tanner Roark,0.128078817734,0.832512315271,0.367589604213,1.20689655172
Mark Zagunis,0.0,1.0,0.0,0.0
Tuffy Gosewisch,0.154545454545,0.7225,0.262809917355,0.0454545454545
Ian Desmond,0.980752588702,0.991922079853,1.98466175286,6.26172500572
Kevin Gausman,0.0,1.0,0.0,0.0
Nick Franklin,0.300305944056,0.971441789348,0.782350726197,0.144055944056
Ian Happ,0.806778189852,0.989803555831,2.18256889862,2.39625187406
John Gant,0.0,1.0,0.0,0.0
Francisco Mejia,0.190909090909,0.595945945946,0.418181818182,0.590909090909
Anthony Rizzo,1.02901487253,0.995590384426,2.70434526856,-2.24865262126
Gorkys Hernandez,0.689262497711,0.977876306336,3.25411122798,-7.25254360465
Raffy Lopez,0.603043478261,0.968921290875,0.617536231884,-1.31
Boog Powell,0.674117647059,0.939293961445,2.13953094963,-4.04901960784
Ehire Adrianza,0.627731092437,0.991579219177,0.918300830099,0.251345755694
Gerardo Parra,1.17433794664,0.98763692515,3.6791609967,-2.72752678156
Scott Feldman,0.0421052631579,0.4,0.232686980609,-0.221052631579
Andrew Cashner,0.0,1.0,0.0,1.0
Ariel Hernandez,0.0,1.0,0.0,0.0
Sal Romano,0.0892857142857,0.669642857143,0.230952380952,-0.291666666667
Anthony Alford,0.3,0.6,0.25,-0.2
Cameron Maybin,0.841839111052,0.976815568517,3.29883169824,1.87470889613
Chad Huffman,0.427272727273,0.8836,0.418181818182,0.318181818182
Deven Marrero,0.577464788732,0.977274174393,1.45209283872,-1.9014084507
Braden Shipley,0.0,1.0,0.0,0.0
Chris Gimenez,0.570621991855,0.993850134901,0.795958371582,0.169937060348
Andrelton Simmons,1.08759444991,0.994662284331,2.8197263692,-0.806544064963
A.J. Jimenez,0.107142857143,0.375,0.224489795918,0.535714285714
Eric Thames,0.783229413632,0.992935655993,2.05216933456,8.42653125992
Kyle Lloyd,0.0,1.0,0.0,0.0
Matt Boyd,0.0,1.0,0.0,1.0
Ryan Lavarnway,0.514285714286,0.867857142857,0.273015873016,0.047619047619
David Freese,0.840776195223,0.993696592915,2.09201907189,0.723781561949
Bradley Zimmer,0.78543814433,0.98076713051,2.5686842385,2.07216494845
Jack Reinheimer,0.0,1.0,0.0,0.0
Brent Suter,0.172727272727,0.784782608696,0.247933884298,1.40909090909
Steven Brault,0.30303030303,0.757575757576,0.412121212121,0.636363636364
Brian Goodwin,0.873834330182,0.991777762927,1.3555748494,-3.31278538813
Erik Gonzalez,0.504266510812,0.96483374,1.37774123567,2.47796610169
Steve Lombardozzi,0.0,1.0,0.0,0.0
Jake Marisnick,0.569277275361,0.995244288398,1.0010383371,-2.78328337154
Rhys Hoskins,1.0396765089,0.963988755226,2.4435481196,0.96343537415
Alec Asher,0.0,1.0,0.0,0.0
Paul Janish,0.213186813187,0.799745006375,0.351334379906,-0.457142857143
Danny Duffy,0.0,1.0,0.0,1.0
Ryan Braun,0.998933105729,0.99489407397,1.68905622943,0.18956043956
Zach Lee,0.0,1.0,0.0,0.0
Josh Donaldson,0.930725597179,0.990798517188,2.38969585056,1.39264089427
Pat Valaika,0.43769470405,0.986622774785,1.30985026217,1.18518518519
Eric Sogard,0.692020373514,0.9522061149,3.48235471343,8.69339305711
Paul Blackburn,0.0,1.0,0.0,0.0
Kevin Plawecki,0.818146718147,0.984170562016,0.851317984651,-2.45645645646
Adrian Gonzalez,0.823138832998,0.994041021322,0.98309292374,1.52816901408
T.J. Rivera,0.884687118143,0.982074331548,2.15486586014,-2.46194824962
Andrew Susac,0.0833333333333,0.333333333333,0.208333333333,-0.166666666667
Brett Nicholas,0.818181818182,0.938978613337,1.09709338281,0.865800865801
Sean Manaea,0.0,1.0,0.0,0.0
Caleb Joseph,0.812240381342,0.985872851886,2.05682554621,0.722097378277
Joe Biagini,0.0,1.0,0.0,0.0
Tom Koehler,0.0454545454545,0.25,0.173553719008,0.681818181818
Asher Wojciechowski,0.15,0.675,0.22962962963,-0.266666666667
Aaron Nola,0.101538461538,0.510787992495,0.592984615385,0.301538461538
Kevin Pillar,0.920094353531,0.991162209324,3.15908571891,8.68067226891
Matt Garza,0.131168831169,0.886016213086,0.240527726242,0.640692640693
Adam Engel,0.510204367301,0.974921833192,1.8674986739,5.42039473684
Corey Dickerson,1.10005244678,0.982066565332,5.62337855608,9.40609271523
Neil Ramirez,0.0,1.0,0.0,0.0
Dan Vogelbach,0.225,0.822089552239,0.3625,1.25
Danny Santana,0.463075880759,0.971924965099,1.56598767291,-1.20204757603
Marcus Stroman,0.5,0.75,0.222222222222,1.16666666667
Jaycob Brugman,0.780758556892,0.983913285197,1.08736985061,2.25531914894
Zack Granite,0.560694183865,0.852837891606,2.44023921201,2.39146341463
Clayton Richard,0.200403225806,0.883689896966,0.53883975026,1.09072580645
Sean Gilmartin,0.0,1.0,0.0,1.0
Orlando Arcia,0.968220121789,0.991526158889,3.34503141298,-2.40325077399
Russell Martin,0.795015129798,0.995664072385,1.09414496954,-2.02842809365
Brett Cecil,0.0,1.0,0.0,0.0
Wade LeBlanc,0.5,0.75,0.222222222222,-0.166666666667
Stuart Turner,0.289473684211,0.955961449677,0.539617853985,1.08677098151
Matt Holliday,0.852183367746,0.987635237772,2.34310896281,2.32505601195
Welington Castillo,1.02332474227,0.988173997258,2.57039125143,5.0691580756
Tyler Chatwood,0.268717948718,0.848504326329,0.709112426036,0.102564102564
Starling Marte,1.05118565645,0.994520338641,1.45986139629,1.27572427572
Jake Lamb,0.898479956467,0.989527492519,3.38343736647,7.52590604027
Abraham Almonte,0.636124191875,0.988810103454,1.03909616257,0.5601404741
Eduardo Escobar,0.932638867034,0.993300213083,2.2105958732,-0.357290322581
Mallex Smith,0.847351148617,0.970473919394,2.84292252696,6.00462962963
Sam Travis,0.553810160428,0.962278150059,0.805420515314,3.50267379679
Mike Marjama,0.8,0.8,0.48,-0.6
Paul DeJong,1.14322596626,0.996250159095,1.76309791425,-1.51444104655
Kole Calhoun,0.903354709806,0.997179390644,1.74163360053,0.919106699752
Jake Buchanan,0.0,1.0,0.0,1.0
Keon Broxton,0.677412189249,0.976204031029,3.71080278157,4.01004629174
Michael Conforto,0.999080663447,0.993186007427,2.20381070382,-0.478593272171
Jeremy Hazelbaker,0.37543554007,0.940878351,0.933500467409,1.54006968641
Matt Cain,0.265413533835,0.884711779449,0.443834586466,0.0285714285714
Yulieski Gurriel,1.17706837386,0.99690781644,2.18967692293,-2.78135752268
Geovany Soto,0.549450549451,0.952380952381,0.380388841927,1.54945054945
Yadiel Rivera,0.0,1.0,0.0,0.0
Tyler Flowers,0.936155155596,0.991100662242,2.15121901332,2.4025974026
Jon Gray,0.2,0.814285714286,0.442105263158,0.2
Kendall Graveman,0.0,1.0,0.0,0.0
Adam Frazier,0.902249017748,0.991896285446,2.40684648209,4.93943910039
Cody Asche,0.345614035088,0.93877600387,0.381717451524,-0.268421052632
Alex Mejia,0.149753694581,0.856179358903,0.377305928317,1.35172413793
A.J. Schugel,0.0,1.0,0.0,0.0
Devon Travis,1.02867346939,0.932850149621,3.41708038317,-5.46367346939
Raul Mondesi,0.34,0.949696663296,0.4656,0.44
Nick Castellanos,1.05588440655,0.990485737973,3.95562718823,-4.236196062
Evan Longoria,1.08053881602,0.997678875273,1.85897016615,-2.62084367246
Scott Alexander,0.0,1.0,0.0,0.0
Hunter Renfroe,0.845033887272,0.997113527642,1.34013323271,0.900039984006
Khris Davis,0.895404902986,0.995794094071,2.0554868895,1.20614035088
Andrew Romine,0.57566047961,0.99132063974,1.49019752525,4.2868175044
Andre Ethier,0.477922077922,0.911496006461,0.787301587302,0.17316017316
Jacob Barnes,0.0,1.0,0.0,0.0
Kennys Vargas,0.826372688478,0.993583288905,1.14408876245,3.09087719298
Erik Kratz,0.3,0.6,0.25,1.3
Denard Span,1.07157312165,0.995494550261,2.141211639,1.1014907573
Zach Vincej,0.116666666667,0.525,0.249382716049,-0.244444444444
Tim Anderson,1.02152416942,0.990429268276,3.66698244642,-0.391119508739
Austin Slater,1.00198624905,0.95672695239,1.84083044983,2.7025210084
Adonis Garcia,0.937828054299,0.972786776695,1.80120308757,-0.739819004525
Joe Panik,1.05859484384,0.993660234037,2.77329319078,-1.85306251983
Angel Sanchez,0.0,1.0,0.0,0.0
Pedro Strop,0.0,1.0,0.0,0.0
Jay Bruce,0.999756852343,0.996470156384,2.11955158906,3.02432950192
Ervin Santana,0.5,0.75,0.222222222222,0.833333333333
Ji-Man Choi,0.428571428571,0.665024630542,0.428571428571,1.09523809524
Steve Pearce,0.927281414238,0.995318063981,1.21878790106,-2.72766364071
Luis Torrens,0.441660970608,0.968518743137,1.15185528757,-1.80639097744
Jean Segura,1.23250983478,0.991137950233,3.40001522804,8.79741935484
Tony Sanchez,0.0,1.0,0.0,0.0
Chad Pinder,0.832792651944,0.993321690412,1.34060996218,-2.69493844049
Luke Maile,0.437434474252,0.961643772252,0.987815897787,-2.03792784459
Miguel Rojas,0.839836567926,0.991070913882,1.75629798809,0.94606741573
Rafael Bautista,0.279411764706,0.696015424165,0.80276816609,0.647058823529
Randall Delgado,0.0,1.0,0.0,0.0
Jed Lowrie,1.01147588222,0.996742975151,2.11544077242,3.20626432391
Xander Bogaerts,1.00184350903,0.985897627211,4.26113866748,10.6212588427
Elias Diaz,0.672802197802,0.991615185386,0.875386332418,1.49423076923
Kyle Seager,0.984543578197,0.998706469641,1.24289762188,-1.15864527629
Marco Estrada,0.0,1.0,0.0,0.0
Chris Bostick,0.365413533835,0.904231046047,0.519248120301,-0.771428571429
Aaron Hicks,0.962765181891,0.992592580568,1.74229952653,0.0608672936259
Odrisamer Despaigne,0.133333333333,0.533333333333,0.281481481481,0.466666666667
Luke Weaver,0.272727272727,0.911688311688,0.257575757576,0.333333333333
J.D. Davis,0.697628458498,0.946373509531,0.89620209658,0.0652173913043
Joey Votto,1.11767511901,0.998536672237,1.61161335491,-2.28766189502
Kyle Farmer,0.291729323308,0.94641285488,0.32954887218,1.12857142857
Eric Fryer,0.332314744079,0.944816429245,0.648766458455,1.01680672269
Nolan Arenado,1.23747214364,0.996710949102,2.49100997784,0.0638575861506
Casey Lawrence,0.0,1.0,0.0,0.0
Cristhian Adames,0.0,1.0,0.0,0.0
Eduardo Rodriguez,0.0,1.0,0.0,0.0
Willy Garcia,0.576673713883,0.989225628322,0.596063168685,1.30606060606
Cameron Rupp,0.763268207334,0.990333331379,1.53285027919,0.581765935214
Asdrubal Cabrera,0.977456653431,0.994205398014,2.37864564203,-0.0764411027569
Andrew McCutchen,1.05785905075,0.991922651127,3.74578280621,-3.8430507921
Mike Freeman,0.120168067227,0.68762329627,0.707322929172,0.785714285714
Dylan Floro,0.0,1.0,0.0,0.0
Drew Storen,0.0,1.0,0.0,0.0
Jose Abreu,1.25491838964,0.998015440816,2.03149166891,-4.04021784667
Patrick Kivlehan,0.311749388464,0.990505086437,0.816264087636,1.59550224888
JC Ramirez,0.0,1.0,0.0,0.0
Byron Buxton,0.910929063953,0.980892186109,4.15115809871,-10.4573797678
Alexi Amarista,0.394241953545,0.893377649562,3.10789815702,6.59328107503
Max Moroff,0.44043062201,0.941627752472,1.62465945708,-2.55827067669
Matt Harvey,0.163054695562,0.816421750316,0.325153843214,-0.497076023392
Matt Wieters,0.772795014226,0.988513225973,2.63454238952,6.96721311475
Yadier Molina,1.05140021946,0.998759724004,1.221329107,-1.41069128381
Yonder Alonso,0.848906203177,0.994981466272,1.97471745619,3.30706223155
Sean Newcomb,0.0789473684211,0.75,0.207756232687,-0.236842105263
Charlie Culberson,0.164285714286,0.809693877551,0.289841269841,0.183333333333
Chris Stratton,0.216666666667,0.667105263158,0.31975308642,-0.422222222222
Ender Inciarte,1.36736571461,0.998275076966,2.21935705767,-4.37620444072
Jose Urena,0.166009852217,0.824397502904,0.547987090199,-0.393103448276
Luis Castillo,0.206593406593,0.828893058161,0.30612244898,-0.2
Gordon Beckham,0.318181818182,0.795454545455,0.429752066116,-0.590909090909
Howie Kendrick,1.11641012997,0.991978251972,2.14366328478,5.77706843718
Ichiro Suzuki,0.388934211154,0.990542533901,1.21877520437,-3.31923572349
Wilmer Difo,0.838009754776,0.959441085608,5.03306759258,-8.96653569977
Chris Stewart,0.47221719457,0.988495810401,0.607200780765,1.66515837104
Gerrit Cole,0.294904692082,0.952934152499,0.501649560117,-0.539772727273
Tom Murphy,0.111888111888,0.671328671329,0.231157731158,0.0512820512821
Yandy Diaz,0.929579093432,0.987665370147,1.08514082705,-0.061170212766
Allen Cordoba,0.464788478848,0.897886122807,3.93300126013,3.72297029703
Andrew Benintendi,1.02144984222,0.995748686007,2.36413305875,3.32865342163
Hoby Milner,0.0,1.0,0.0,0.0
Dusty Coleman,0.562881562882,0.904140768252,1.1803011803,2.01587301587
Matt Szczur,0.373776107575,0.974745956354,1.6846812886,-0.857427716849
Lucas Duda,0.760002999625,0.98862888511,2.54784009142,3.59505061867
Trevor Williams,0.119230769231,0.775200051626,0.380430769231,-0.510769230769
Jean Machi,0.0,1.0,0.0,0.0
Salvador Perez,1.00874381981,0.992950150072,2.6703097461,2.47601744186
Chris Smith,0.0,1.0,0.0,0.0
A.J. Ellis,0.576742081448,0.966957812537,1.36377251353,1.34615384615
Carlos Martinez,0.376209677419,0.959195389633,0.524401664932,0.0987903225806
Terrance Gore,0.0,1.0,0.0,0.0
Ronald Torreyes,0.887326498224,0.991692465732,1.96333737495,-0.594075119027
Carlos Santana,0.999949210956,0.992183895965,3.27873188084,-2.7277852349
Chris Davis,0.758955548434,0.996567505239,1.34950896485,3.63444767442
Yasmani Grandal,0.897042710197,0.987582353319,3.19783265267,1.3412045319
Charlie Blackmon,1.42181252074,0.997637509916,2.69439973107,-2.32508574228
Tyler Moore,0.400639195185,0.964589517428,1.89264365737,1.81982823002
Mark Trumbo,0.930995922223,0.992146414883,3.10006141954,3.7425216662
J.A. Happ,0.0,1.0,0.0,0.0
Josh Bell,0.92543587294,0.994993267259,2.45311078165,-5.83270440252
Daniel Murphy,1.19986442457,0.992947963612,3.58593170622,8.86656534954
Edubray Ramos,0.0,1.0,0.0,0.0
Ketel Marte,0.868505491793,0.989950023885,1.50560337031,-3.40318400592
Gabriel Ynoa,0.0,1.0,0.0,0.0
Chad Bettis,0.190476190476,0.761904761905,0.202380952381,-0.166666666667
Yunel Escobar,1.08583588696,0.994025356995,1.69045995876,2.48164794007
Victor Caratini,0.546370967742,0.943370293489,0.957986472425,-0.51814516129
Adeiny Hechavarria,0.830015253524,0.993537679875,1.51305496691,2.06648432569
Brandon Drury,0.840713101161,0.986908889569,3.30316442479,9.00555555556
Miguel Gonzalez,0.0,1.0,0.0,0.0
Miguel Gomez,0.417843026539,0.932358069086,0.599815204558,-0.478260869565
Adam Morgan,0.0,1.0,0.0,1.0
George Kontos,0.0,1.0,0.0,0.0
Marco Hernandez,0.797402597403,0.97346232635,0.649762935477,0.645021645022
Ozzie Albies,1.23422908329,0.98892254075,1.6699983765,-4.70707070707
Adam Rosales,0.638525552118,0.992288151067,1.30646066033,3.98131868132
Kaleb Cowart,0.342713085234,0.850833909375,1.68976710684,8.42352941176
Mike Aviles,0.568041725936,0.972876532741,0.836005279818,0.748221906117
Cam Gallagher,0.440559440559,0.635616292105,1.0,2.41025641026
Tyler Glasnow,0.423529411765,0.805125218404,0.78125,-0.0514705882353
Ryan Hanigan,0.760360962567,0.979110481025,0.820450494247,2.74331550802
Dwight Smith,0.909090909091,0.925706147638,0.785353535354,0.166666666667
Danny Espinosa,0.462400405837,0.979040745736,1.5703968814,2.18119423473
Dinelson Lamet,0.194736842105,0.831376518219,0.403324099723,-0.752631578947
A.J. Griffin,0.0,1.0,0.0,0.0
Vince Velasquez,0.540659340659,0.931015384615,0.478806907378,-0.0857142857143
Jefry Marte,0.46139657444,0.9862661571,0.556232860001,1.49371980676
Chase Utley,0.627746531684,0.988282735894,2.12288860718,-3.28971378578
Wil Myers,0.812758209532,0.992659098687,2.3239964614,11.817617866
George Springer,1.21740530551,0.993528205595,3.11107448629,-2.76896223421
Johan Camargo,1.00543834974,0.993652452945,1.4956370136,-5.58981481481
Adrian Beltre,1.15469421667,0.995760991815,1.65970143747,-0.618812989922
Chad Kuhl,0.169458128079,0.759440379926,0.67457108884,-1.16551724138
Tim Locastro,0.0,1.0,0.0,0.0
Zach Eflin,0.418181818182,0.896103896104,0.341818181818,-0.581818181818
Brock Holt,0.39880952381,0.960635918488,1.26045603427,2.4623015873
Victor Robles,0.582417582418,0.920380078637,0.556213017751,0.120879120879
Kris Bryant,1.05999555536,0.993836574632,3.00363529046,0.530331125828
Marco Gonzales,0.0,1.0,0.0,1.0
Kevin Shackelford,0.5,0.75,0.222222222222,0.166666666667
Gavin Cecchini,0.501209677419,0.954960072191,0.843652445369,1.77217741935
Miguel Diaz,0.0,1.0,0.0,0.0
Andrew Toles,0.775,0.945881642017,1.29588969823,-0.302419354839
Daniel Mengden,0.0,1.0,0.0,1.0
Tomas Telis,0.573328267477,0.984092865328,0.838604989868,-1.49404761905
Brandon Nimmo,0.744139442647,0.956969655404,2.48764674192,-5.88150158299
Noah Syndergaard,0.142857142857,0.428571428571,0.238095238095,1.47619047619
Hector Sanchez,0.511336542021,0.960826906572,1.90036322883,-3.90702702703
Tom Wilhelmsen,0.0,1.0,0.0,0.0
Jesus Sucre,0.733373624437,0.995462816314,0.706796930403,0.486943164363
Michael Brantley,1.17099080695,0.998702039073,0.909141407765,0.0157303370787
Carlos Rodon,1.0,1.0,2.59052039079e-16,3.33066907388e-16
Joc Pederson,0.618345386795,0.969787553763,2.60999956279,2.19512659433
Phillip Ervin,0.56376573618,0.929936160571,1.03798185941,1.03201970443
Jon Lester,0.31964969896,0.931381303884,0.583098756744,-0.958128078818
Hyun Soo Kim,0.495076400679,0.98075247777,1.46979688741,2.61724524076
Mark Canha,0.651982228298,0.97727353354,1.33819573284,0.65977443609
Luiz Gohara,0.0,1.0,0.0,0.0
Matt Kemp,1.06880031938,0.985545383566,3.42238633627,10.2622263624
Yasmany Tomas,0.831868640148,0.977649499025,1.26069242427,3.67553191489
Rickie Weeks Jr.,0.639402560455,0.966571867316,1.04594210142,-1.18492176387
Tyler Saladino,0.591041869523,0.98036758363,1.56210173419,4.22784810127
Brad Miller,0.574298401821,0.992710554282,1.32381169402,3.68255528256
Aaron Hill,0.304660045837,0.954823061554,0.520271424078,0.208403361345
Jayson Aquino,0.0,1.0,0.0,0.0
Craig Gentry,0.346022398654,0.945420172144,1.59918686918,-2.87612387612
Zach Davies,0.214259530792,0.907703344038,0.531524926686,-0.789772727273
Joe Mauer,1.19236190192,0.993901651524,2.90694939784,-5.51856553475
Michael Pineda,1.0,1.0,1.94289029309e-16,1.66533453694e-16
Anthony Santander,0.521978021978,0.739269331586,1.05748098056,0.252747252747
Curt Casali,0.25,0.675,0.364197530864,0.222222222222
Jered Weaver,0.0,1.0,0.0,0.0
Todd Frazier,0.722224846481,0.996271905658,1.54048539736,-0.17949929145
Lance McCullers,0.0,1.0,0.0,0.0
Chris Heisey,0.274774774775,0.870377209829,0.975407840273,0.108108108108
Carlos Ruiz,0.580228995323,0.963640693202,1.3983563211,-2.50104821803
Magneuris Sierra,0.860530773574,0.830222023953,2.11518915867,5.05533596838
Mac Williamson,0.526819923372,0.95550150985,0.787278129643,0.995073891626
Kyle Barraclough,0.0,1.0,0.0,0.0
Vidal Nuno,0.0,1.0,0.0,0.0
Carl Edwards Jr.,0.0,1.0,0.0,0.0
Chase Headley,0.966328137301,0.994523792783,2.51415590268,0.927822390175
Martin Perez,0.0,1.0,0.0,0.0
Ryan Raburn,0.739230769231,0.963856465362,0.803938461538,0.409230769231
Mike Foltynewicz,0.0946275946276,0.722657816636,0.384087791495,-0.600529100529
Manny Pina,0.866895903133,0.98725172487,2.50129450212,6.14797507788
