Player,BB.Slope,BB.R^2,BB.MAE,BB.Intersect
Rougned Odor,0.171609730849,0.949901625665,1.39648740404,0.0724637681159
Giovanny Urshela,0.116666666667,0.849333333333,0.736197916667,1.825
Tim Adleman,0.0,1.0,0.0,0.0
Kevan Smith,0.125732345865,0.91079780877,0.85865502651,-2.09943865277
Chase Anderson,0.0,1.0,0.0,0.0
Dominic Smith,0.293740363861,0.956995185742,0.65775382429,-1.6308973173
A.J. Reed,0.0,1.0,0.0,0.0
Dylan Covey,0.0,1.0,0.0,0.0
Matt Joyce,0.537249026071,0.99039556206,1.66537177899,-2.80601338528
Brandon Finnegan,0.0,1.0,0.0,0.0
Tony Watson,0.0,1.0,0.0,0.0
Michael Morse,0.138260869565,0.749436758893,0.477669082126,-0.756666666667
J.T. Realmuto,0.269666090836,0.950453688256,2.13173199174,1.4367781155
Rafael Montero,0.0,1.0,0.0,0.0
Emilio Pagan,0.0,1.0,0.0,0.0
Michael Wacha,0.0314723590586,0.44061302682,0.241907107671,-0.246305418719
Jae-Gyun Hwang,0.19298245614,0.80994881218,0.395711500975,0.748538011696
Christian Vazquez,0.192479901051,0.980277710989,0.638948545442,-1.82545454545
Zack Greinke,0.0778642936596,0.817575083426,0.274453096033,0.204301075269
Robbie Ray,0.158974358974,0.792250618302,0.519132149901,-0.871794871795
Dustin McGowan,0.0,1.0,0.0,0.0
Carlos Moncrief,0.0964590964591,0.875520224456,0.239376535673,0.89417989418
Garrett Cooper,0.115384615385,0.75,0.207100591716,-0.230769230769
Jharel Cotton,0.0,1.0,0.0,0.0
Ian Krol,0.0,1.0,0.0,0.0
Joe Blanton,0.0,1.0,0.0,1.0
A.J. Pollock,0.298160043735,0.970650157868,1.40908565352,-1.28002528445
Tyler Naquin,0.108771929825,0.781300813008,0.268513388735,0.442105263158
Albert Pujols,0.254522038817,0.991750768215,0.828168587488,0.823087248322
Jordan Luplow,0.224664224664,0.953958861651,0.313299868855,-0.031746031746
Jabari Blash,0.454237288136,0.981288919203,0.910282485876,2.53333333333
Robbie Grossman,0.588787185355,0.989398272495,1.61114316983,5.51739130435
Cesar Puello,0.264705882353,0.783870967742,0.598615916955,-0.941176470588
Kirk Nieuwenhuis,0.233823529412,0.760673988265,0.488602941176,-0.566176470588
J.P. Crawford,0.839920948617,0.942512601622,1.12304519677,-2.84782608696
Sean Rodriguez,0.275814751286,0.963910982905,0.642859999953,2.98720538721
Jack Flaherty,0.0,1.0,0.0,0.0
Dan Straily,0.0500556173526,0.750834260289,0.208379681127,-0.225806451613
Aaron Blair,0.0,1.0,0.0,1.0
Nick Ahmed,0.191904531527,0.929816302022,0.706617617974,-0.461215932914
Brandon Moss,0.332760542806,0.977605539714,1.44742734733,1.46109637489
Aaron Wilkerson,0.0,1.0,0.0,0.0
Jhan Marinez,0.0,1.0,0.0,0.0
Orlando Calixte,0.056157635468,0.351623376623,0.437234584678,1.90344827586
Ubaldo Jimenez,0.0,1.0,0.0,0.0
Jacob Turner,0.257142857143,0.771428571429,0.209523809524,-0.142857142857
Jared Hoying,0.152941176471,0.798553519769,0.669387755102,-0.0285714285714
Josh Reddick,0.325403202663,0.982945052551,1.33720640265,-0.715424925951
Sam Freeman,0.0,1.0,0.0,0.0
Matt Chapman,0.388585701692,0.982480384572,1.03300621149,-0.666953528399
Brian Anderson,0.385384615385,0.955830159939,0.473784615385,1.17538461538
Dee Gordon,0.178895924683,0.985197843153,0.782500622271,-0.0494235265662
Marcus Semien,0.421125659566,0.982382864909,1.17552656083,5.18331053352
Phillip Evans,0.161403508772,0.616011644833,0.542936288089,-0.768421052632
Adam Eaton,0.47628458498,0.935854468113,0.667468637223,3.58695652174
Danny Ortiz,0.0666666666667,0.3,0.197530864198,0.622222222222
Dustin Garneau,0.245470383275,0.832388974608,1.06218237444,-0.275261324042
Nick Williams,0.271386630533,0.944108306892,1.26371314605,-0.509786208973
Eugenio Suarez,0.575872042484,0.988197032423,2.58269501954,-4.42495508738
Mat Latos,0.0,1.0,0.0,0.0
Stephen Cardullo,0.05,0.35,0.226666666667,1.65
Mike Trout,0.901350721938,0.992801668192,2.0550339519,-6.18947368421
Miguel Montero,0.323704716336,0.970243972142,1.04061949131,-2.44155844156
Leonys Martin,0.142460684551,0.947077322418,0.364989076308,0.127659574468
Rocky Gale,0.0,1.0,0.0,0.0
Jacob Hannemann,0.0,1.0,0.0,0.0
Alejandro De Aza,0.105006105006,0.870800627943,0.273383680791,0.116402116402
Tyler Austin,0.253383458647,0.909374074163,0.37962406015,0.0428571428571
Jimmy Nelson,0.0384615384615,0.519230769231,0.251028806584,-0.277777777778
Tim Beckham,0.27720767139,0.982825604349,1.27512028641,-2.36592958351
Derek Holland,0.0,1.0,0.0,0.0
Peter Bourjos,0.102139764997,0.966588120791,0.426758285806,1.64161616162
Henderson Alvarez,0.0,1.0,0.0,0.0
Melky Cabrera,0.227331049722,0.976141973348,1.26672497845,3.48579807289
Robert Gsellman,0.260869565217,0.956344638271,0.31884057971,-0.583333333333
Jeremy Hellickson,0.210526315789,0.837320574163,0.443157894737,-0.2
Tyler Skaggs,0.0,1.0,0.0,0.0
Efren Navarro,0.470920383964,0.91607794794,0.739592423387,-1.21739130435
James McCann,0.204242134166,0.96554981898,0.88933254307,5.09804267325
Rookie Davis,0.0,1.0,0.0,0.0
Felix Pena,0.0,1.0,0.0,1.0
Lance Lynn,0.0480533926585,0.720800889878,0.214979606971,-0.0967741935484
Jerad Eickhoff,0.0,1.0,0.0,0.0
Jurickson Profar,0.455110107284,0.882547290284,0.917355371901,1.13043478261
Paulo Orlando,0.00748987854251,0.146052631579,0.113817087096,0.80641025641
Christian Villanueva,0.0,1.0,0.0,0.0
Chad Wallach,0.0,1.0,0.0,0.0
Breyvic Valera,0.2,0.5,0.24,0.4
Miguel Cabrera,0.432016310461,0.97460804579,2.2468656723,4.68848425197
Rob Zastryzny,0.0,1.0,0.0,0.0
A.J. Cole,0.316666666667,0.873387096774,0.264197530864,-0.377777777778
Antonio Bastardo,0.0,1.0,0.0,1.0
Nik Turley,0.0,1.0,0.0,0.0
John Hicks,0.221422617394,0.952574276877,0.733421629465,-1.41530054645
Logan Forsythe,0.644418393172,0.994605713763,1.25304176872,-1.6306793904
Rajai Davis,0.256260331373,0.985786192154,0.791147065724,0.463306808134
Renato Nunez,0.0833333333333,0.333333333333,0.208333333333,0.583333333333
Ryan Tepera,0.0,1.0,0.0,0.0
Edwin Encarnacion,0.69861485264,0.992251902154,2.33907774574,-1.89211442153
J.D. Martinez,0.436526847398,0.98691635124,1.29731103128,5.33956250905
Mason Williams,0.3,0.75,0.2,-0.2
Andrew Stevenson,0.226126814362,0.804489628019,1.00458365164,-1.73109243697
J.J. Hardy,0.179439713686,0.945356136898,0.715520549636,-0.432432432432
Chase d'Arnaud,0.104481792717,0.849321173052,0.371924769908,0.280952380952
Josh Smoker,0.0,1.0,0.0,0.0
Edwin Jackson,0.0,1.0,0.0,0.0
J.T. Riddle,0.177849706937,0.946018980124,0.724206106202,-1.63581488934
Michael Taylor,0.264317841079,0.973540867667,1.11910305717,-2.51829085457
Quintin Berry,0.0,1.0,0.0,0.0
Julio Urias,0.0,1.0,0.0,0.0
Matt Shoemaker,0.0,1.0,0.0,0.0
Delino DeShields,0.351217775246,0.96101722099,2.06793832189,-1.81428571429
Chris Iannetta,0.4164453524,0.955417070858,2.06230388725,-3.24494382022
Kenley Jansen,0.0,1.0,0.0,0.0
Christian Colon,0.144347826087,0.764736355227,0.437874396135,0.173333333333
Christian Walker,0.127272727273,0.7,0.218181818182,-0.272727272727
Gregory Polanco,0.23868453895,0.928176792999,1.72634368215,3.9711179069
Jake Arrieta,0.0379310344828,0.55,0.251367419738,-0.289655172414
Jhonny Peralta,0.245454545455,0.917334360555,0.371552257267,-0.311688311688
Juan Lagares,0.130164217805,0.922897389689,0.790406863216,0.952136752137
Anthony Recker,0.0,1.0,0.0,0.0
Wilmer Flores,0.176972511217,0.97394286517,0.729641232753,-1.44496365524
Austin Hays,0.111278195489,0.840263925119,0.237669172932,-0.157142857143
Javy Guerra,0.0,1.0,0.0,0.0
Gregor Blanco,0.323101617484,0.963648462819,1.29782570322,1.08864468864
Drew Stubbs,0.145454545455,0.727272727273,0.214545454545,0.945454545455
Aaron Altherr,0.305700682671,0.972488143927,1.25740275036,1.09222359372
Brad Peacock,0.0,1.0,0.0,1.0
Avisail Garcia,0.226294592202,0.950824762295,1.76266559322,-1.23515754561
Carlos Carrasco,1.0,1.0,1.94289029309e-16,1.66533453694e-16
Mike Fiers,0.0,1.0,0.0,0.0
Hyun-Jin Ryu,0.128571428571,0.805120481928,0.310657596372,0.952380952381
Scott Van Slyke,0.223645320197,0.892277056277,0.531340241209,0.593103448276
Tyler Smith,0.145454545455,0.727272727273,0.214545454545,-0.0545454545455
Adam Jones,0.16337486494,0.983750106134,0.715335573716,3.1620702335
Luis Valbuena,0.355565046681,0.947280036862,2.44202939482,2.0524409677
Steven Okert,0.0,1.0,0.0,0.0
Albert Almora Jr.,0.155634441894,0.906862012403,1.48204397432,2.54024982651
Kelby Tomlinson,0.271756798313,0.950637785144,1.63490061584,-4.01493651979
Jim Adduci,0.35960591133,0.955668734981,0.543910310854,0.0689655172414
Zack Cozart,0.516428139488,0.990566341165,1.47670464398,2.03478608557
Will Middlebrooks,0.0350649350649,0.368181818182,0.223376623377,-0.207792207792
Alex Meyer,0.0,1.0,0.0,0.0
Nick Wittgren,0.0,1.0,0.0,0.0
Freddie Freeman,0.548048844697,0.987582825826,1.61797082975,3.29839816934
Jeremy Jeffress,0.0,1.0,0.0,0.0
C.J. Cron,0.236051605161,0.984699816312,0.641417821782,-1.32455445545
Cesar Hernandez,0.460577572965,0.987034183472,1.57680604608,-2.68380952381
Michael Fulmer,0.0,1.0,0.0,0.0
Cody Bellinger,0.478210620236,0.993934167558,1.21656080405,-1.05764411028
Travis Wood,0.0,1.0,0.0,0.0
Corey Kluber,0.0,1.0,0.0,0.0
Hector Rondon,0.0,1.0,0.0,0.0
Carlos Gomez,0.282396244532,0.9692550976,1.27799817807,3.91813186813
Freddy Galvis,0.291282541199,0.994666710787,0.760257941247,-2.08050314465
Tucker Barnhart,0.364185069774,0.966670955668,2.06196152507,-2.94201327733
Blake Wood,0.0,1.0,0.0,0.0
John Bormann,0.0,1.0,0.0,0.0
Tommy Joseph,0.266897728018,0.966743452239,1.7030587254,0.88632218845
Chase Bradford,0.0,1.0,0.0,0.0
Tyler Wade,0.115239154616,0.575455161548,0.706192065258,2.59569892473
Tony Wolters,0.439840663467,0.975585167886,1.31919468475,-0.386717602116
Jose Reyes,0.323897558839,0.972930713123,1.88602688722,1.69339111593
Josh Lindblom,0.0,1.0,0.0,0.0
Kristopher Negron,0.32967032967,0.901442307692,0.367346938776,-0.714285714286
Rich Hill,0.0,1.0,0.0,0.0
Logan Morrison,0.59960316432,0.989582978963,2.17142568,-2.85461636133
Mike Tauchman,0.114516129032,0.608816425121,0.666493236212,2.50806451613
Michael Saunders,0.222265097434,0.972886798562,0.632747014813,-0.501522070015
Curtis Granderson,0.539737595558,0.990502447842,1.80298704168,-5.75426334918
Devin Mesoraco,0.307313738893,0.963372477756,0.793959330144,1.72744360902
Tommy Milone,0.357142857143,0.892857142857,0.204081632653,-0.0714285714286
Travis Taijeron,0.182307692308,0.860010411563,0.455446153846,0.332307692308
Willson Contreras,0.360377503556,0.967501157185,1.79209632584,-2.54067197171
Luke Voit,0.114502278966,0.772059207661,0.961498439126,0.814132104455
Jaime Garcia,0.0411764705882,0.329411764706,0.210110294118,-0.183823529412
Micah Johnson,0.0,1.0,0.0,0.0
Aledmys Diaz,0.219084712756,0.951890289591,0.982066483428,-1.81012658228
Erick Aybar,0.236662160309,0.985954766361,0.689821399176,2.94288681205
Stephen Drew,0.141412272587,0.940590470926,0.385670809369,0.579093432007
Kevin Quackenbush,0.0,1.0,0.0,0.0
Jayson Werth,0.550013122212,0.97764353541,1.4235599935,-0.575452716298
Carlos Beltran,0.295231440072,0.981792110724,1.19955225278,-2.50721526535
Kevin Kiermaier,0.297432562528,0.968601125208,1.25966869735,4.2683982684
Jacob Stallings,0.5,0.78125,0.32,-0.4
Seth Smith,0.334283959284,0.987810270046,0.995554786095,0.470238095238
Willie Calhoun,0.175824175824,0.831168831169,0.258664412511,-0.362637362637
Brandon Phillips,0.157002035523,0.957115237775,1.14188653692,0.9087995338
Chris O'Grady,0.0,1.0,0.0,0.0
Giancarlo Stanton,0.55211383734,0.988422051634,2.39884383157,-3.77764509195
Derek Norris,0.289711336881,0.939310112898,0.946426778395,-1.17400419287
Johnny Cueto,0.0592307692308,0.740384615385,0.210830769231,-0.150769230769
Drew Pomeranz,0.0,1.0,0.0,0.0
Collin McHugh,0.0,1.0,0.0,0.0
Chris Taylor,0.342620313687,0.97341035075,1.79949052957,4.71891058582
Jose Peraza,0.142367608917,0.851838240374,2.0934343817,-2.37383449883
Antonio Senzatela,0.0,1.0,0.0,0.0
Franchy Cordero,0.244493882091,0.899460309367,0.570347299469,0.221505376344
Brian Duensing,0.0,1.0,0.0,0.0
David Washington,0.0,1.0,0.0,0.0
Jorge de la Rosa,0.0,1.0,0.0,0.0
Christian Bergman,0.0,1.0,0.0,0.0
James Hoyt,0.0,1.0,0.0,0.0
Joey Rickard,0.0855036855037,0.954675525775,0.497412400115,0.405405405405
Austin Hedges,0.166980345857,0.96279715957,0.963935921476,1.33966942149
Jimmy Yacabonis,0.0,1.0,0.0,0.0
Ryan McMahon,0.281862745098,0.805616471735,0.560553633218,1.27450980392
Jordan Zimmermann,0.0,1.0,0.0,0.0
T.J. McFarland,0.0,1.0,0.0,0.0
Kyle Kendrick,0.0,1.0,0.0,0.0
Jose Osuna,0.0810626266937,0.928441545575,0.527174822937,1.74835164835
Mike Montgomery,0.0,1.0,0.0,0.0
Buster Posey,0.454424788437,0.989097889417,1.67595219873,0.838905775076
Martin Maldonado,0.114397850174,0.930309142698,1.01248268836,2.11302262538
Yangervis Solarte,0.336743063367,0.964561570703,1.96992957081,0.446604330709
Yoenis Cespedes,0.207768744354,0.898675854641,1.33260471151,4.67690454682
Cam Perkins,0.158334008589,0.896890903983,0.525085435952,-0.769656699889
Paul Sewald,0.0,1.0,0.0,0.0
Jose Torres,0.0,1.0,0.0,0.0
Justin Grimm,0.0,1.0,0.0,0.0
Clint Frazier,0.203523361418,0.908604799459,0.574484136811,-0.554655870445
Tyler Lyons,0.0,1.0,0.0,1.0
Cliff Pennington,0.175785521616,0.963198824412,0.700495819015,2.74007314525
Jesen Therrien,0.0,1.0,0.0,0.0
Anibal Sanchez,0.0,1.0,0.0,0.0
Chris Coghlan,0.22380952381,0.894630264913,0.68925170068,0.252380952381
Christian Bethancourt,0.0,1.0,0.0,0.0
Nolan Fontana,0.272727272727,0.886363636364,0.287878787879,-0.5
Mark Leiter,0.0,1.0,0.0,0.0
John Lackey,0.119688542825,0.708127962317,0.593177604746,-0.868817204301
Josh Ravin,0.0,1.0,0.0,0.0
Richard Urena,0.174025974026,0.733097441481,0.416408987838,2.35497835498
Ryan Rua,0.255760368664,0.97554087847,0.606441859898,-0.97619047619
Tony Sipp,0.0,1.0,0.0,0.0
Jackie Bradley Jr.,0.358011614741,0.969939868523,2.06773273478,3.14114832536
Hunter Pence,0.271074565654,0.959630861841,1.87710551207,-0.221748400853
Rymer Liriano,0.196103896104,0.842609016999,0.430303030303,0.467532467532
Wilson Ramos,0.141941391941,0.928798554128,0.627589858059,0.841346153846
Nick Pivetta,0.0,1.0,0.0,0.0
Anthony Banda,0.0,1.0,0.0,0.0
O'Koyea Dickson,0.142857142857,0.428571428571,0.238095238095,1.47619047619
Clay Buchholz,0.0,1.0,0.0,0.0
Max Stassi,0.408791208791,0.811350844278,0.673469387755,1.05714285714
David Price,0.0,1.0,0.0,0.0
Jason Castro,0.37831977098,0.988365260066,1.02009848502,4.79066339066
Chris Rusin,0.0,1.0,0.0,0.0
Franklin Barreto,0.15,0.649422735346,0.6672,1.48
Rick Porcello,0.0,1.0,0.0,0.0
Jarrett Parker,0.207587034814,0.969154986717,0.435806962785,-0.105882352941
Adam Wilk,0.0,1.0,0.0,0.0
Evan Gattis,0.181684722082,0.958901130828,0.690994470077,4.35294117647
Stephen Vogt,0.256388373531,0.936011728589,1.57469637625,-0.896363636364
Julio Teheran,0.0420168067227,0.735294117647,0.211764705882,-0.142857142857
Matt Wisler,0.0,1.0,0.0,0.0
Lewis Brinson,0.283458646617,0.822662892798,0.660902255639,0.857142857143
Jose Ramirez,0.306871032106,0.989949098128,1.04047063865,3.46604026846
Jake Thompson,0.0833333333333,0.333333333333,0.208333333333,-0.166666666667
Darrell Ceciliani,0.0,1.0,0.0,0.0
Drew Butera,0.17146514936,0.918824645416,0.933007112376,-1.86421052632
Kolten Wong,0.372788875734,0.988186336884,1.00164795496,1.38141421266
Ruben Tejada,0.192682926829,0.937891799055,0.486853063653,-0.512195121951
Ramon Flores,0.0,1.0,0.0,0.0
Pedro Alvarez,0.215384615385,0.753846153846,0.413186813187,-0.4
Clayton Kershaw,0.162055335968,0.906932829781,0.286303488572,0.391304347826
Neil Walker,0.433428758199,0.971365940139,1.89470603062,-0.394594594595
Greg Allen,0.0753846153846,0.721454326923,0.275692307692,0.615384615385
Austin Brice,0.0,1.0,0.0,0.0
Alex Presley,0.200402414487,0.974991795433,0.49384305835,1.51468812877
Ricardo Pinto,0.0,1.0,0.0,0.0
Francisco Lindor,0.346365633545,0.993141394988,1.04103398932,2.17589416952
Matt Grace,0.0,1.0,0.0,0.0
Dietrich Enns,0.0,1.0,0.0,0.0
Archie Bradley,0.0,1.0,0.0,0.0
Alex Verdugo,0.0285714285714,0.2,0.14693877551,1.74285714286
Jesse Chavez,0.0,1.0,0.0,0.0
Shin-Soo Choo,0.54528998249,0.97181090435,3.36335444508,4.38064574642
Rob Brantly,0.274725274725,0.858516483516,0.349957734573,0.351648351648
Bartolo Colon,0.0,1.0,0.0,0.0
Matt den Dekker,0.4,0.8,0.2,-0.1
Phil Gosselin,0.0701688555347,0.8776973903,0.252626641651,-0.318292682927
Chasen Shreve,0.0,1.0,0.0,0.0
Eduardo Nunez,0.152787509366,0.989739387206,0.413576142824,0.560488176964
Eric Young,0.0764338575393,0.521196367905,0.822007794202,2.49734042553
Brandon Belt,0.606059959458,0.992730110695,1.26833580908,2.76868131868
Mike Napoli,0.379145116147,0.977787193688,1.53226720502,-2.60752688172
Cory Gearrin,0.0,1.0,0.0,0.0
Edwin Diaz,0.0,1.0,0.0,0.0
Justin Smoak,0.493475523912,0.987210690427,2.09494071842,-6.86051761671
Gregory Bird,0.381706753006,0.951274739112,0.957845375637,1.88031914894
Andrew Miller,0.0,1.0,0.0,0.0
Jacoby Ellsbury,0.371998946999,0.98022885113,1.37240362511,-1.33381595882
Ryon Healy,0.138882802288,0.981067659323,0.661594424924,1.29692958264
Nick Martinez,0.0,1.0,0.0,1.0
Alberto Rosario,0.0,1.0,0.0,0.0
Ben Lively,0.0,1.0,0.0,0.0
Ryan LaMarre,0.5,0.75,0.222222222222,0.166666666667
Kenta Maeda,0.0,1.0,0.0,0.0
R.A. Dickey,0.0,1.0,0.0,0.0
Troy Tulowitzki,0.267278989667,0.977072311583,0.645767348888,-0.0502035278155
Wade Miley,0.0,1.0,0.0,0.0
Brandon Guyer,0.264340518816,0.93356220624,1.18525519849,-3.29192546584
Alex Wood,0.0711111111111,0.775340501792,0.245391190007,-0.196581196581
JaCoby Jones,0.143548694492,0.889368654237,0.647287221152,2.15892255892
Albert Suarez,0.0,1.0,0.0,0.0
Jace Peterson,0.268553414815,0.952808520825,1.29291752988,0.817926455567
Omar Narvaez,0.392188336009,0.966995526606,1.59177932346,2.13650793651
Colin Moran,0.107142857143,0.375,0.224489795918,-0.178571428571
Brandon Crawford,0.297843002068,0.983633794176,1.32069407988,-2.38461538462
Mike Ohlman,0.0,1.0,0.0,0.0
Daniel Descalso,0.393671905939,0.986579831535,1.44571786923,-2.30722254844
Zack Godley,0.0530769230769,0.520214160839,0.294276923077,1.08307692308
Yan Gomes,0.335538046859,0.97457093044,1.33530167945,0.475831087152
Danny Valencia,0.279812642532,0.97098310188,1.62247739179,2.67516147974
Jason Kipnis,0.350648092705,0.966455937416,1.34190872748,-2.53728294178
Mitch Moreland,0.375731573239,0.975827123949,2.22555924827,4.59994558317
Madison Bumgarner,0.0892857142857,0.669642857143,0.230952380952,1.04166666667
Juan Nicasio,0.0,1.0,0.0,0.0
Alex Avila,0.541813305088,0.990810191595,1.4525741907,2.00079013906
Wei-Yin Chen,0.0,1.0,0.0,0.0
Robert Stephenson,0.0,1.0,0.0,0.0
Joe Ross,0.0157894736842,0.15,0.116343490305,0.805263157895
Carlos Perez,0.0818181818182,0.45,0.242975206612,-0.227272727273
Ramon Torres,0.14371657754,0.706142048232,0.776859504132,0.579322638146
Ty Blach,0.166666666667,0.75,0.617283950617,0.277777777778
Ryan Zimmerman,0.327565392354,0.981981859894,1.44220639971,-1.95794625911
Francisco Pena,0.0,1.0,0.0,0.0
Matt Carpenter,0.737934600611,0.991439883821,2.32125542142,1.43181818182
Junichi Tazawa,0.0,1.0,0.0,0.0
Trevor Plouffe,0.250801080108,0.983502272797,0.768792439244,1.80534653465
Nick Hundley,0.118649864986,0.970578848236,0.488315751575,-0.663168316832
Ezequiel Carrera,0.254093323683,0.957205430353,1.65482124043,-1.24286553142
Cory Spangenberg,0.282308643106,0.965446782186,1.67308993602,-3.89534883721
Shane Robinson,0.188721804511,0.919789765676,0.268872180451,-0.0428571428571
Nori Aoki,0.212933588652,0.964653463946,0.902708752557,0.663608562691
Aaron Judge,0.855439143242,0.995414941826,2.02378490976,-7.55933952528
Kyle Freeland,0.0402298850575,0.563218390805,0.250821018062,0.206896551724
David Freitas,0.0,1.0,0.0,0.0
David Phelps,0.0,1.0,0.0,0.0
Hansel Robles,0.0,1.0,0.0,0.0
Chris Carter,0.352564780539,0.975743207823,0.812468032353,-0.560549973559
Michael Martinez,0.222832722833,0.938468582699,0.3624112513,-0.785714285714
Ildemaro Vargas,0.0,1.0,0.0,0.0
Manuel Margot,0.267066052227,0.971887819217,1.36157266974,0.0499047619048
Jett Bandy,0.290052792442,0.97359921338,0.687971967522,-0.573224043716
Jorge Soler,0.352380952381,0.883058243218,1.10204081633,2.00952380952
Jeff Locke,0.178571428571,0.625,0.244897959184,-0.25
Jarred Cosart,0.0,1.0,0.0,0.0
Blake Swihart,0.228571428571,0.685714285714,0.222222222222,0.761904761905
Lorenzo Cain,0.301961809471,0.989102301296,1.03477495638,8.4584623323
Edinson Volquez,0.0892857142857,0.669642857143,0.230952380952,-0.291666666667
Hector Velazquez,0.0,1.0,0.0,0.0
Daniel Gossett,0.0,1.0,0.0,0.0
Odubel Herrera,0.205583661583,0.94183108992,1.74646036432,2.94731831165
Luis Sardinas,0.122660098522,0.901963922025,0.29040258196,0.213793103448
Mitch Haniger,0.294336679327,0.886668564836,2.46802461076,7.34192439863
Andrew Knapp,0.563059163059,0.976296149243,1.12171061262,-0.402597402597
Craig Stammen,0.285714285714,0.857142857143,0.214285714286,-4.4408920985e-16
Zack Wheeler,0.025,0.1875,0.14,0.758333333333
Alex Cobb,0.0,1.0,0.0,0.0
Franklin Gutierrez,0.218207282913,0.962689574212,0.341960784314,-0.138095238095
Nomar Mazara,0.41982956796,0.994312369619,1.07083470359,-2.44531108289
Jose Altuve,0.381794746433,0.989737338853,1.41660297001,1.32962472406
John Brebbia,0.0,1.0,0.0,0.0
Marwin Gonzalez,0.34481589122,0.987429856322,1.27880823334,2.49031670084
Jackson Stephens,0.0,1.0,0.0,0.0
Cole Hamels,0.0,1.0,0.0,0.0
Brandon Woodruff,0.228571428571,0.685714285714,0.222222222222,-0.238095238095
Luis Severino,0.0,1.0,0.0,0.0
Brian McCann,0.359838523038,0.954901261207,1.69376205153,4.27414264675
Lonnie Chisenhall,0.368476144109,0.973484643392,1.21677923903,-2.44651898734
Barrett Astin,0.0,1.0,0.0,0.0
Justin Verlander,0.0,1.0,0.0,0.0
Hanley Ramirez,0.409944013399,0.983887718023,1.66021378231,2.08806106175
Max Scherzer,0.185094549499,0.896731357823,0.449042145594,-0.750537634409
Jon Jay,0.28963941309,0.972879644921,1.62579119509,-1.09422492401
Trevor Cahill,0.145454545455,0.727272727273,0.214545454545,-0.0545454545455
Ryan Goins,0.222082981448,0.993270140979,0.617018974391,0.723431498079
Rio Ruiz,0.316470588235,0.949012677809,0.8861514802,-0.186274509804
Gift Ngoepe,0.1964969896,0.797733335809,0.5982484948,3.70443349754
Mookie Betts,0.506636185321,0.995963148931,1.1764331565,-0.93524251806
Ryan Flaherty,0.194664031621,0.90371181073,0.345677951538,0.119565217391
Enny Romero,0.0,1.0,0.0,0.0
Mikie Mahtook,0.22481827622,0.866876055143,2.276559816,-2.97144340602
Eddie Butler,0.0,1.0,0.0,1.0
Kendrys Morales,0.286098313078,0.986202158722,1.16578162415,0.0569127516779
Scooter Gennett,0.245631234214,0.969038317332,1.41224177215,-3.88922185596
Tyler Collins,0.432959183673,0.975690400832,0.761045397751,-2.32979591837
Lane Adams,0.145590492049,0.891970872734,1.05264763197,-2.29885395239
Niko Goodrum,0.136363636364,0.75,0.206611570248,-0.227272727273
Trey Mancini,0.235997249696,0.991202956034,0.764662467606,-0.622357050928
Jeff Samardzija,0.0,1.0,0.0,0.0
Jordan Montgomery,1.0,1.0,1.11022302463e-16,1.0
Brett Phillips,0.292318634424,0.971718771572,0.42801122602,-0.856330014225
Sam Gaviglio,0.0,1.0,0.0,0.0
Jen-Ho Tseng,0.0,1.0,0.0,0.0
Brian Dozier,0.500698909701,0.985587840462,2.03080908069,1.73469387755
Jake Odorizzi,0.0,1.0,0.0,0.0
Mike Clevinger,0.0,1.0,0.0,0.0
Jeimer Candelario,0.431557063136,0.898110422216,1.3512476892,-1.87854251012
German Marquez,0.0,1.0,0.0,0.0
Brett Eibner,0.115196078431,0.780014124294,0.2592272203,0.0196078431373
Deck McGuire,0.0,1.0,0.0,0.0
Chris Herrmann,0.294944202333,0.971010773097,1.2672659547,-1.39023099982
Ian Parmley,0.0,1.0,0.0,0.0
Bronson Arroyo,0.0,1.0,0.0,0.0
Bryce Harper,0.621239922157,0.985716000858,1.86819801415,5.73744787323
Didi Gregorius,0.190851960294,0.958014895582,1.30887136123,-0.987206823028
Colby Rasmus,0.134423897582,0.697693950363,0.778516781362,3.06685633001
Nick Markakis,0.446800271847,0.9960406052,1.05234591886,-0.735995427078
Grant Green,0.0,1.0,0.0,0.0
Stephen Piscotty,0.482313912503,0.980379662032,1.73712232063,3.42443845463
Brett Gardner,0.50072370686,0.985709599055,2.09232354974,2.31842916742
Justin Turner,0.518688506261,0.981722042202,2.25656895273,-4.05652951699
Jeurys Familia,0.0,1.0,0.0,0.0
Joey Gallo,0.528884334057,0.980313142369,2.7669904542,-2.49578544061
Amir Garrett,0.0,1.0,0.0,0.0
Jose Martinez,0.305905259789,0.952860154634,1.75313400192,-2.76373626374
Travis d'Arnaud,0.187442962443,0.967976435285,0.921616245941,2.44739382239
Cheslor Cuthbert,0.173951828724,0.828870330117,1.11372553595,-0.595558153127
Marcell Ozuna,0.392812755283,0.98337822251,1.95872956228,0.613565798901
Kyle Schwarber,0.449731663685,0.987672281383,1.44108573357,5.86058437686
Randal Grichuk,0.218012464436,0.973319062436,1.07243100164,1.72916948923
Christian Yelich,0.529883020206,0.993802545323,1.53412539594,-4.62034739454
Mike Moustakas,0.224711518996,0.974794123101,1.21730248191,-0.866927592955
Anthony Rendon,0.605486063233,0.994099388554,1.59277735955,-0.513986013986
Raimel Tapia,0.129557910121,0.909753532914,0.683632949084,0.913871635611
Shane Peterson,0.228476084538,0.934840393709,0.440949202818,-0.812903225806
Josh Tomlin,0.0,1.0,0.0,0.0
Ross Stripling,0.0,1.0,0.0,0.0
Josh Hader,0.0,1.0,0.0,0.0
Yovani Gallardo,0.0,1.0,0.0,0.0
Chris Devenski,0.0,1.0,0.0,0.0
Tommy La Stella,0.249691472294,0.969855195432,0.682448915419,1.76453165494
Tommy Pham,0.542240813648,0.987341260405,1.98679009858,-2.16117125984
Rey Fuentes,0.120146520147,0.949770570859,0.40665851076,-0.253365384615
Arismendy Alcantara,0.0100953547371,0.336984609779,0.219040453904,0.580281690141
Kurt Suzuki,0.189416315049,0.936885746971,0.914797819972,2.95555555556
Josh Harrison,0.257742400659,0.975157474266,1.25346955972,-1.16351744186
Ryan Schimpf,0.488630865989,0.916407567347,1.71967394182,4.82389937107
Taijuan Walker,0.0323076923077,0.403846153846,0.2336,0.452307692308
Brett Anderson,0.3,0.6,0.25,-0.2
Austin Barnes,0.382166569598,0.989305965087,0.913678128442,1.08969132207
Matt Reynolds,0.215100965759,0.881838749486,1.3713259864,-1.59086918349
Brian Ellington,0.0,1.0,0.0,0.0
Gio Gonzalez,0.0867630700779,0.742052573034,0.35823507601,0.941935483871
Charlie Morton,0.0,1.0,0.0,0.0
Kyle Higashioka,0.233333333333,0.816666666667,0.251851851852,-0.266666666667
Roberto Perez,0.402630394238,0.986316022222,0.828551258507,-0.987823439878
Addison Russell,0.271652302845,0.965279045442,1.35348944372,1.18398665555
Masahiro Tanaka,0.0,1.0,0.0,0.0
Jacob deGrom,0.0618792971734,0.811502782931,0.255021794814,-0.344537815126
Erick Fedde,0.0,1.0,0.0,0.0
Jonathan Villar,0.263207113849,0.924106328361,2.27411720585,3.37105157937
Bryan Holaday,0.0,1.0,0.0,0.0
Justin Upton,0.464925060997,0.990075290352,1.73877881626,2.2564482398
Luke Jackson,0.0,1.0,0.0,0.0
Tomas Nido,0.0,1.0,0.0,0.0
Nick Tepesch,0.0,1.0,0.0,0.0
Luke Sims,0.0,1.0,0.0,0.0
Jose Bautista,0.544326784783,0.995401940012,1.3598447703,3.4877511024
Carlos Asuaje,0.34746926843,0.978559958053,1.08426505999,-1.2740040858
Jakob Junis,0.0,1.0,0.0,0.0
Bruce Maxwell,0.424675324675,0.971342145174,1.38081807389,0.535201640465
Matt Olson,0.331993777547,0.932850624904,1.25056440254,1.56382335148
Juan Centeno,0.145115753811,0.825437094617,0.351162671321,1.61264822134
Raudy Read,0.0,1.0,0.0,0.0
Hernan Perez,0.126158423568,0.945185273816,0.93781583489,2.88812636166
Alen Hanson,0.116870292465,0.937421330265,0.783202095496,-0.918709222359
Chris Archer,0.0,1.0,0.0,0.0
Fernando Salas,0.0,1.0,0.0,0.0
Tim Federowicz,0.032967032967,0.214285714286,0.155536770921,0.725274725275
Daniel Robertson,0.349159570529,0.96101532503,1.30895384092,1.97189189189
Seth Lugo,0.0,1.0,0.0,0.0
Brock Stewart,0.0,1.0,0.0,0.0
Gary Sanchez,0.330497222599,0.982282088916,1.28171617768,3.04619970194
Ariel Miranda,0.0,1.0,0.0,0.0
Trevor Bauer,0.0,1.0,0.0,0.0
Michael Feliz,0.0,1.0,0.0,0.0
Leury Garcia,0.179616963064,0.967878729063,0.684982698962,-1.24979480164
Ian Kinsler,0.367157018314,0.98946638245,1.19579981629,5.98952713424
Juan Graterol,0.0312092922275,0.749023013461,0.208496918271,-0.212585034014
Adam Conley,0.169117647059,0.889075630252,0.232536764706,-0.205882352941
Adam Wainwright,0.0469565217391,0.56347826087,0.250688405797,-0.29
Mike Zunino,0.319962234461,0.987446275585,1.04648145986,-2.41961290323
Greg Garcia,0.289270271713,0.991390853996,0.811189870674,0.495142262318
Raisel Iglesias,0.0,1.0,0.0,0.0
Jorge Alfaro,0.10197044335,0.723556231003,0.442704263632,0.0206896551724
Mark Reynolds,0.509789555879,0.990554856265,1.66422080185,-1.13782499301
Yolmer Sanchez,0.271942446043,0.985750610836,0.993965115677,-1.10215827338
Matt Moore,0.0581280788177,0.759214830971,0.228707321216,-0.227586206897
Manny Machado,0.303028243587,0.972353436621,1.87069879978,6.36787522456
Taylor Motter,0.246173882219,0.957131911892,1.19017777149,1.896914446
Billy Hamilton,0.30962062648,0.993363778642,0.802190902892,0.614594039054
Starlin Castro,0.204729166197,0.977750294932,0.790261827526,1.02407862408
Yoan Moncada,0.544997141224,0.978030710212,1.12724966883,1.63164983165
Homer Bailey,0.0,1.0,0.0,0.0
Ivan Nova,0.0,1.0,0.0,0.0
Chance Sisco,0.345454545455,0.813673929376,0.396363636364,-0.254545454545
Francisco Cervelli,0.414588979223,0.980296816149,1.19079371452,-0.472448057814
Patrick Corbin,0.208221925134,0.96632834285,0.302557662183,-0.483065953654
Chris Marrero,0.160714285714,0.860969387755,0.24,-0.325
Chris Flexen,0.0,1.0,0.0,0.0
Yacksel Rios,0.0,1.0,0.0,0.0
Vance Worley,0.0,1.0,0.0,0.0
Max Fried,0.0,1.0,0.0,1.0
Tyler Mahle,0.0,1.0,0.0,0.0
Yasiel Puig,0.421631230394,0.98141245584,2.14990136628,0.808121296619
Dillon Peters,0.0,1.0,0.0,0.0
Tzu-Wei Lin,0.483913043478,0.910943285228,0.906920289855,-0.94
Robinson Chirinos,0.382762142933,0.922297129145,2.3785086343,-1.19560776302
Luis Avilan,0.0,1.0,0.0,0.0
Mitch Garver,0.245059288538,0.699608699609,0.899810964083,2.0
Tony Kemp,0.0735294117647,0.625,0.242214532872,-0.294117647059
Derek Fisher,0.290275761974,0.902176500808,1.2346578306,3.71698113208
Dallas Keuchel,0.0,1.0,0.0,0.0
Dixon Machado,0.127637911884,0.923055005436,0.63266775877,0.144761199556
Miguel Sano,0.451552219442,0.952985975096,2.56590447867,8.69874895746
Ricky Nolasco,1.0,1.0,2.59052039079e-16,3.33066907388e-16
Corey Seager,0.481498976539,0.959476920973,3.68298839716,4.3941426547
Ben Gamel,0.229499120937,0.947443103594,1.59166193497,7.72338308458
Pedro Florimon,0.153846153846,0.698005698006,0.32967032967,0.857142857143
Justin Bour,0.41066716206,0.98568935152,1.29604089563,1.4089364594
Dansby Swanson,0.43590907145,0.982081875701,1.9552092698,-1.7051243632
Kyle Hendricks,0.0,1.0,0.0,0.0
Rob Scahill,0.0,1.0,0.0,0.0
Brad Hand,0.0,1.0,0.0,0.0
Amed Rosario,0.0905138339921,0.924730726327,0.281167227834,-0.502415458937
Jake Smolinski,0.0220588235294,0.176470588235,0.133272058824,-0.102941176471
Matt Davidson,0.161938587421,0.969418649576,0.791719912822,1.82978415182
Pete Kozma,0.0827935222672,0.893531443629,0.275992248867,0.375641025641
Jason Hammel,0.0,1.0,0.0,0.0
Emilio Bonifacio,0.0180544917387,0.343035343035,0.215271738817,0.534412955466
Jose Berrios,0.0,1.0,0.0,0.0
Brian Johnson,0.0,1.0,0.0,0.0
Jhoulys Chacin,0.0,1.0,0.0,0.0
Trea Turner,0.325360298759,0.934205963509,2.18728540412,-3.45234588681
Travis Jankowski,0.273504273504,0.792219274978,0.907882241216,2.33333333333
Luis Perdomo,0.0555555555556,0.75,0.208504801097,-0.203703703704
Jeff Hoffman,0.0,1.0,0.0,0.0
John Jaso,0.333048368954,0.978654734534,1.45461483981,-1.92663417073
Matt Bowman,0.0,1.0,0.0,0.0
Jordy Mercer,0.348515981735,0.974310864767,2.01391705895,4.52753897024
Christian Arroyo,0.322230710466,0.929813896365,0.742812205096,-0.993277310924
Andrew Albers,0.0,1.0,0.0,0.0
Wily Peralta,0.178571428571,0.714285714286,0.214285714286,0.0
Jason Vargas,0.0,1.0,0.0,0.0
Jorge Polanco,0.286766668446,0.983168232564,1.18731079538,1.16169326856
Andres Blanco,0.173181249131,0.946192815521,0.745531218754,0.55047062642
Whit Merrifield,0.192307692308,0.984156053631,0.781603012372,1.5
Conor Gillaspie,0.14658210007,0.918345687189,0.450989813569,-0.151515151515
Austin Jackson,0.38126961628,0.97983515991,1.11288692184,0.510644257703
Austin Romine,0.210560243788,0.874944870536,1.45842123769,0.24537037037
Paul Goldschmidt,0.606876993974,0.990521737876,2.06092920607,5.51563275434
Jason Heyward,0.300883389576,0.980721574226,1.14312085592,0.186851643545
Dustin Pedroia,0.489069668196,0.990429405462,1.15445859219,-0.0813186813187
Taylor Featherston,0.301470588235,0.921600877193,0.347750865052,0.117647058824
Jose Iglesias,0.177538014311,0.989253166801,0.573265694554,-1.30041741205
Steven Matz,0.0,1.0,0.0,0.0
Derek Dietrich,0.240167583137,0.917538296158,2.3586513622,-1.18009950249
Carlos Gonzalez,0.403594771242,0.981076432931,1.76527233115,-0.174183006536
Miguel Andujar,0.0,1.0,0.0,1.0
Carlos Correa,0.519602656792,0.992869045523,1.13575709834,-1.48286604361
Jose Pirela,0.314428445489,0.912908241327,1.93308630118,-0.636791066706
Michael Lorenzen,0.0,1.0,0.0,0.0
Carson Kelly,0.170359052712,0.927651779419,0.373432795578,-0.252100840336
Jordan Lyles,0.145454545455,0.727272727273,0.214545454545,-0.254545454545
Jarrod Dyson,0.260512460512,0.977801650133,1.10878038446,0.617760617761
CC Sabathia,1.0,1.0,1.94289029309e-16,1.66533453694e-16
Paolo Espino,0.0,1.0,0.0,0.0
Javier Baez,0.209902740937,0.972859318837,1.30667264302,-1.35526819923
Alcides Escobar,0.0898525197038,0.967443760853,0.610681209033,0.455110062893
Jesus Aguilar,0.193905130627,0.972959956131,1.02310710218,-1.34472544999
Jarrod Saltalamacchia,0.0545454545455,0.272727272727,0.185454545455,-0.145454545455
Michael Blazek,0.0,1.0,0.0,0.0
Maikel Franco,0.273178807947,0.987236350485,1.14445020271,2.39473684211
Jose Lobaton,0.284524886878,0.977332015029,0.527080117115,-0.230769230769
Ben Zobrist,0.40695303712,0.992475180369,0.994836828959,3.74778543307
Martin Prado,0.141299193931,0.903691944478,0.399446388067,0.916073968706
Tyler Pill,0.0,1.0,0.0,0.0
Sandy Leon,0.320324408833,0.983800178427,0.770456954328,-2.88891928865
Joe Musgrove,0.0,1.0,0.0,0.0
Pablo Sandoval,0.21101683127,0.97956586044,0.559637052334,1.14508276534
David Peralta,0.276510463362,0.984352334858,1.01787374616,-0.281762917933
Guillermo Heredia,0.211697139326,0.985425259861,0.761075599566,0.897241103559
Eric Hosmer,0.433260687843,0.988869419976,1.86258517554,-3.27161949686
Stephen Strasburg,0.0830769230769,0.8127090301,0.251076923077,-0.276923076923
Erasmo Ramirez,0.0,1.0,0.0,0.0
Jeff Mathis,0.247096415671,0.855307852571,1.59444444444,-2.20601092896
Jacob May,0.239285714286,0.90406820623,0.270317460317,-0.208333333333
Yu Darvish,0.116666666667,0.525,0.249382716049,-0.244444444444
Pedro Baez,1.0,1.0,1.94289029309e-16,1.66533453694e-16
Austin Bibens-Dirkx,0.0,1.0,0.0,0.0
John Ryan Murphy,0.0,1.0,0.0,0.0
Mike Leake,0.157948717949,0.856173285199,0.402840236686,-0.205128205128
Blake Snell,0.0,1.0,0.0,1.0
Victor Martinez,0.354333402447,0.979077630677,1.34569960737,0.727044025157
Jose Quintana,0.0642857142857,0.482142857143,0.247619047619,-0.25
Trayce Thompson,0.216727716728,0.752112659245,0.866835496465,0.812169312169
Justin Ruggiano,0.0,1.0,0.0,1.0
Shelby Miller,0.8,0.8,0.4,-0.2
Travis Shaw,0.442874027381,0.980261552574,2.03312328369,-4.5
Robinson Cano,0.337471431163,0.987861190088,1.32893249269,2.39624161074
Dexter Fowler,0.573613193403,0.989442217887,1.65674662669,-2.3275862069
Darwin Barney,0.13922873558,0.910743881222,1.25633875971,0.401162790698
Daniel Nava,0.317405063291,0.9774377429,0.85697804839,2.77310126582
Adrian Sanchez,0.0288770053476,0.490909090909,0.249197860963,-0.270588235294
Brock Stassi,0.196926770708,0.933637788063,0.586397118848,1.07529411765
Kike Hernandez,0.318816747844,0.97807780271,1.66247506575,-1.32929085303
Ryder Jones,0.224921027918,0.962329594883,0.552341579704,-0.985486211901
Drew Robinson,0.252876682588,0.797328458964,1.4979080728,4.11989795918
Max Kepler,0.322659148363,0.98259654461,1.4419502245,3.04924242424
Eddie Rosario,0.252045154387,0.982234403829,1.14649783843,-2.40341067934
Dillon Overton,0.0,1.0,0.0,0.0
Rob Refsnyder,0.163152053274,0.922226725709,0.586849588557,0.647314949202
Chris Sale,0.0,1.0,0.0,0.0
Harrison Bader,0.14241202346,0.889234693953,0.375767503666,0.636363636364
Scott Schebler,0.282756111135,0.991039796241,0.884147539024,1.10778144042
Elvis Andrus,0.248342522591,0.981696629971,1.20825073417,0.32355075385
Johnny Giavotella,0.0,1.0,0.0,0.0
Teoscar Hernandez,0.178266178266,0.798551448551,0.541009059528,-0.0582010582011
Tyler Anderson,0.0941176470588,0.752941176471,0.207352941176,-0.205882352941
Rene Rivera,0.212306553128,0.977689519283,0.556734742888,-1.53297297297
Jedd Gyorko,0.407017838026,0.979814858235,1.66318513245,-2.63296616837
Alex Gordon,0.281097703798,0.949999442301,2.3520690477,3.40503769075
Domingo Santana,0.497207875906,0.997675996116,0.84502935933,0.311346578366
Taylor Davis,0.0,1.0,0.0,0.0
Josh Rutledge,0.258653390232,0.901490364661,0.759665782425,0.50640113798
Brandon McCarthy,0.189285714286,0.775681148748,0.360158730159,0.941666666667
Adam Duvall,0.229897853497,0.991202606732,0.788259687927,1.55204386036
Rafael Devers,0.298040542619,0.986183328493,0.477957828124,2.28170660432
Lisalverto Bonilla,0.2,0.5,0.24,0.4
Jameson Taillon,0.0,1.0,0.0,0.0
Jonathan Schoop,0.238630903551,0.990358204004,0.909207305461,-1.0649068323
Miguel Socolovich,0.0,1.0,0.0,0.0
Cody Reed,0.0,1.0,0.0,0.0
Adam Lind,0.229198549471,0.960804764963,1.22114914116,0.217978574755
DJ LeMahieu,0.384426976532,0.984881291801,1.73234399304,0.35217723453
Nelson Cruz,0.435808340932,0.994584884188,1.18618281757,2.46585672392
Justin Nicolino,0.0,1.0,0.0,0.0
Trevor Story,0.324259660527,0.977248746002,1.68084036847,5.29924242424
Ty Kelly,0.139020825722,0.965434658231,0.421539504271,-0.900621118012
Junior Guerra,0.0,1.0,0.0,0.0
Joey Wendle,0.0,1.0,0.0,1.0
Tyler White,0.142857142857,0.816831683168,0.331065759637,1.04761904762
Alex Bregman,0.385247302128,0.982905565532,1.81527779426,0.0454076367389
Josh Phegley,0.162747778537,0.829008931809,0.975909335026,-1.76127819549
Steve Selsky,0.0,1.0,0.0,0.0
Doug Fister,0.0,1.0,0.0,0.0
Steven Souza Jr.,0.542478598252,0.993496011237,1.45335274398,2.23579702151
Ben Revere,0.164905940135,0.885981628128,1.61049430421,-2.69391159299
Ian Kennedy,0.0,1.0,0.0,1.0
Jonathan Lucroy,0.345223201042,0.945679361882,2.4480283942,-4.71715184894
Chris Owings,0.191129286766,0.972887139833,0.725377461007,1.10414475068
Jorge Bonifacio,0.345850275054,0.977285149015,1.39659642259,-0.0696902654867
Rob Segedin,0.0,1.0,0.0,0.0
Pedro Severino,0.0735294117647,0.3125,0.406574394464,-0.352941176471
Nick Delmonico,0.643707965319,0.95001537215,1.51724989485,-0.52934662237
Johnny Barbato,0.0,1.0,0.0,0.0
Matt Adams,0.193880061867,0.960863715548,1.21143426215,0.470595472441
Billy Burns,0.0,1.0,0.0,0.0
Jaff Decker,0.56862745098,0.949477843635,0.549019607843,-0.490196078431
Chris Young,0.319998353706,0.990368922309,0.689188148514,2.23785103785
Jesse Winker,0.349791859389,0.918778776395,1.22100793198,1.03989361702
Tanner Roark,0.0246305418719,0.357142857143,0.220146084593,0.51724137931
Mark Zagunis,0.714285714286,0.961538461538,0.244897959184,-0.285714285714
Tuffy Gosewisch,0.136363636364,0.75,0.206611570248,-0.136363636364
Ian Desmond,0.27501417445,0.96063246574,1.25091605827,-3.22054449783
Kevin Gausman,0.0,1.0,0.0,0.0
Nick Franklin,0.153190559441,0.895577090186,0.784810381926,-1.67132867133
Ian Happ,0.307788211158,0.993632556483,0.670275388621,2.6299850075
John Gant,0.0,1.0,0.0,0.0
Francisco Mejia,0.136363636364,0.75,0.206611570248,-0.136363636364
Anthony Rizzo,0.586143730935,0.993157638901,1.79137881588,1.46488649355
Gorkys Hernandez,0.245905626259,0.986487013329,0.819835976484,-0.138444767442
Raffy Lopez,0.354347826087,0.914144484076,0.636111111111,0.133333333333
Boog Powell,0.317556561086,0.972410331874,0.637597373791,0.100301659125
Ehire Adrianza,0.256375593716,0.972136303616,0.700517333587,0.138302277433
Gerardo Parra,0.186921950895,0.962239896091,1.03492569233,-1.60922217047
Scott Feldman,0.0,1.0,0.0,0.0
Andrew Cashner,0.0,1.0,0.0,0.0
Ariel Hernandez,0.0,1.0,0.0,0.0
Sal Romano,0.0892857142857,0.669642857143,0.230952380952,-0.291666666667
Anthony Alford,0.0,1.0,0.0,0.0
Cameron Maybin,0.492015436822,0.95563444223,2.99171807662,3.23474615743
Chad Huffman,0.109090909091,0.6,0.247933884298,0.181818181818
Deven Marrero,0.171596244131,0.965855617183,0.522674072605,-0.118544600939
Braden Shipley,0.0,1.0,0.0,0.0
Chris Gimenez,0.439806244601,0.974522660679,1.21976301691,2.01629026287
Andrelton Simmons,0.282789160869,0.991626525042,0.958211031673,2.64915213757
A.J. Jimenez,0.0,1.0,0.0,0.0
Eric Thames,0.53795713779,0.968322124459,3.22340110529,5.49190733101
Kyle Lloyd,0.0,1.0,0.0,0.0
Matt Boyd,0.0,1.0,0.0,0.0
Ryan Lavarnway,0.228571428571,0.685714285714,0.222222222222,0.0952380952381
David Freese,0.473738546204,0.974199189706,2.49112371412,2.57463300059
Bradley Zimmer,0.275036818851,0.982392915618,0.803971881026,1.45802650957
Jack Reinheimer,0.0,1.0,0.0,0.0
Brent Suter,0.0,1.0,0.0,0.0
Steven Brault,0.0,1.0,0.0,0.0
Brian Goodwin,0.369252041932,0.97027945023,1.10428591335,-2.27511415525
Erik Gonzalez,0.0545295149036,0.840808461316,0.329015641562,-0.276271186441
Steve Lombardozzi,0.0,1.0,0.0,0.0
Jake Marisnick,0.184608408696,0.971246639393,0.802612810911,0.00617175101393
Rhys Hoskins,0.794832826748,0.98573271637,1.10521149949,-0.678571428571
Alec Asher,0.0,1.0,0.0,0.0
Paul Janish,0.0989010989011,0.692307692308,0.221350078493,-0.285714285714
Danny Duffy,0.0,1.0,0.0,0.0
Ryan Braun,0.343513282834,0.986156700745,1.00770266888,3.74175824176
Zach Lee,0.0,1.0,0.0,0.0
Josh Donaldson,0.725555592521,0.995843274843,1.23359572673,-1.89659990685
Pat Valaika,0.0644916973906,0.963764832747,0.318239024446,0.540434930343
Eric Sogard,0.412896001156,0.982124399514,1.27045371574,4.2790593505
Paul Blackburn,0.0,1.0,0.0,0.0
Kevin Plawecki,0.379021879022,0.951188269041,0.666881166881,-1.38288288288
Adrian Gonzalez,0.174044265594,0.949508045549,0.634426275966,4.48591549296
T.J. Rivera,0.0903112740369,0.815888100145,0.76075408565,2.50228310502
Andrew Susac,0.0,1.0,0.0,0.0
Brett Nicholas,0.123376623377,0.848746081505,0.262420119563,0.004329004329
Sean Manaea,0.0,1.0,0.0,1.0
Caleb Joseph,0.146663261832,0.957542329234,0.646031071987,-1.72284644195
Joe Biagini,0.0,1.0,0.0,0.0
Tom Koehler,0.0,1.0,0.0,0.0
Asher Wojciechowski,0.0,1.0,0.0,0.0
Aaron Nola,0.119230769231,0.878363556595,0.2688,1.28923076923
Kevin Pillar,0.221295216651,0.959543344495,1.75758437138,2.15541974366
Matt Garza,0.0,1.0,0.0,0.0
Adam Engel,0.199636058231,0.923282697079,1.42649672894,1.40657894737
Corey Dickerson,0.248446597627,0.985733302001,1.04286882874,0.124061810155
Neil Ramirez,0.0,1.0,0.0,0.0
Dan Vogelbach,0.102941176471,0.626598465473,0.288602941176,1.85294117647
Danny Santana,0.108017163505,0.936665328273,0.50722264973,-0.147847034026
Marcus Stroman,0.0,1.0,0.0,0.0
Jaycob Brugman,0.366790009251,0.925035046506,1.27132088098,2.05319148936
Zack Granite,0.2808630394,0.982364415844,0.350539399625,1.02317073171
Clayton Richard,0.0471774193548,0.73125,0.212617065557,-0.127016129032
Sean Gilmartin,0.0,1.0,0.0,0.0
Orlando Arcia,0.240479705301,0.988419412232,0.945949904516,-1.45227038184
Russell Martin,0.564898869247,0.981006605376,1.66023847151,4.61251791687
Brett Cecil,0.0,1.0,0.0,0.0
Wade LeBlanc,0.0,1.0,0.0,0.0
Stuart Turner,0.144618302513,0.937402380161,0.323939871593,-0.27880512091
Matt Holliday,0.430622062118,0.975173086589,1.62837047346,5.23244958925
Welington Castillo,0.238619099295,0.980315731351,0.805842725101,-1.37607388316
Tyler Chatwood,0.0235897435897,0.306666666667,0.201183431953,-0.179487179487
Starling Marte,0.266312634734,0.986290171682,0.537481657099,-0.340659340659
Jake Lamb,0.604208235081,0.995370165037,1.39436134481,-1.3355704698
Abraham Almonte,0.243515045095,0.951280671405,0.818066265369,4.26251097454
Eduardo Escobar,0.273664830842,0.97649628416,1.21515261034,-0.806193548387
Mallex Smith,0.286240037506,0.940209841962,1.5,3.01851851852
Sam Travis,0.199532085561,0.863952003878,0.603150488846,0.868092691622
Mike Marjama,0.0,1.0,0.0,0.0
Paul DeJong,0.201363285604,0.961208398189,0.99127815244,-2.87478763167
Kole Calhoun,0.448332312848,0.989692734753,1.69337027177,-1.4635235732
Jake Buchanan,1.0,1.0,1.94289029309e-16,1.66533453694e-16
Keon Broxton,0.302189270125,0.988938264902,1.07381631018,-1.06490692406
Michael Conforto,0.573103927901,0.986783717966,1.69427352065,-1.67957866123
Jeremy Hazelbaker,0.187804878049,0.895619335347,0.659131469363,-0.0243902439024
Matt Cain,0.0,1.0,0.0,0.0
Yulieski Gurriel,0.150700131738,0.92855987862,1.39680504848,-2.24324887916
Geovany Soto,0.214285714286,0.835714285714,0.285714285714,1.71428571429
Yadiel Rivera,0.0,1.0,0.0,0.0
Tyler Flowers,0.299026452193,0.980927332592,0.990573671467,1.19109461967
Jon Gray,0.0771929824561,0.733333333333,0.212742382271,-0.115789473684
Kendall Graveman,0.0,1.0,0.0,0.0
Adam Frazier,0.294817775369,0.970025849876,1.54433026052,2.11258637041
Cody Asche,0.157894736842,0.741758241758,0.426592797784,0.368421052632
Alex Mejia,0.0901477832512,0.882683183975,0.232852046883,-0.365517241379
A.J. Schugel,1.0,1.0,1.94289029309e-16,1.66533453694e-16
Devon Travis,0.135,0.820518001125,0.737246980425,1.84163265306
Raul Mondesi,0.168461538462,0.857181155276,0.4064,-0.301538461538
Nick Castellanos,0.271672539984,0.954987020372,2.25848005958,3.98977796397
Evan Longoria,0.272865843834,0.972468445141,1.6202755829,6.53126550868
Scott Alexander,0.0,1.0,0.0,0.0
Hunter Renfroe,0.25958542203,0.942825780987,1.98617407122,-1.16393442623
Khris Davis,0.486939495213,0.995585979626,1.12344344692,0.157120743034
Andrew Romine,0.175599512261,0.870603751544,1.92567066883,2.14171521474
Andre Ethier,0.185714285714,0.86599378882,0.360090702948,-0.190476190476
Jacob Barnes,0.0,1.0,0.0,1.0
Kennys Vargas,0.284580369844,0.898248548349,1.75893257468,-2.24947368421
Erik Kratz,0.0,1.0,0.0,0.0
Denard Span,0.307720259392,0.984666474016,1.18729155399,-2.20572450805
Zach Vincej,0.15,0.675,0.22962962963,0.0666666666667
Tim Anderson,0.0977326405291,0.954187738282,0.699476487547,0.846008502598
Austin Slater,0.17845683728,0.956651987322,0.292059497596,0.878991596639
Adonis Garcia,0.118733031674,0.928983233791,0.391728625085,1.11010558069
Joe Panik,0.330394645957,0.990173309106,1.09271327987,0.168200571247
Angel Sanchez,0.0,1.0,0.0,0.0
Pedro Strop,0.0,1.0,0.0,0.0
Jay Bruce,0.359677678643,0.994013308166,0.971375261605,3.64415708812
Ervin Santana,0.0,1.0,0.0,0.0
Ji-Man Choi,0.4,0.84,0.266666666667,0.333333333333
Steve Pearce,0.323936932633,0.9403647141,1.85178223592,-2.52221691352
Luis Torrens,0.22959671907,0.938952544656,0.787889366273,-1.42105263158
Jean Segura,0.296871754524,0.980400575454,1.12797477221,-1.84632258065
Tony Sanchez,0.0,1.0,0.0,0.0
Chad Pinder,0.203849912058,0.979166712413,0.599458782145,0.23830369357
Luke Maile,0.0323774283071,0.668303327878,0.242891042915,1.9019426457
Miguel Rojas,0.284405856316,0.98700907259,0.689752212186,0.531086142322
Rafael Bautista,0.102941176471,0.720588235294,0.280276816609,0.176470588235
Randall Delgado,0.0,1.0,0.0,0.0
Jed Lowrie,0.459068794982,0.98101762962,2.35171968111,-2.131058484
Xander Bogaerts,0.349539307833,0.977522654067,1.66153147617,-1.46816615273
Elias Diaz,0.121840659341,0.919930468538,0.527481112637,2.00576923077
Kyle Seager,0.320560760189,0.985913507652,1.35174450053,5.23215346745
Marco Estrada,0.0,1.0,0.0,0.0
Chris Bostick,0.175187969925,0.889298409422,0.302556390977,0.285714285714
Aaron Hicks,0.559725158562,0.985737400656,1.38099966566,3.6789446186
Odrisamer Despaigne,0.0,1.0,0.0,0.0
Luke Weaver,0.111888111888,0.671328671329,0.231157731158,0.0512820512821
J.D. Davis,0.107707509881,0.394770069112,0.697198831414,2.33695652174
Joey Votto,0.859885034598,0.990648915993,3.47745088154,-6.83185639627
Kyle Farmer,0.0,1.0,0.0,0.0
Eric Fryer,0.285714285714,0.805789313596,1.15422639644,-0.596638655462
Nolan Arenado,0.369885097438,0.968238646665,2.43468402842,-2.02506941042
Casey Lawrence,0.0,1.0,0.0,0.0
Cristhian Adames,0.0944055944056,0.566433566434,0.25,-0.269230769231
Eduardo Rodriguez,0.0,1.0,0.0,0.0
Willy Garcia,0.229950669486,0.969019005559,0.431875840861,0.260606060606
Cameron Rupp,0.393271123423,0.988025606851,0.886734222741,1.97439916405
Asdrubal Cabrera,0.386098834873,0.989537115418,1.26304343335,-0.865231259968
Andrew McCutchen,0.517938708097,0.987221781018,2.30133118871,-2.35178833905
Mike Freeman,0.120448179272,0.886861593953,0.359087635054,1.55238095238
Dylan Floro,0.0,1.0,0.0,0.0
Drew Storen,0.0,1.0,0.0,0.0
Jose Abreu,0.233450799675,0.987621316159,0.973526195336,1.24490992878
Patrick Kivlehan,0.191754122939,0.979840974423,0.740569715142,-1.18215892054
JC Ramirez,0.0,1.0,0.0,0.0
Byron Buxton,0.295796705695,0.98496621831,1.21318038543,0.919071310116
Alexi Amarista,0.0840010114511,0.955675238412,0.387108917755,-0.895408734602
Max Moroff,0.220676691729,0.946716255556,0.555545112782,-0.157894736842
Matt Harvey,0.046439628483,0.417956656347,0.236784772388,-0.228070175439
Matt Wieters,0.247795096837,0.952511598414,1.70387040957,3.1887245102
Yadier Molina,0.169677019226,0.966139215326,1.02120759281,2.25268355517
Yonder Alonso,0.500560811679,0.996930016996,0.936364527895,-0.783937668565
Sean Newcomb,0.10701754386,0.805411255411,0.250230840259,-0.278947368421
Charlie Culberson,0.05,0.1875,0.28,-0.216666666667
Chris Stratton,0.0,1.0,0.0,0.0
Ender Inciarte,0.317929635197,0.988650861053,1.22910346757,0.386175115207
Jose Urena,0.0,1.0,0.0,0.0
Luis Castillo,0.0527472527473,0.369230769231,0.223547880691,-0.2
Gordon Beckham,0.0818181818182,0.45,0.242975206612,-0.227272727273
Howie Kendrick,0.247428762636,0.982802437995,0.691298418833,1.63457609806
Ichiro Suzuki,0.135048423262,0.937685870551,1.15004002531,-2.09370974667
Wilmer Difo,0.217484080748,0.947413301286,1.46634927069,0.0831865600867
Chris Stewart,0.139366515837,0.894560816758,0.595723538284,0.476621417798
Gerrit Cole,0.0467375366569,0.74780058651,0.208829728739,-0.193181818182
Tom Murphy,0.122377622378,0.734265734266,0.21114996115,0.74358974359
Yandy Diaz,0.582446808511,0.908328337857,2.05534178361,-1.1835106383
Allen Cordoba,0.190471047105,0.955618705616,1.02925220522,-1.50831683168
Andrew Benintendi,0.482213431708,0.992550236226,1.44671726447,-1.94490066225
Hoby Milner,0.0,1.0,0.0,0.0
Dusty Coleman,0.041514041514,0.423443223443,0.295030072808,-0.31746031746
Matt Szczur,0.314583721363,0.963383158213,1.85252437881,-0.242130750605
Lucas Duda,0.466387701537,0.987821689008,1.58942246505,3.96187976503
Trevor Williams,0.111538461538,0.786628255013,0.339876923077,-0.578461538462
Jean Machi,0.0,1.0,0.0,0.0
Salvador Perez,0.12595850119,0.968235765075,0.667452661486,1.24382267442
Chris Smith,0.0,1.0,0.0,0.0
A.J. Ellis,0.235656108597,0.921828390167,0.819171324638,0.853695324284
Carlos Martinez,0.0370967741935,0.575,0.249843912591,-0.298387096774
Terrance Gore,0.111888111888,0.671328671329,0.231157731158,-0.282051282051
Ronald Torreyes,0.112265410484,0.964783245528,0.533620286881,-1.3750661259
Carlos Santana,0.606660620352,0.99349187084,1.7247294193,-0.89288590604
Chris Davis,0.476821438381,0.988108052243,1.53341391479,1.88590116279
Yasmani Grandal,0.261812388193,0.955910734109,1.7639960154,2.90292188432
Charlie Blackmon,0.427386954529,0.972299089143,2.90011326938,-5.17377102727
Tyler Moore,0.111277072442,0.96635079463,0.520225932989,-1.4712471994
Mark Trumbo,0.324261324747,0.968200906833,2.14513192391,0.141738887336
J.A. Happ,0.0,1.0,0.0,0.0
Josh Bell,0.415634702651,0.996149844838,0.974673142236,-0.621305031447
Daniel Murphy,0.365900592596,0.989096482761,1.2332337864,-1.58723404255
Edubray Ramos,0.0,1.0,0.0,0.0
Ketel Marte,0.426601258793,0.991692743051,0.640944754099,-2.52202887819
Gabriel Ynoa,0.0,1.0,0.0,0.0
Chad Bettis,0.0,1.0,0.0,1.0
Yunel Escobar,0.322522982635,0.990589014482,0.646021507845,0.303370786517
Victor Caratini,0.1125,0.879758137432,0.295213319459,-0.139112903226
Adeiny Hechavarria,0.136098253734,0.88927836247,1.15989033513,-1.53271617926
Brandon Drury,0.212047605112,0.981726532871,0.926198684621,0.0891067538126
Miguel Gonzalez,0.3,0.6,0.25,-0.2
Miguel Gomez,0.0,1.0,0.0,0.0
Adam Morgan,1.0,1.0,1.94289029309e-16,1.66533453694e-16
George Kontos,0.0,1.0,0.0,0.0
Marco Hernandez,0.0675324675325,0.709090909091,0.218429189858,-0.0562770562771
Ozzie Albies,0.422412807318,0.934242695058,1.53973416908,-0.638383838384
Adam Rosales,0.107708311106,0.941829438387,0.684886621967,1.52032967033
Kaleb Cowart,0.18300120048,0.971820933936,0.366880192077,0.576470588235
Mike Aviles,0.194879089616,0.918353367149,0.513167506055,-0.156472261735
Cam Gallagher,0.164335664336,0.558345269189,0.416666666667,1.67948717949
Tyler Glasnow,0.185294117647,0.536713995943,0.685294117647,1.98529411765
Ryan Hanigan,0.297125668449,0.960632106601,0.470561227246,-0.78431372549
Dwight Smith,0.0,1.0,0.0,1.0
Danny Espinosa,0.265882844439,0.960545940966,1.21798748156,-0.64996568291
Dinelson Lamet,0.0,1.0,0.0,0.0
A.J. Griffin,0.0,1.0,0.0,1.0
Vince Velasquez,0.0879120879121,0.615384615385,0.244897959184,-0.285714285714
Jefry Marte,0.286429512516,0.965123620909,0.583797394232,0.231884057971
Chase Utley,0.276091488564,0.956574073332,1.79521621702,1.47444069491
Wil Myers,0.520311946118,0.98453198349,2.38510891814,-8.61240694789
George Springer,0.466042526182,0.994281723832,1.14297627679,-2.12884798477
Johan Camargo,0.169151429911,0.940403496465,0.82289556962,-1.70648148148
Adrian Beltre,0.417266914713,0.979390233225,1.28905995768,2.06517357223
Chad Kuhl,0.00689655172414,0.1,0.0813317479191,0.868965517241
Tim Locastro,0.0,1.0,0.0,0.0
Zach Eflin,0.0,1.0,0.0,0.0
Brock Holt,0.287490399386,0.979167179283,0.606427128797,1.81795634921
Victor Robles,0.0,1.0,0.0,0.0
Kris Bryant,0.635967820792,0.991499873184,2.15383722931,2.99373068433
Marco Gonzales,0.0,1.0,0.0,0.0
Kevin Shackelford,0.0,1.0,0.0,0.0
Gavin Cecchini,0.121370967742,0.85023460961,0.381243496358,0.211693548387
Miguel Diaz,0.0,1.0,0.0,0.0
Andrew Toles,0.131451612903,0.857064516129,0.392247658689,1.02822580645
Daniel Mengden,0.0,1.0,0.0,1.0
Tomas Telis,0.0726769431177,0.918421645312,0.250805863125,-0.353741496599
Brandon Nimmo,0.542803465192,0.950490082824,2.08206899387,-3.59565807327
Noah Syndergaard,0.714285714286,0.93984962406,0.285714285714,-0.285714285714
Hector Sanchez,0.0698852276934,0.944075080152,0.301143320292,0.381621621622
Tom Wilhelmsen,0.0,1.0,0.0,0.0
Jesus Sucre,0.108332703785,0.943538795856,0.388042315406,0.566820276498
Michael Brantley,0.378055839292,0.988590244873,0.882567628054,0.230711610487
Carlos Rodon,0.0,1.0,0.0,0.0
Joc Pederson,0.392104087622,0.981493557978,1.2384609207,1.12031220255
Phillip Ervin,0.134099616858,0.891398615938,0.304871373837,0.761083743842
Jon Lester,0.160372194855,0.942473844262,0.262803972164,-0.23645320197
Hyun Soo Kim,0.249423834122,0.97955818726,0.837799986319,-0.130123180291
Mark Canha,0.137833219412,0.892112023207,0.615265843179,0.0488721804511
Luiz Gohara,0.0,1.0,0.0,0.0
Matt Kemp,0.273097012443,0.983143680362,0.954973040323,-0.620866325105
Yasmany Tomas,0.337650323774,0.968101166481,0.701005766922,-1.53191489362
Rickie Weeks Jr.,0.339734471313,0.955093393611,0.640703292197,0.182076813656
Tyler Saladino,0.248028237585,0.970349932964,0.803309997165,4.41550632911
Brad Miller,0.611865743976,0.972767608374,2.86936337202,3.75331695332
Aaron Hill,0.268449197861,0.955812264979,0.469204152249,1.48235294118
Jayson Aquino,0.0,1.0,0.0,0.0
Craig Gentry,0.142962300857,0.933622888872,0.659824113003,0.151848151848
Zach Davies,0.223607038123,0.910093699784,0.536107038123,-0.403409090909
Joe Mauer,0.529248417869,0.981781861921,2.37940459039,-3.98159314503
Michael Pineda,0.0,1.0,0.0,0.0
Anthony Santander,0.0,1.0,0.0,0.0
Curt Casali,0.333333333333,0.833333333333,0.296296296296,-0.333333333333
Jered Weaver,0.0,1.0,0.0,0.0
Todd Frazier,0.581825696741,0.996805752287,1.0801783591,-0.463863958432
Lance McCullers,0.0,1.0,0.0,0.0
Chris Heisey,0.0915125651968,0.823036811172,0.364768751682,0.758179231863
Carlos Ruiz,0.232543138204,0.969259483003,0.53024922943,0.916142557652
Magneuris Sierra,0.136645962733,0.704944869758,0.44853960269,1.11067193676
Mac Williamson,0.131089217296,0.711809142662,0.549847525217,1.05172413793
Kyle Barraclough,0.0,1.0,0.0,0.0
Vidal Nuno,0.0,1.0,0.0,0.0
Carl Edwards Jr.,0.0,1.0,0.0,0.0
Chase Headley,0.411206896552,0.987208177466,1.60417360285,2.26206896552
Martin Perez,0.0,1.0,0.0,0.0
Ryan Raburn,0.221538461538,0.837750484809,0.600369230769,-1.09846153846
Mike Foltynewicz,0.0,1.0,0.0,0.0
Manny Pina,0.190432806285,0.980622732577,0.667324767042,-0.261163032191
