Player,PA.Slope,PA.R^2,PA.MAE,PA.Intersect
Rougned Odor,4.10050322061,0.99966028426,2.62400027434,7.77961812744
Giovanny Urshela,2.58278388278,0.991862581281,3.3690018315,9.86105769231
Tim Adleman,1.88132094943,0.98186318088,1.1387455567,2.17543859649
Kevan Smith,3.33481768008,0.998432592281,2.71530710641,6.85164394547
Chase Anderson,2.27652173913,0.997339380233,0.655132850242,1.73666666667
Dominic Smith,4.10403946963,0.998226497338,1.90895708482,-0.580018501388
A.J. Reed,4.0,1.0,4.4408920985e-16,2.0
Dylan Covey,0.0,1.0,0.0,1.0
Matt Joyce,3.96180059078,0.999232946879,3.65605811318,-5.65937468784
Brandon Finnegan,1.4,0.98,0.2,1.9
Tony Watson,0.0,1.0,0.0,1.0
Michael Morse,1.53695652174,0.980136436991,1.15615942029,5.7
J.T. Realmuto,4.10139730161,0.999719218831,2.02787618277,3.56717325228
Rafael Montero,1.94705882353,0.993221299308,0.628860294118,0.0220588235294
Emilio Pagan,0.0,1.0,0.0,2.0
Michael Wacha,1.8929939792,0.996774189987,0.679724763469,3.12315270936
Jae-Gyun Hwang,3.02992776058,0.994075132177,1.06386882238,4.69005847953
Christian Vazquez,3.49262832406,0.999415166391,1.77295561261,2.44707070707
Zack Greinke,2.38887652948,0.998319623591,0.705949820789,0.494623655914
Robbie Ray,2.43965811966,0.997084395572,0.764917817226,2.11965811966
Dustin McGowan,1.0,1.0,0.0,1.0
Carlos Moncrief,1.58547008547,0.993472653957,0.807956104252,2.98148148148
Garrett Cooper,3.42857142857,0.997080785422,0.537616229924,3.58241758242
Jharel Cotton,0.0,1.0,0.0,2.0
Ian Krol,0.0,1.0,0.0,1.0
Joe Blanton,0.0,1.0,0.0,1.0
A.J. Pollock,4.11052977757,0.999652370357,2.07876138227,10.5530973451
Tyler Naquin,2.04035087719,0.958127195965,1.99667590028,7.21578947368
Albert Pujols,4.29648830038,0.999894384067,1.55818888119,4.18738255034
Jordan Luplow,3.37179487179,0.991394252572,2.01825472196,-2.64814814815
Jabari Blash,3.28166157266,0.998474682607,1.89791794017,-1.15901639344
Robbie Grossman,4.04330466346,0.998980742453,3.45103256152,4.64467766117
Cesar Puello,2.36029411765,0.973456315816,1.65743944637,0.176470588235
Kirk Nieuwenhuis,2.01176470588,0.987298338169,0.869117647059,1.53676470588
J.P. Crawford,3.82114624506,0.998139646339,0.86750300739,3.75
Sean Rodriguez,2.76131122546,0.997797143155,1.69974518067,5.51043771044
Jack Flaherty,1.7,0.979661016949,0.25,1.2
Dan Straily,2.2106785317,0.995503604348,1.06471387962,1.37849462366
Aaron Blair,0.0,1.0,0.0,2.0
Nick Ahmed,3.41565876472,0.996058970301,2.72329173931,-6.27882599581
Brandon Moss,3.42439549456,0.999052197,2.77324427972,11.8731211317
Aaron Wilkerson,3.0,1.0,1.11022302463e-16,1.0
Jhan Marinez,1.0,1.0,0.0,1.0
Orlando Calixte,1.50837438424,0.927630920226,2.68646169526,14.9172413793
Ubaldo Jimenez,1.0,1.0,1.48029736617e-16,3.0
Jacob Turner,1.25714285714,0.987755102041,0.209523809524,1.85714285714
Jared Hoying,2.1512605042,0.94678568264,4.42352941176,12.5714285714
Josh Reddick,4.19188063845,0.999365562842,3.07147463532,-6.42424242424
Sam Freeman,1.0,1.0,1.11022302463e-16,1.0
Matt Chapman,3.93799588598,0.999568602605,1.60443124245,1.65060240964
Brian Anderson,3.78846153846,0.997217196408,1.24381538462,5.05846153846
Dee Gordon,4.41195678465,0.999856929482,1.94496297639,4.21131984197
Marcus Semien,4.57883525503,0.999735130628,1.58403798181,-0.734610123119
Phillip Evans,2.23157894737,0.978248567075,1.47922437673,-2.82105263158
Adam Eaton,4.58596837945,0.998405110987,0.98788451624,3.94565217391
Danny Ortiz,1.55,0.976920180723,0.541975308642,-0.422222222222
Dustin Garneau,3.08885017422,0.992190129587,2.69185008923,4.34494773519
Nick Williams,4.35794941283,0.999106126771,2.53668016104,-1.88587774767
Eugenio Suarez,4.04942548719,0.999882023423,1.53734602761,3.64388371713
Mat Latos,0.0,1.0,0.0,3.0
Stephen Cardullo,2.34285714286,0.983352426451,1.09079365079,-1.13333333333
Mike Trout,4.52045118568,0.999794511083,1.67091021939,-0.405491990847
Miguel Montero,2.79163362953,0.993665081243,4.23116919092,-1.08099794942
Leonys Martin,3.01861702128,0.955025183971,7.45993662291,15.7207446809
Rocky Gale,3.5,0.993243243243,0.222222222222,2.83333333333
Jacob Hannemann,1.87272727273,0.895652173913,1.65289256198,-1.81818181818
Alejandro De Aza,2.55067155067,0.970942542552,2.74152459338,5.54497354497
Tyler Austin,2.15413533835,0.90690772279,3.48022556391,10.3857142857
Jimmy Nelson,2.25457875458,0.996587855968,0.87346809569,1.57936507937
Tim Beckham,4.20290539573,0.999075134243,4.03520887531,-3.9167024474
Derek Holland,0.0,1.0,0.0,1.0
Peter Bourjos,2.06452690167,0.997718802508,2.23360131932,-1.70727272727
Henderson Alvarez,2.0,1.0,2.96059473233e-16,2.0
Melky Cabrera,4.39870869169,0.999632063996,3.09012242594,4.03125261835
Robert Gsellman,1.86565217391,0.996299241251,0.568876811594,1.17
Jeremy Hellickson,1.9,0.997382579613,0.47,3.5
Tyler Skaggs,0.0,1.0,0.0,1.0
Efren Navarro,3.02992659514,0.994243090977,1.21477336892,3.91304347826
James McCann,3.63972088571,0.999206636351,2.66027659521,4.85804972668
Rookie Davis,1.4,0.984688995215,0.266666666667,1.33333333333
Felix Pena,1.0,1.0,0.0,1.0
Lance Lynn,2.08765294772,0.998824043592,0.484034111976,1.92903225806
Jerad Eickhoff,1.69298245614,0.994898504274,0.566943674977,2.44736842105
Jurickson Profar,3.07735742518,0.994370661879,1.23350957343,4.50592885375
Paulo Orlando,2.1032388664,0.955610322291,4.32617045573,15.5512820513
Christian Villanueva,2.6048951049,0.987857904376,0.81993006993,2.42307692308
Chad Wallach,1.2,0.921951219512,0.488888888889,4.66666666667
Breyvic Valera,1.6,0.876712328767,0.72,3.4
Miguel Cabrera,4.24521934758,0.998885892928,4.73408146816,7.3937007874
Rob Zastryzny,1.0,1.0,2.22044604925e-16,2.0
A.J. Cole,1.86666666667,0.995555555556,0.281481481481,1.53333333333
Antonio Bastardo,0.0,1.0,0.0,1.0
Nik Turley,0.0,1.0,0.0,2.0
John Hicks,3.03962211725,0.994070760112,3.44605847303,5.86448087432
Logan Forsythe,3.79984588359,0.998321162104,4.58266592165,8.79376157243
Rajai Davis,3.1294275939,0.991244292835,7.97656297846,25.8510167993
Renato Nunez,2.10714285714,0.947210884354,0.883928571429,0.75
Ryan Tepera,0.0,1.0,0.0,1.0
Edwin Encarnacion,4.40748931151,0.999746913584,2.27706906636,2.31185807656
J.D. Martinez,4.18220713633,0.999849079549,1.33448110632,3.63711429813
Mason Williams,3.2,0.984615384615,0.48,3.6
Andrew Stevenson,2.12345301757,0.982138174106,2.24353570305,-2.4487394958
J.J. Hardy,3.71967172652,0.997729984069,2.95856430647,6.39318770826
Chase d'Arnaud,1.99327731092,0.96506649688,3.11817527011,-7.08571428571
Josh Smoker,2.0,1.0,2.22044604925e-16,1.0
Edwin Jackson,1.33676470588,0.976882015996,0.755882352941,0.536764705882
J.T. Riddle,3.73074971569,0.995458025524,3.66472224652,-12.5251509054
Michael Taylor,3.94316262921,0.999245792601,2.22629760635,-16.1254872564
Quintin Berry,0.428571428571,0.9,0.244897959184,0.285714285714
Julio Urias,1.7,0.979661016949,0.25,1.7
Matt Shoemaker,0.0,1.0,0.0,2.0
Delino DeShields,3.63988748042,0.993180471024,8.51312724492,-9.93823529412
Chris Iannetta,3.5316990126,0.998778459096,2.60883497263,-1.49588014981
Kenley Jansen,1.0,1.0,0.0,1.0
Christian Colon,2.27173913043,0.984565279,1.70712560386,3.66666666667
Christian Walker,1.42727272727,0.967386185243,0.704132231405,0.0454545454545
Gregory Polanco,3.82196785656,0.998796485834,3.51166363044,10.459904859
Jake Arrieta,2.24778325123,0.997633438043,0.714149821641,2.56551724138
Jhonny Peralta,2.60779220779,0.994172152773,0.966233766234,6.35064935065
Juan Lagares,3.01086553896,0.970356256325,11.9617222672,-19.8612942613
Anthony Recker,1.2,0.804255319149,0.933333333333,-0.666666666667
Wilmer Flores,3.36902172848,0.996017413816,5.3426128416,-1.67964693666
Austin Hays,3.55563909774,0.979536015777,2.33872180451,-6.22857142857
Javy Guerra,0.0,1.0,0.0,1.0
Gregor Blanco,2.96316417665,0.98628863705,7.6100537332,6.33919413919
Drew Stubbs,2.42424242424,0.939628846606,1.58787878788,5.09090909091
Aaron Altherr,4.0139053329,0.99881694894,3.28609452451,-6.82436959972
Brad Peacock,2.0,0.923076923077,0.444444444444,3.66666666667
Avisail Garcia,4.22959637901,0.999833591714,1.73798943784,0.649751243781
Carlos Carrasco,2.0,1.0,2.22044604925e-16,3.0
Mike Fiers,1.0,1.0,1.94289029309e-16,1.66533453694e-16
Hyun-Jin Ryu,1.76103896104,0.997560084634,0.439909297052,2.15151515152
Scott Van Slyke,1.73645320197,0.995965440736,0.733480550365,-0.0344827586207
Tyler Smith,2.37575757576,0.951079421668,1.26545454545,-1.49090909091
Adam Jones,4.34907706141,0.999784139265,2.34066591852,7.10240853098
Luis Valbuena,3.38917861799,0.999158308201,2.71385908022,7.73533246415
Steven Okert,0.0,1.0,0.0,1.0
Albert Almora Jr.,2.51672983505,0.997501818643,4.16508647229,7.0919500347
Kelby Tomlinson,2.2504063612,0.98083263309,8.42815691791,-12.498879761
Jim Adduci,3.05073891626,0.99165551849,1.81114319687,7.97931034483
Zack Cozart,4.20613572753,0.998767863883,4.65755694741,6.32387045182
Will Middlebrooks,1.68311688312,0.985239151093,1.04761904762,6.16883116883
Alex Meyer,0.0,1.0,0.0,2.0
Nick Wittgren,1.0,1.0,0.0,1.0
Freddie Freeman,4.49306413398,0.99944749851,2.94767289216,1.77345537757
Jeremy Jeffress,1.0,1.0,1.11022302463e-16,1.0
C.J. Cron,3.69941794179,0.99776310803,4.36975649565,2.39881188119
Cesar Hernandez,4.64081105991,0.99974135718,2.18456066359,4.00571428571
Michael Fulmer,3.0,1.0,0.0,2.0
Cody Bellinger,4.15879219214,0.999887176683,1.38514841137,4.96274777854
Travis Wood,1.56643356643,0.992123804565,0.405594405594,1.21794871795
Corey Kluber,0.0,1.0,0.0,2.0
Hector Rondon,1.0,1.0,1.11022302463e-16,1.0
Carlos Gomez,4.04695935133,0.999300115047,2.60418068675,11.9373626374
Freddy Galvis,4.27747790781,0.998901060323,5.55466691101,-7.0213836478
Tucker Barnhart,3.47298469042,0.999099000627,3.19506685134,4.90191031026
Blake Wood,0.0,1.0,0.0,1.0
John Bormann,0.0,1.0,0.0,1.0
Tommy Joseph,3.99573812075,0.99892326295,4.07468053868,-0.468085106383
Chase Bradford,0.0,1.0,0.0,1.0
Tyler Wade,1.98398220245,0.883538515285,5.39199110122,13.8989247312
Tony Wolters,3.44272482885,0.996264772028,3.79790481909,5.28915662651
Jose Reyes,3.84410225675,0.99895823263,4.21467112071,9.3781148429
Josh Lindblom,1.0,1.0,1.11022302463e-16,1.0
Kristopher Negron,2.13186813187,0.969940003711,1.24803767661,3.14285714286
Rich Hill,2.22035573123,0.995974487002,0.728647533941,-0.25
Logan Morrison,4.16454243588,0.99950435852,3.39491350685,-5.01278795574
Mike Tauchman,0.802822580645,0.956250964916,1.18267429761,6.37701612903
Michael Saunders,3.44735995884,0.990921824112,5.87481286757,8.03538812785
Curtis Granderson,3.54770034608,0.998485723778,4.77199432843,13.0656975119
Devin Mesoraco,3.09487354751,0.995455881366,2.71850527292,3.99812030075
Tommy Milone,1.82142857143,0.994266055046,0.244897959184,1.25
Travis Taijeron,2.32769230769,0.993544822534,1.12504615385,4.90769230769
Willson Contreras,3.69651328182,0.998298188574,4.42545000709,0.295313881521
Luke Voit,2.00627030294,0.969335392174,5.50044718251,10.9861751152
Jaime Garcia,2.29852941176,0.99659529681,0.499080882353,1.57352941176
Micah Johnson,0.426470588235,0.776785714286,0.982698961938,2.29411764706
Aledmys Diaz,3.99885589094,0.992715432006,6.46103989745,12.2851265823
Erick Aybar,3.48557965477,0.998757475503,3.02227763156,3.54465212876
Stephen Drew,2.2308973173,0.995139884808,1.78497365563,2.37002775208
Kevin Quackenbush,0.0,1.0,0.0,1.0
Jayson Werth,4.17645000437,0.999424896682,1.72424359824,1.52676056338
Carlos Beltran,4.03842240608,0.998284607616,5.40021601536,6.80453190221
Kevin Kiermaier,4.29036206798,0.999605649314,1.98346440311,3.31539888683
Jacob Stallings,3.2,0.937728937729,1.04,2.2
Seth Smith,3.4848016848,0.997427485845,4.40424446911,9.13770913771
Willie Calhoun,2.57142857143,0.954519306197,1.74133558749,2.26373626374
Brandon Phillips,4.26195869858,0.999156631479,4.21565754906,-5.04662004662
Chris O'Grady,2.0,0.952380952381,0.5,2.5
Giancarlo Stanton,4.36193312939,0.999709472713,3.03383795391,1.44900883688
Derek Norris,3.6849701661,0.999605955231,0.956355183126,5.71907756813
Johnny Cueto,1.96615384615,0.998737883313,0.368246153846,4.48615384615
Drew Pomeranz,0.0,1.0,0.0,1.0
Collin McHugh,0.0,1.0,0.0,2.0
Chris Taylor,4.22442468386,0.998775591496,5.10175360315,-17.139979445
Jose Peraza,3.65359992121,0.996116524548,7.48880313029,22.2937062937
Antonio Senzatela,2.00526315789,0.970341439192,1.77210526316,4.7
Franchy Cordero,3.57886540601,0.993316283586,2.06168335187,1.8064516129
Brian Duensing,1.0,1.0,0.0,1.0
David Washington,1.0,1.0,2.96059473233e-16,4.0
Jorge de la Rosa,1.0,1.0,1.11022302463e-16,1.0
Christian Bergman,0.0,1.0,0.0,1.0
James Hoyt,0.0,1.0,0.0,1.0
Joey Rickard,2.56741839242,0.99702859872,3.71410721005,0.647844272844
Austin Hedges,3.46769914577,0.999702979331,1.61119954318,3.08856749311
Jimmy Yacabonis,0.0,1.0,0.0,2.0
Ryan McMahon,1.15441176471,0.857296883695,1.95588235294,6.29411764706
Jordan Zimmermann,2.0,1.0,2.96059473233e-16,2.0
T.J. McFarland,1.4,0.98,0.2,0.9
Kyle Kendrick,0.0,1.0,0.0,2.0
Jose Osuna,2.20675877521,0.99534842765,3.6413289194,11.0923076923
Mike Montgomery,1.74912280702,0.988532529785,0.85189289012,-1.05789473684
Buster Posey,4.07629616671,0.999853314062,1.53600774092,6.33313069909
Martin Maldonado,3.50518620331,0.998981896485,3.65072508659,2.68460014597
Yangervis Solarte,4.01707208474,0.999788938352,1.66685672657,5.0031988189
Yoenis Cespedes,3.9761065944,0.999107192966,2.18117776514,5.15326708823
Cam Perkins,2.19528401264,0.990652661173,2.06330685044,8.61572535991
Paul Sewald,1.0,1.0,1.11022302463e-16,1.0
Jose Torres,0.0,1.0,0.0,1.0
Justin Grimm,1.0,1.0,1.48029736617e-16,1.0
Clint Frazier,4.00251668673,0.98847134717,3.85961264909,5.66396761134
Tyler Lyons,1.0,1.0,1.11022302463e-16,1.0
Cliff Pennington,2.57709411679,0.998813581071,1.80344718652,-2.17136886102
Jesen Therrien,1.0,1.0,1.11022302463e-16,1.0
Anibal Sanchez,0.0,1.0,0.0,2.0
Chris Coghlan,2.42801120448,0.991848317968,1.83423769508,6.75238095238
Christian Bethancourt,1.0,1.0,0.0,1.0
Nolan Fontana,1.96503496503,0.936418584242,1.4121989122,3.35897435897
Mark Leiter,1.85714285714,0.995171357908,0.453333333333,-0.2
John Lackey,2.08631813126,0.998864498611,0.508515634656,1.48172043011
Josh Ravin,1.0,1.0,1.11022302463e-16,1.0
Richard Urena,3.68701298701,0.974456849838,3.10595753453,6.22510822511
Ryan Rua,2.34283794163,0.993301499759,2.88320776339,5.05456349206
Tony Sipp,0.0,1.0,0.0,1.0
Jackie Bradley Jr.,4.17901885178,0.999370923937,3.51444265038,-0.703007518797
Hunter Pence,4.03911406739,0.999555434165,2.59747715562,3.99741892044
Rymer Liriano,1.88181818182,0.981317614727,1.29235209235,5.84848484848
Wilson Ramos,3.36465201465,0.998212091004,2.14371637477,8.29471153846
Nick Pivetta,2.04869565217,0.992643075891,1.00108695652,2.69
Anthony Banda,1.3,0.965714285714,0.25,2.3
O'Koyea Dickson,0.742857142857,0.965714285714,0.209523809524,5.14285714286
Clay Buchholz,0.0,1.0,0.0,2.0
Max Stassi,1.94725274725,0.92472140417,1.95918367347,8.05714285714
David Price,0.0,1.0,0.0,1.0
Jason Castro,3.68714018439,0.999002575217,3.04859807415,10.6054054054
Chris Rusin,1.0,1.0,2.46716227694e-16,2.0
Franklin Barreto,2.77615384615,0.970523316915,2.79304615385,12.0061538462
Rick Porcello,2.0,1.0,2.22044604925e-16,2.0
Jarrett Parker,3.75356542617,0.995328615035,3.2407759904,-1.28235294118
Adam Wilk,0.0,1.0,0.0,1.0
Evan Gattis,3.89626404779,0.999391195143,1.82946624433,2.09075630252
Stephen Vogt,2.93224489796,0.997401820537,3.27508554937,15.32
Julio Teheran,2.02072829132,0.993495691348,1.36765106042,0.619047619048
Matt Wisler,1.0,1.0,1.48029736617e-16,1.0
Lewis Brinson,2.54135338346,0.985698893336,1.45082706767,7.05714285714
Jose Ramirez,4.3479484854,0.999595206116,2.91390312343,-1.11731543624
Jake Thompson,1.95238095238,0.991301783871,0.35119047619,0.416666666667
Darrell Ceciliani,2.5,0.986842105263,0.222222222222,0.166666666667
Drew Butera,2.44497866287,0.9935090779,3.40311578947,-0.944210526316
Kolten Wong,3.91396327178,0.998573435961,3.72053874134,0.582965967202
Ruben Tejada,3.14912891986,0.993683257322,2.61164272967,-0.348432055749
Ramon Flores,3.0,1.0,1.48029736617e-16,3.0
Pedro Alvarez,2.5978021978,0.954958920589,1.98681318681,-3.02857142857
Clayton Kershaw,2.58300395257,0.99676099895,0.818181818182,4.36956521739
Neil Walker,3.99694339878,0.998299542285,4.49039564092,13.6029484029
Greg Allen,1.43461538462,0.944759072143,1.97876923077,7.98461538462
Austin Brice,1.0,1.0,0.0,1.0
Alex Presley,3.7946461377,0.992116376939,6.12795580939,-8.32957746479
Ricardo Pinto,0.0,1.0,0.0,1.0
Francisco Lindor,4.65567953723,0.999604414996,3.50045328013,-1.00106157113
Matt Grace,1.3,0.965714285714,0.25,0.8
Dietrich Enns,0.0,1.0,0.0,2.0
Archie Bradley,1.0,1.0,0.0,1.0
Alex Verdugo,1.34725274725,0.944463574328,0.949450549451,7.88571428571
Jesse Chavez,1.5,0.964285714286,0.222222222222,2.83333333333
Shin-Soo Choo,4.41158930469,0.99961835189,2.94061776862,0.606294213677
Rob Brantly,2.75274725275,0.97671839492,1.30684699915,2.48351648352
Bartolo Colon,1.54895104895,0.988977153042,0.475524475524,2.0641025641
Matt den Dekker,2.6,0.889473684211,0.85,0.1
Phil Gosselin,1.29934333959,0.97240399918,2.17909474672,3.93780487805
Chasen Shreve,1.0,1.0,1.11022302463e-16,1.0
Eduardo Nunez,4.3498187562,0.999117220251,3.72951741389,-3.67704042715
Eric Young,2.65055504163,0.947408588063,7.41610408015,17.8670212766
Brandon Belt,4.29428144671,0.999734878745,1.68347349999,5.99835164835
Mike Napoli,3.8917271801,0.999385089553,2.96978262633,8.64529242067
Cory Gearrin,1.0,1.0,1.11022302463e-16,1.0
Edwin Diaz,0.0,1.0,0.0,1.0
Justin Smoak,4.15606025837,0.999346338643,3.81322278915,-14.6631460131
Gregory Bird,3.5441720629,0.999020277452,1.27269864389,7.76063829787
Andrew Miller,0.0,1.0,0.0,1.0
Jacoby Ellsbury,3.58478413478,0.996796556829,5.38157553833,13.4765122265
Ryon Healy,4.12204474533,0.999694364461,2.62189738191,0.342434271006
Nick Martinez,0.0,1.0,0.0,2.0
Alberto Rosario,1.0,1.0,1.48029736617e-16,1.0
Ben Lively,2.02197802198,0.989073911773,0.633981403212,1.63736263736
Ryan LaMarre,3.5,0.993243243243,0.222222222222,1.16666666667
Kenta Maeda,1.78769230769,0.991845969262,1.02106508876,2.23076923077
R.A. Dickey,2.20867630701,0.998397529291,0.679817080707,3.10752688172
Troy Tulowitzki,3.96762342135,0.999546301952,1.43213430622,3.15829941203
Wade Miley,2.0,1.0,2.22044604925e-16,2.0
Brandon Guyer,2.73010595543,0.99172622922,4.16582421248,1.52422360248
Alex Wood,2.3747008547,0.995814545807,0.961814595661,0.316239316239
JaCoby Jones,2.74690299219,0.99595179964,2.15808210218,3.3367003367
Albert Suarez,1.0,1.0,1.11022302463e-16,1.0
Jace Peterson,2.39124194287,0.979299952101,7.88305572989,10.3559754852
Omar Narvaez,3.23699222126,0.998782201068,2.26607296435,6.57606837607
Colin Moran,1.14285714286,0.941176470588,0.448979591837,4.42857142857
Brandon Crawford,4.04762139269,0.999642763611,2.74548292247,2.05944055944
Mike Ohlman,1.32142857143,0.877564102564,0.938775510204,4.46428571429
Daniel Descalso,3.23554875801,0.993126811135,7.93937290502,-22.6005871991
Zack Godley,2.14846153846,0.998936760355,0.3712,2.49846153846
Yan Gomes,3.70049761559,0.999410771394,2.20180155274,-1.63539982031
Danny Valencia,3.96292998675,0.998990130027,3.49171473681,5.02947739284
Jason Kipnis,4.41272762495,0.999051034703,2.76543282762,-2.01046986721
Mitch Moreland,3.87654597482,0.998827789744,4.80092498611,13.3779249048
Madison Bumgarner,2.28214285714,0.998190165452,0.344603174603,3.75833333333
Juan Nicasio,0.0,1.0,0.0,1.0
Alex Avila,3.44557009601,0.998258502082,3.78870827212,2.09228824273
Wei-Yin Chen,1.7,0.979661016949,0.25,2.7
Robert Stephenson,1.84285714286,0.986835082725,0.735238095238,-0.5
Joe Ross,1.6350877193,0.980565339113,1.00129270545,5.96842105263
Carlos Perez,1.73636363636,0.962559366755,0.874380165289,3.68181818182
Ramon Torres,2.47593582888,0.968465175973,3.79970831308,8.688057041
Ty Blach,1.99206349206,0.981317716637,1.72212424064,4.0291005291
Ryan Zimmerman,4.13643563509,0.999866055706,1.59796442758,1.23673958645
Francisco Pena,2.1,0.942307692308,0.6,1.6
Matt Carpenter,4.39804327128,0.99966723132,2.62509708683,5.5710955711
Junichi Tazawa,0.0,1.0,0.0,1.0
Trevor Plouffe,3.05740774077,0.993461779114,5.90938937894,19.2083168317
Nick Hundley,2.94411041104,0.998187887308,3.03147722772,3.92653465347
Ezequiel Carrera,2.45807535266,0.971500982473,13.8827175446,28.038755138
Cory Spangenberg,3.79764180095,0.999091787438,3.57208773898,1.82630813953
Shane Robinson,1.64135338346,0.947627525347,1.97466165414,5.75714285714
Nori Aoki,3.29248239923,0.995910504681,4.85347617188,3.01885830785
Aaron Judge,4.52091662737,0.999886164529,1.56741259454,-3.56604747162
Kyle Freeland,2.10207991242,0.993888633248,1.04511689733,2.72906403941
David Freitas,2.94285714286,0.919456882854,1.3619047619,4.47619047619
David Phelps,0.0,1.0,0.0,1.0
Hansel Robles,0.0,1.0,0.0,1.0
Chris Carter,3.4452141724,0.9980532379,2.28076392922,-0.717080909572
Michael Martinez,1.90598290598,0.952437802052,2.85871056241,-7.07407407407
Ildemaro Vargas,0.961538461538,0.951732730377,0.467948717949,1.12820512821
Manuel Margot,4.27794162826,0.99963914335,2.31759936098,4.73561904762
Jett Bandy,3.36387885524,0.985809929592,5.67213299991,8.19890710383
Jorge Soler,3.33949579832,0.987227355129,3.07092436975,6.8
Jeff Locke,1.46428571429,0.986502347418,0.295918367347,2.46428571429
Jarred Cosart,1.0,1.0,0.0,1.0
Blake Swihart,0.942857142857,0.746742857143,0.739682539683,2.47619047619
Lorenzo Cain,4.28819223751,0.999822362655,2.06759024352,5.82043343653
Edinson Volquez,2.08214285714,0.990444913279,0.690476190476,0.825
Hector Velazquez,0.0,1.0,0.0,1.0
Daniel Gossett,2.5,0.986842105263,0.222222222222,1.83333333333
Odubel Herrera,4.11352138443,0.999484413202,2.96064645967,8.84988892415
Luis Sardinas,1.91428571429,0.993344112489,1.06281637506,-1.00689655172
Mitch Haniger,4.15155995659,0.998986973591,2.97002853326,12.7592353952
Andrew Knapp,3.8955988456,0.998751845255,1.71993440903,-2.14480519481
Craig Stammen,1.0,1.0,8.881784197e-16,1.0
Zack Wheeler,2.05357142857,0.994835630837,0.522698412698,1.35833333333
Alex Cobb,3.0,1.0,0.0,3.0
Franklin Gutierrez,1.718767507,0.991332106362,1.28982793117,5.20952380952
Nomar Mazara,4.17778386522,0.999873541452,1.69220405082,5.48693996009
Jose Altuve,4.47944175297,0.999794361562,2.27180819691,1.06825607064
John Brebbia,0.0,1.0,0.0,1.0
Marwin Gonzalez,4.00748749041,0.998380188156,5.08620446032,-13.9298245614
Jackson Stephens,1.4,0.98,0.2,1.9
Cole Hamels,0.0,1.0,0.0,3.0
Brandon Woodruff,1.97142857143,0.988101003113,0.273015873016,1.90476190476
Luis Severino,3.0,1.0,0.0,2.0
Brian McCann,4.19629707553,0.999226536596,2.3836795426,4.95918367347
Lonnie Chisenhall,3.55182570594,0.995878577699,4.65816683717,-3.87563291139
Barrett Astin,0.0,1.0,0.0,1.0
Justin Verlander,3.0,1.0,0.0,3.0
Hanley Ramirez,4.2631344148,0.999250557848,4.05240116726,1.6965140123
Max Scherzer,2.46073414905,0.995784659892,1.18666666667,3.41935483871
Jon Jay,3.20167719927,0.990642878497,10.9915171953,-22.1237082067
Trevor Cahill,1.84848484848,0.992234915149,0.375757575758,2.38181818182
Ryan Goins,3.29680149039,0.99837142411,4.59354651772,-7.67802619915
Rio Ruiz,3.29520361991,0.995910179871,2.47614112915,1.54147812971
Gift Ngoepe,2.19759168035,0.985312267504,1.75195480491,7.9039408867
Mookie Betts,4.76961467752,0.999719175214,2.99164483261,-3.20459236326
Ryan Flaherty,2.08003952569,0.94367399112,2.99733631208,3.03260869565
Enny Romero,0.0,1.0,0.0,1.0
Mikie Mahtook,3.66953702071,0.989639172443,10.0639943104,-22.8219106957
Eddie Butler,1.60909090909,0.9958359822,0.261157024793,2.95454545455
Kendrys Morales,4.07916923635,0.999611384062,2.65236564703,9.5911409396
Scooter Gennett,3.67510595488,0.99240701912,11.1390772278,-29.3850764159
Tyler Collins,3.58897959184,0.997587847306,2.01207830071,3.92571428571
Lane Adams,1.30191225607,0.950798817814,5.74883339293,-6.52012929768
Niko Goodrum,1.37272727273,0.921624898949,1.06776859504,4.22727272727
Trey Mancini,4.04353262964,0.999212621,4.20286564885,-11.4976098548
Jeff Samardzija,2.01771390374,0.996961729823,0.962998973694,0.959001782531
Jordan Montgomery,3.0,1.0,0.0,2.0
Brett Phillips,2.53769559033,0.991063376785,2.09257621775,-0.0298719772404
Sam Gaviglio,3.0,1.0,0.0,2.0
Jen-Ho Tseng,0.0,1.0,0.0,1.0
Brian Dozier,4.83369349221,0.9996622263,3.20341031611,4.04513697371
Jake Odorizzi,2.0,1.0,2.22044604925e-16,2.0
Mike Clevinger,2.0,1.0,2.22044604925e-16,1.0
Jeimer Candelario,3.77415472152,0.995643178204,2.44403107561,1.23076923077
German Marquez,2.11658119658,0.995278045563,0.963760683761,1.50427350427
Brett Eibner,2.04656862745,0.979931244238,1.15109573241,2.27450980392
Deck McGuire,2.0,1.0,2.22044604925e-16,1.0
Chris Herrmann,2.49449076756,0.997188212116,3.46709380158,-6.40416152354
Ian Parmley,0.0,1.0,0.0,4.0
Bronson Arroyo,2.03214285714,0.993034426069,0.627142857143,1.975
Bryce Harper,4.56344175702,0.999834745554,1.39945928437,4.06955796497
Didi Gregorius,4.27109496945,0.999856779188,1.47327904953,7.50622825721
Colby Rasmus,3.47083926031,0.994912525984,2.28065049402,4.93029871977
Nick Markakis,4.25737383635,0.999712942852,2.72604283136,8.12404050302
Grant Green,3.0,1.0,1.11022302463e-16,2.22044604925e-16
Stephen Piscotty,3.86286543645,0.997489479362,5.12503223641,9.44528301887
Brett Gardner,4.65045699034,0.999829017406,2.13331666345,-1.01804824959
Justin Turner,4.2604259839,0.999883586971,1.40789676679,2.01490757305
Jeurys Familia,0.0,1.0,0.0,1.0
Joey Gallo,3.66335704525,0.997900993401,5.46380540224,5.14636015326
Amir Garrett,1.88461538462,0.990226832469,0.467948717949,3.21794871795
Jose Martinez,2.8788274832,0.995264845899,4.59929195151,-1.5
Travis d'Arnaud,3.44403299403,0.999211826048,2.59848595524,-1.71911196911
Cheslor Cuthbert,2.7126641853,0.993166454621,3.11646430007,6.17182933957
Marcell Ozuna,4.27674680045,0.999813315797,2.10623700003,3.88297110103
Kyle Schwarber,3.69376677102,0.997016315347,6.21917472138,24.9400119261
Randal Grichuk,3.78316623764,0.996716306042,6.25390734083,11.8116786343
Christian Yelich,4.44579291676,0.999813202045,2.28403047525,4.34491315136
Mike Moustakas,4.20625259079,0.999244086651,3.80141025914,4.26586525021
Anthony Rendon,4.20934699104,0.999849772823,1.60102047071,6.98951048951
Raimel Tapia,2.71589331385,0.982697796647,6.1243485674,-0.12298136646
Shane Peterson,2.80244716352,0.994245981104,1.52593251761,4.59784946237
Josh Tomlin,2.5,0.986842105263,0.222222222222,1.83333333333
Ross Stripling,0.872727272727,0.987993138937,0.24,0.872727272727
Josh Hader,1.0,1.0,0.0,1.0
Yovani Gallardo,0.0,1.0,0.0,2.0
Chris Devenski,0.0,1.0,0.0,1.0
Tommy La Stella,2.06966555597,0.994857161672,2.69273007291,-0.877823028508
Tommy Pham,4.16799657855,0.999668723455,2.32880141951,2.66818405512
Rey Fuentes,2.22815934066,0.986175223335,4.34159083104,12.0942307692
Arismendy Alcantara,1.54605896247,0.997094700947,1.33768824125,0.875251509054
Kurt Suzuki,3.88529067042,0.998595771372,2.80062148383,-3.50648148148
Josh Harrison,4.33471719923,0.999305584161,3.85226858992,-2.10610465116
Ryan Schimpf,3.75665215288,0.999371307544,1.12110341302,6.23270440252
Taijuan Walker,2.24384615385,0.998465260606,0.495076923077,1.91384615385
Brett Anderson,1.9,0.869879518072,0.75,1.4
Austin Barnes,2.54548631334,0.998830361858,2.06737517083,7.65637740245
Matt Reynolds,1.98451592306,0.96939675735,5.98159255602,-8.39947322212
Brian Ellington,0.0,1.0,0.0,1.0
Gio Gonzalez,2.55817575083,0.997824432299,0.813155357805,3.2064516129
Charlie Morton,0.0,1.0,0.0,3.0
Kyle Higashioka,2.2,0.961589403974,0.918518518519,1.86666666667
Roberto Perez,3.46451540292,0.999037222168,1.80606380546,4.71803652968
Addison Russell,3.43448243907,0.995601957708,5.46416186101,21.9140950792
Masahiro Tanaka,0.0,1.0,0.0,3.0
Jacob deGrom,2.3436210848,0.994118967922,1.47302386195,2.24201680672
Erick Fedde,2.0,1.0,5.18104078158e-16,1.0
Jonathan Villar,3.66146103542,0.991788519527,9.73040850047,24.9816073571
Bryan Holaday,2.23626373626,0.940546218487,1.83431952663,-0.571428571429
Justin Upton,4.25440920181,0.999885968204,1.5097029447,-2.54426629488
Luke Jackson,1.0,1.0,1.48029736617e-16,1.0
Tomas Nido,2.2,0.90977443609,0.88,0.0
Nick Tepesch,0.0,1.0,0.0,2.0
Luke Sims,1.75454545455,0.993836712914,0.368595041322,0.772727272727
Jose Bautista,4.41666008124,0.999810453015,2.31650817059,5.18961293484
Carlos Asuaje,4.05372301081,0.999113580656,2.42352610142,-3.53013278856
Jakob Junis,0.0,1.0,0.0,3.0
Bruce Maxwell,3.34079289132,0.998723868803,2.21997805519,-1.42447026658
Matt Olson,3.80360383718,0.993980260148,4.31736328116,-2.44827586207
Juan Centeno,2.4099378882,0.913553420121,4.05215338022,12.2411067194
Raudy Read,1.57142857143,0.960317460317,0.607142857143,0.5
Hernan Perez,3.48526485221,0.996444348026,7.00538322669,8.05762527233
Alen Hanson,2.20408595108,0.988725172429,6.244588988,-13.3182860166
Chris Archer,3.0,1.0,1.48029736617e-16,2.0
Fernando Salas,1.0,1.0,1.11022302463e-16,1.0
Tim Federowicz,0.93956043956,0.960737284794,0.622992392223,1.82417582418
Daniel Robertson,3.48491669752,0.998337320599,2.5700855539,-2.72648648649
Seth Lugo,1.92156862745,0.992738455177,0.650519031142,4.33333333333
Brock Stewart,1.0,1.0,0.0,1.0
Gary Sanchez,4.32049857743,0.999625414158,2.586222163,2.92711014768
Ariel Miranda,1.4,0.890909090909,0.5,1.4
Trevor Bauer,1.0,1.0,2.22044604925e-16,2.0
Michael Feliz,0.0,1.0,0.0,1.0
Leury Garcia,4.01844830956,0.998609691552,2.92458862615,-11.7277701778
Ian Kinsler,4.51671738197,0.99985048901,1.76680053726,2.62964138369
Juan Graterol,1.88107902736,0.96686666211,4.17700417933,6.60714285714
Adam Conley,2.11764705882,0.993941253164,0.606617647059,1.61764705882
Adam Wainwright,2.20565217391,0.997446657053,0.618055555556,0.676666666667
Mike Zunino,3.52595436664,0.999717321671,1.72808984544,2.31509677419
Greg Garcia,2.27302087226,0.998234408606,2.92088052964,-0.608952116586
Raisel Iglesias,0.0,1.0,0.0,1.0
Jorge Alfaro,4.02413793103,0.998799645457,0.895362663496,4.55862068966
Mark Reynolds,4.13219129882,0.999228629445,3.93782359321,4.86133631535
Yolmer Sanchez,3.89230975468,0.999304424385,3.24809197729,-5.49743062693
Matt Moore,1.79310344828,0.997165706097,0.67063020214,2.03448275862
Manny Machado,4.43805534921,0.999875180501,1.84260859575,3.05071043606
Taylor Motter,3.15160365581,0.990672946566,6.72279283312,9.65638148668
Billy Hamilton,4.52697171455,0.999698797933,2.46520520748,10.070606372
Starlin Castro,4.35825349954,0.999628363952,2.24866922271,4.32972972973
Yoan Moncada,4.35471698113,0.998888351853,2.11320754717,-0.511111111111
Homer Bailey,2.10539215686,0.99537171933,0.574682814302,1.21568627451
Ivan Nova,2.14679802956,0.98410807685,1.95916426023,5.32413793103
Chance Sisco,2.49090909091,0.929173748742,1.68,-3.30909090909
Francisco Cervelli,3.81054652213,0.999680808473,1.24637027372,2.93616380608
Patrick Corbin,2.10695187166,0.994620661891,1.2175228218,0.713012477718
Chris Marrero,2.68571428571,0.989187525072,1.06793650794,2.66666666667
Chris Flexen,1.75,0.990269461078,0.364197530864,0.777777777778
Yacksel Rios,0.0,1.0,0.0,1.0
Vance Worley,1.64189886481,0.982340276823,0.939571150097,-0.678362573099
Max Fried,1.31428571429,0.964741641337,0.342857142857,2.38095238095
Tyler Mahle,2.0,1.0,0.0,2.0
Yasiel Puig,3.71688741722,0.999310418705,3.47164598044,14.4917218543
Dillon Peters,1.82857142857,0.986195826645,0.304761904762,1.7619047619
Tzu-Wei Lin,3.33304347826,0.979432604335,2.82669082126,-2.91333333333
Robinson Chirinos,3.53792575112,0.998809252688,2.61683940333,2.08886618999
Luis Avilan,1.0,1.0,1.11022302463e-16,1.0
Mitch Garver,2.16106719368,0.912450189779,3.91501976285,9.70652173913
Tony Kemp,2.08578431373,0.969012256476,1.54642445213,3.43137254902
Derek Fisher,2.9722625383,0.977717518801,6.09769574597,17.8155136268
Dallas Keuchel,0.0,1.0,0.0,3.0
Dixon Machado,2.42305319018,0.995823499842,2.6184349108,-2.59977786005
Miguel Sano,4.48091928459,0.999740087385,1.77602096208,-0.0613844870725
Ricky Nolasco,2.5,0.986842105263,0.222222222222,2.16666666667
Corey Seager,4.28138482129,0.999489082927,2.98228028168,5.54718941899
Ben Gamel,4.10351001883,0.9988829108,4.36249091579,13.3777777778
Pedro Florimon,4.05494505495,0.988758904647,1.52904238619,-2.71428571429
Justin Bour,3.93048291368,0.999407891571,2.32846681267,3.38583078491
Dansby Swanson,3.82866561069,0.999164725481,3.58177822025,13.2061732095
Kyle Hendricks,2.09782608696,0.988356974936,1.39492753623,0.75
Rob Scahill,0.0,1.0,0.0,1.0
Brad Hand,1.0,1.0,1.11022302463e-16,1.0
Amed Rosario,3.77259552042,0.998943026294,1.24882447665,1.60289855072
Jake Smolinski,1.78529411765,0.873930265655,2.65606617647,-3.38970588235
Matt Davidson,3.83888564192,0.999468434339,2.42566559241,-5.06562364189
Pete Kozma,1.41072874494,0.986262555987,1.55528911035,-3.11153846154
Jason Hammel,2.5,0.986842105263,0.222222222222,3.83333333333
Emilio Bonifacio,1.19805230332,0.990663121265,0.997373892111,2.17813765182
Jose Berrios,1.5,0.964285714286,0.222222222222,1.83333333333
Brian Johnson,0.0,1.0,0.0,2.0
Jhoulys Chacin,1.94629765396,0.998516665202,0.633694556452,1.48863636364
Trea Turner,4.68693456764,0.999535481309,2.41515613579,1.06837786661
Travis Jankowski,3.17338217338,0.994670099709,1.53336649633,6.44973544974
Luis Perdomo,1.99267399267,0.997865589458,0.627594627595,0.761904761905
Jeff Hoffman,2.14411764706,0.990690391194,0.833455882353,4.79411764706
John Jaso,2.62069741282,0.992568500763,6.72197483251,-2.5634295713
Matt Bowman,0.0,1.0,0.0,1.0
Jordy Mercer,3.87389781137,0.999727443276,2.10911211376,5.43108171941
Christian Arroyo,4.10588235294,0.998985109507,0.887889273356,4.34117647059
Andrew Albers,0.0,1.0,0.0,3.0
Wily Peralta,1.89285714286,0.977950562841,0.598214285714,2.75
Jason Vargas,0.0,1.0,0.0,4.0
Jorge Polanco,4.08630224737,0.99899887771,3.91137043133,6.81020124913
Andres Blanco,1.973330467,0.993872054418,2.75742282169,-2.11424862058
Whit Merrifield,4.51839357825,0.998824693427,5.54378119664,-11.4632867133
Conor Gillaspie,2.09978858351,0.995988808777,1.37624447434,-2.55454545455
Austin Jackson,3.83722790321,0.996796266152,4.53058468367,-9.04257703081
Austin Romine,3.14751523676,0.9987729125,2.09409165495,7.59814814815
Paul Goldschmidt,4.31447584673,0.999891106256,1.71882989019,5.38535980149
Jason Heyward,3.84646419198,0.999532518781,2.40389475125,8.63567054118
Dustin Pedroia,4.53838152139,0.999520857361,2.39230266559,1.70604395604
Taylor Featherston,2.80637254902,0.994828659018,0.823529411765,2.54901960784
Jose Iglesias,3.84290026834,0.9996684186,1.8981574702,2.45748360167
Steven Matz,1.35882352941,0.955519742143,1.14338235294,4.55882352941
Derek Dietrich,3.50264716518,0.997346601331,5.84434137992,-10.0006633499
Carlos Gonzalez,3.93693785972,0.998729008653,4.60201538904,12.9436819172
Miguel Andujar,0.6,0.75,0.4,5.0
Carlos Correa,4.54042986736,0.999846836239,1.39505963279,2.75908618899
Jose Pirela,4.27863214375,0.999705361804,1.22084716684,6.21539817808
Michael Lorenzen,1.0,1.0,3.33066907388e-16,1.0
Carson Kelly,2.02643239114,0.989493815227,1.60253448973,3.53445378151
Jordan Lyles,1.53939393939,0.977515151515,0.568484848485,0.0727272727273
Jarrod Dyson,3.47123552124,0.999288792435,2.39051445268,11.7216859717
CC Sabathia,2.0,1.0,2.22044604925e-16,2.0
Paolo Espino,1.5,0.964285714286,0.222222222222,2.16666666667
Javier Baez,3.5748814404,0.998864902071,4.25682786642,-0.562356321839
Alcides Escobar,4.06216264629,0.998934910473,5.43174861393,3.5608490566
Jesus Aguilar,2.50452119195,0.994903517931,5.29364774996,-11.7431077694
Jarrod Saltalamacchia,2.35757575758,0.913261272353,1.76,1.69090909091
Michael Blazek,1.0,1.0,1.11022302463e-16,1.0
Maikel Franco,4.15709169691,0.999553972968,2.78752793104,6.53431372549
Jose Lobaton,3.12570135747,0.994399492001,2.80677609204,10.0731523379
Ben Zobrist,3.90024489126,0.999338343115,3.00621809577,9.81213090551
Martin Prado,3.95258416311,0.997956318432,1.48060435969,6.50213371266
Tyler Pill,1.5,0.964285714286,0.222222222222,1.83333333333
Sandy Leon,3.50545241352,0.999591402483,1.35552679074,5.46511627907
Joe Musgrove,1.5,0.964285714286,0.222222222222,2.16666666667
Pablo Sandoval,3.51816537892,0.997724254983,2.85016898065,7.43524829601
David Peralta,4.07239509304,0.998848338624,4.93614166071,3.91854103343
Guillermo Heredia,3.412727471,0.996772419177,5.47046462542,14.6365453818
Eric Hosmer,4.30544841175,0.999736218921,2.36266881768,2.39787735849
Stephen Strasburg,2.47307692308,0.998380468178,0.628184615385,1.24307692308
Erasmo Ramirez,0.0,1.0,0.0,3.0
Jeff Mathis,3.4324256738,0.996907539763,2.83820814424,0.826775956284
Jacob May,2.71785714286,0.99373284067,0.817142857143,4.30833333333
Yu Darvish,2.06666666667,0.987328767123,0.518518518519,2.51111111111
Pedro Baez,1.0,1.0,1.11022302463e-16,1.0
Austin Bibens-Dirkx,1.0,1.0,2.22044604925e-16,2.0
John Ryan Murphy,2.1,0.896341463415,0.92,-0.6
Mike Leake,2.12136752137,0.986095504089,1.68639053254,4.90598290598
Blake Snell,2.5,0.986842105263,0.222222222222,1.83333333333
Victor Martinez,4.19467136637,0.999736883267,1.69342100846,3.39137466307
Jose Quintana,2.26071428571,0.993128626948,0.689365079365,0.908333333333
Trayce Thompson,1.99572649573,0.926962382872,3.90946502058,8.87037037037
Justin Ruggiano,3.31754385965,0.992522801583,1.35715604801,2.66842105263
Shelby Miller,2.5,0.954198473282,0.5,2.0
Travis Shaw,4.23450786303,0.999667677963,2.78243848144,6.23106060606
Robinson Cano,4.37067658262,0.99967691126,2.50282560927,6.50953020134
Dexter Fowler,4.17216776227,0.999611286044,2.04500906046,8.49690539346
Darwin Barney,2.81181903498,0.999333206346,2.14483033456,-0.87863372093
Daniel Nava,2.8444255112,0.997402131261,2.53441571247,-2.81867088608
Adrian Sanchez,2.44186401833,0.986686044149,2.25922796926,-5.87899159664
Brock Stassi,1.83932773109,0.973815577649,3.77948235294,5.13647058824
Kike Hernandez,2.57401134993,0.99665068355,4.81181194729,1.63062692703
Ryder Jones,3.17348245539,0.990988185391,4.00239378994,8.80696661829
Drew Robinson,2.38954624403,0.996097175486,1.70782976311,7.32482993197
Max Kepler,4.03172707574,0.99863288943,5.26346892544,8.21590909091
Eddie Rosario,4.01088563909,0.99754404147,7.44591532344,-5.62482527257
Dillon Overton,0.0,1.0,0.0,1.0
Rob Refsnyder,1.94147528387,0.987462627032,2.61563089007,4.28084179971
Chris Sale,0.0,1.0,0.0,3.0
Harrison Bader,2.795271261,0.958554254421,4.610978739,11.7045454545
Scott Schebler,3.78338113789,0.999222493133,3.77552837775,10.0640295675
Elvis Andrus,4.45968717246,0.999808103033,2.21144617262,-3.48617270015
Johnny Giavotella,1.67857142857,0.899429967427,0.959183673469,1.53571428571
Teoscar Hernandez,3.48534798535,0.992484887598,1.91244969023,0.283068783069
Tyler Anderson,2.08823529412,0.987279546412,0.909926470588,1.71323529412
Rene Rivera,3.38875971862,0.996032977299,3.71520217737,3.85081081081
Jedd Gyorko,4.00870619494,0.999102399729,3.3133657281,2.91607658012
Alex Gordon,3.66701675117,0.998358954496,5.34517483485,18.1036955323
Domingo Santana,4.1369447531,0.999288711048,4.12137560287,-5.30905077263
Taylor Davis,1.75,0.939726027397,0.8125,-8.881784197e-16
Josh Rutledge,2.98909435752,0.993719105855,2.12422949265,6.5746799431
Brandon McCarthy,1.87142857143,0.996979027479,0.361904761905,2.5
Adam Duvall,4.20763586973,0.999686510466,2.27030752268,3.53051681045
Rafael Devers,4.07917807376,0.999679990748,0.947917871019,7.22618351841
Lisalverto Bonilla,1.7,0.938311688312,0.56,1.8
Jameson Taillon,1.78557312253,0.996698782441,0.604399381337,3.01086956522
Jonathan Schoop,4.2766597328,0.999690756843,2.877954925,-6.47569875776
Miguel Socolovich,0.0,1.0,0.0,1.0
Cody Reed,1.0,1.0,1.11022302463e-16,1.0
Adam Lind,2.77984230488,0.996826210152,4.25295961731,-11.8658593386
DJ LeMahieu,4.53817364266,0.999828992809,2.18653143466,-0.384856973092
Nelson Cruz,4.16204440721,0.999445667437,3.74824128532,3.43477167993
Justin Nicolino,1.45,0.988980836237,0.324691358025,1.97777777778
Trevor Story,3.86131767294,0.999787839512,1.85117251506,5.30099067599
Ty Kelly,1.69082937523,0.979986511397,3.94186871976,0.221946169772
Junior Guerra,1.82517482517,0.995203264702,0.362470862471,1.62820512821
Joey Wendle,1.71428571429,0.947368421053,0.69387755102,4.0
Tyler White,3.25324675325,0.989609015315,1.68686868687,5.41991341991
Alex Bregman,4.08175971678,0.998949223104,5.11358640152,0.419246646027
Josh Phegley,2.89641148325,0.998615696561,1.44687286398,2.47368421053
Steve Selsky,0.928571428571,0.905357142857,0.598214285714,2.75
Doug Fister,0.0,1.0,0.0,2.0
Steven Souza Jr.,4.20712661221,0.999522779971,3.19934326732,8.91377091377
Ben Revere,3.00372532666,0.996483059456,4.1335445185,1.62452043369
Ian Kennedy,2.0,1.0,2.22044604925e-16,2.0
Jonathan Lucroy,3.92845442468,0.999787539348,1.77576581921,6.05533700498
Chris Owings,4.02614138439,0.999567242885,1.90552358684,2.16789396171
Jorge Bonifacio,4.03510352957,0.996168260146,6.41473949512,-1.63574589128
Rob Segedin,1.60839160839,0.900803741713,1.66666666667,4.82051282051
Pedro Severino,1.99509803922,0.961019446765,1.62456747405,-2.3137254902
Nick Delmonico,3.98363179645,0.995864541695,2.64753184314,6.90697674419
Johnny Barbato,0.0,1.0,0.0,1.0
Matt Adams,3.27902371579,0.986098924479,12.4198072682,-14.405265748
Billy Burns,0.892857142857,0.941265060241,0.397959183673,0.892857142857
Jaff Decker,3.82598039216,0.995548729866,1.04296424452,2.1568627451
Chris Young,2.96799604889,0.998055658303,2.83349342016,14.0686202686
Jesse Winker,3.07203977798,0.995196002907,2.467430669,0.704787234043
Tanner Roark,2.14334975369,0.999127125451,0.400815355869,2.06206896552
Mark Zagunis,2.32142857143,0.981644981413,0.581632653061,4.60714285714
Tuffy Gosewisch,3.11818181818,0.98798286866,0.920661157025,1.04545454545
Ian Desmond,3.95944615201,0.997347684218,4.77443655424,16.7902081903
Kevin Gausman,1.0,1.0,1.11022302463e-16,1.0
Nick Franklin,1.7388548951,0.991039372967,2.58690828402,2.66433566434
Ian Happ,3.59089402667,0.996705060088,5.89182891392,12.7886056972
John Gant,1.0,1.0,1.48029736617e-16,1.0
Francisco Mejia,1.24545454545,0.954679552391,0.728925619835,2.22727272727
Anthony Rizzo,4.40484424144,0.999591497911,3.06092095094,14.2463661604
Gorkys Hernandez,2.75013733748,0.993872421649,6.63117656558,-1.43059593023
Raffy Lopez,2.78956521739,0.993515493012,1.27475845411,2.08666666667
Boog Powell,2.71737556561,0.980988663183,4.62538313666,-8.56184012066
Ehire Adrianza,2.78786993058,0.997016048748,2.56984144635,-1.55569358178
Gerardo Parra,3.81563144587,0.996875318391,5.76733050615,-6.72845831393
Scott Feldman,2.01228070175,0.998125303472,0.456325023084,1.52105263158
Andrew Cashner,3.0,1.0,0.0,4.0
Ariel Hernandez,1.0,1.0,1.11022302463e-16,1.0
Sal Romano,2.125,0.995779953796,0.524444444444,0.991666666667
Anthony Alford,2.1,0.969230769231,0.35,1.6
Cameron Maybin,4.12618936722,0.996983445107,6.03742675665,8.2962272939
Chad Huffman,1.49090909091,0.979461034232,0.55867768595,0.727272727273
Deven Marrero,2.80459423206,0.99435425825,3.68801541644,2.61384976526
Braden Shipley,2.0,0.923076923077,0.444444444444,2.33333333333
Chris Gimenez,3.23978773294,0.995535240055,3.71198220176,4.66901147723
Andrelton Simmons,4.12534399012,0.99988003551,1.65210002873,3.33771196561
A.J. Jimenez,1.96428571429,0.98727154047,0.397959183673,0.821428571429
Eric Thames,4.07800044804,0.998501126198,5.07913747147,9.59377975246
Kyle Lloyd,0.0,1.0,0.0,1.0
Matt Boyd,1.0,1.0,2.22044604925e-16,2.0
Ryan Lavarnway,1.94285714286,0.952747252747,0.67619047619,2.47619047619
David Freese,3.8988242363,0.999745435943,1.77388710021,0.271990604815
Bradley Zimmer,3.54280191458,0.997467249881,4.19623688566,-2.05449189985
Jack Reinheimer,4.0,1.0,7.77156117238e-16,1.0
Brent Suter,1.9,0.991398093509,0.476033057851,2.13636363636
Steven Brault,1.30303030303,0.982987772461,0.412121212121,1.63636363636
Brian Goodwin,4.03133642035,0.991043766442,6.625,-19.5707762557
Erik Gonzalez,2.00771478667,0.992663549043,2.39355714272,6.26779661017
Steve Lombardozzi,3.0,1.0,0.0,5.0
Jake Marisnick,2.63585157569,0.994796796938,4.66593540408,-16.5237171575
Rhys Hoskins,4.47541250543,0.99873657192,1.9101760385,4.43197278912
Alec Asher,0.0,1.0,0.0,1.0
Paul Janish,2.05714285714,0.960821214713,1.32244897959,-0.371428571429
Danny Duffy,0.0,1.0,0.0,2.0
Ryan Braun,4.05505707884,0.999654680559,1.95401408711,3.48186813187
Zach Lee,0.0,1.0,0.0,3.0
Josh Donaldson,4.41333422051,0.999601858341,2.27476318645,-1.31485794131
Pat Valaika,1.82313965341,0.994998978519,3.30063804885,6.82313965341
Eric Sogard,3.23673012318,0.98896664758,8.29870148436,12.3431131019
Paul Blackburn,0.0,1.0,0.0,3.0
Kevin Plawecki,3.57065637066,0.995963562149,1.94018780685,-3.93093093093
Adrian Gonzalez,3.70633802817,0.998006927066,2.18845467169,3.74295774648
T.J. Rivera,3.19848543315,0.993315802375,4.66576732933,0.439878234399
Andrew Susac,1.16666666667,0.960784313725,0.416666666667,4.16666666667
Brett Nicholas,2.99220779221,0.985910093829,1.77043908472,5.22077922078
Sean Manaea,2.0,1.0,2.22044604925e-16,3.0
Caleb Joseph,3.02076949268,0.996119073872,4.25344213502,7.96254681648
Joe Biagini,2.0,1.0,2.22044604925e-16,1.0
Tom Koehler,1.83636363636,0.989427740058,0.522314049587,2.72727272727
Asher Wojciechowski,1.53333333333,0.97962962963,0.459259259259,1.53333333333
Aaron Nola,2.17307692308,0.997877488246,0.601846153846,1.72307692308
Kevin Pillar,4.07335182877,0.997446929881,7.68024823631,19.2618623207
Matt Garza,1.76753246753,0.997666590065,0.424695938982,2.80086580087
Adam Engel,3.596962486,0.999581180108,1.71738521837,1.69013157895
Corey Dickerson,4.29676341171,0.998700217155,5.79006673482,4.85112582781
Neil Ramirez,0.0,1.0,0.0,1.0
Dan Vogelbach,1.43235294118,0.940102267322,1.31084558824,8.75735294118
Danny Santana,2.17755194219,0.996558906691,2.45772617946,2.05841613972
Marcus Stroman,3.0,1.0,1.48029736617e-16,1.0
Jaycob Brugman,3.26399167438,0.99417043206,2.80650304092,16.1835106383
Zack Granite,2.58574108818,0.943018885348,6.52822701689,13.5780487805
Clayton Richard,2.20564516129,0.998087279307,0.764568158169,1.91532258065
Sean Gilmartin,0.0,1.0,0.0,1.0
Orlando Arcia,3.66675209645,0.998962191001,4.35012334262,4.50232198142
Russell Martin,4.05550246855,0.999414367125,1.97360817237,5.78810320115
Brett Cecil,0.0,1.0,0.0,1.0
Wade LeBlanc,1.0,1.0,1.48029736617e-16,3.0
Stuart Turner,2.17520151731,0.979158536152,2.96934630221,4.06258890469
Matt Holliday,4.23095593727,0.999248723887,2.94196509495,-0.691374159821
Welington Castillo,3.91036353771,0.997706298261,4.33449529375,10.4660652921
Tyler Chatwood,1.75384615385,0.982230433322,1.49230769231,5.07692307692
Starling Marte,4.4003890846,0.999416680422,2.07269149169,8.14885114885
Jake Lamb,4.27639760566,0.999736189083,2.34091476279,8.59355704698
Abraham Almonte,3.08157075585,0.996273135293,2.91449210965,3.35294117647
Eduardo Escobar,4.04098190401,0.998165334611,4.83610512424,-7.71393548387
Mallex Smith,3.57189404594,0.993423166697,5.99701125176,10.4601851852
Sam Travis,2.3452540107,0.985306411059,2.15646437638,8.23351158645
Mike Marjama,2.3,0.924825174825,0.76,-1.0
Paul DeJong,4.24264292587,0.998731550009,3.99208869525,-9.15732246007
Kole Calhoun,4.2191163675,0.999776329696,2.37770113341,7.57965260546
Jake Buchanan,1.0,1.0,2.22044604925e-16,2.0
Keon Broxton,3.42324980982,0.994865402306,8.89395532736,10.9848320693
Michael Conforto,4.28436556251,0.998954116169,3.28082106228,-13.8987427795
Jeremy Hazelbaker,1.52700348432,0.995435264051,0.92742415229,-0.783972125436
Matt Cain,1.75187969925,0.997429307802,0.425563909774,1.05714285714
Yulieski Gurriel,4.21063771008,0.999442338214,3.21385671533,-3.4649150245
Geovany Soto,3.60989010989,0.997737085903,0.568047337278,3.72527472527
Yadiel Rivera,0.0,1.0,0.0,2.0
Tyler Flowers,3.92655993981,0.999016988668,2.87172141775,-9.48917748918
Jon Gray,2.31578947368,0.994520547945,0.770083102493,0.421052631579
Kendall Graveman,0.0,1.0,0.0,1.0
Adam Frazier,3.73175044032,0.996869916406,6.26454813061,10.392494242
Cody Asche,3.27894736842,0.996684813312,0.865927977839,5.01578947368
Alex Mejia,1.68669950739,0.978034350317,1.73229148972,2.35172413793
A.J. Schugel,1.0,1.0,1.11022302463e-16,1.0
Devon Travis,3.92295918367,0.999272274305,1.27638483965,7.70612244898
Raul Mondesi,2.47461538462,0.95300112197,3.3592,7.98461538462
Nick Castellanos,4.31726426641,0.999838278554,2.01649139528,7.98902387935
Evan Longoria,4.37737101608,0.999689735325,3.03361853547,8.31662531017
Scott Alexander,1.0,1.0,1.48029736617e-16,1.0
Hunter Renfroe,3.95269991177,0.999648283404,2.01134129738,4.40263894442
Khris Davis,4.32547891935,0.999887708284,1.53339398398,0.946078431373
Andrew Romine,2.73513074109,0.988656516137,8.08062693917,19.7681885923
Andre Ethier,1.76493506494,0.990862057249,0.792001649145,3.01731601732
Jacob Barnes,0.0,1.0,0.0,1.0
Kennys Vargas,3.67943100996,0.995068913908,4.65053162636,8.76771929825
Erik Kratz,0.3,0.6,0.25,1.3
Denard Span,4.29748993739,0.999597259519,2.30229076817,1.94514013119
Zach Vincej,1.45,0.955681818182,0.688888888889,1.2
Tim Anderson,4.11998504173,0.999498233251,3.33130981274,11.0990080302
Austin Slater,3.65622612681,0.998735859299,1.00480834045,6.90756302521
Adonis Garcia,3.84696832579,0.986492452995,5.03449324224,7.78657616893
Joe Panik,4.24115593556,0.999727139682,2.24198360495,-3.42050142812
Angel Sanchez,0.0,1.0,0.0,1.0
Pedro Strop,0.0,1.0,0.0,1.0
Jay Bruce,4.30107105538,0.99965812622,2.84681465033,9.39703065134
Ervin Santana,3.0,1.0,0.0,4.0
Ji-Man Choi,2.62857142857,0.975115207373,0.685714285714,4.42857142857
Steve Pearce,3.80670488931,0.996724220647,5.00059259104,-2.86215957955
Luis Torrens,2.67846889952,0.995055766938,2.56351674641,-6.65789473684
Jean Segura,4.57768686074,0.99983756757,1.77332910332,5.98838709677
Tony Sanchez,0.0,1.0,0.0,1.0
Chad Pinder,3.81983584131,0.996133488317,4.43236823047,-15.444870041
Luke Maile,3.00259019426,0.997653116325,1.52320315328,5.94172062905
Miguel Rojas,3.52122914539,0.999211090109,2.04199194317,-3.15880149813
Rafael Bautista,1.55392156863,0.963867786986,1.22376009227,3.1568627451
Randall Delgado,1.42857142857,0.985221674877,0.285714285714,0.714285714286
Jed Lowrie,4.22730288288,0.999834650896,1.84505665793,3.34589593413
Xander Bogaerts,4.27245804906,0.999744760021,2.2723715314,3.81217123163
Elias Diaz,3.1217032967,0.996514062267,2.90162259615,-2.58365384615
Kyle Seager,4.28602589361,0.99987946117,1.74248821815,1.00059417706
Marco Estrada,2.0,1.0,2.22044604925e-16,2.0
Chris Bostick,1.28947368421,0.919482503189,1.72894736842,1.1
Aaron Hicks,4.3084493694,0.998061188841,3.89085669068,-8.65412748171
Odrisamer Despaigne,2.1,0.974386252046,0.753086419753,1.37777777778
Luke Weaver,1.97902097902,0.984870346535,0.720473970474,0.448717948718
J.D. Davis,2.93577075099,0.972428345051,2.59391648049,8.3152173913
Joey Votto,4.37444764812,0.999885703288,1.88480440358,3.85079148678
Kyle Farmer,1.05413533835,0.990813719738,0.415639097744,0.885714285714
Eric Fryer,2.51260504202,0.991003873478,1.77805239743,-1.13445378151
Nolan Arenado,4.43676881984,0.999570738429,3.33622442439,4.52221133431
Casey Lawrence,1.0,1.0,2.22044604925e-16,2.0
Cristhian Adames,1.18881118881,0.981057777174,0.5,1.46153846154
Eduardo Rodriguez,2.5,0.986842105263,0.222222222222,1.83333333333
Willy Garcia,2.56208597604,0.99638559303,1.60476648088,8.09696969697
Cameron Rupp,3.79567325217,0.999714525206,1.24601097667,7.03892371996
Asdrubal Cabrera,4.08956290796,0.999389939955,2.85561067938,4.11847801321
Andrew McCutchen,4.18955129522,0.99987168247,1.82849364428,4.03413359464
Mike Freeman,1.71848739496,0.980450116597,2.11980792317,5.07142857143
Dylan Floro,1.5,0.964285714286,0.222222222222,0.833333333333
Drew Storen,0.0,1.0,0.0,1.0
Jose Abreu,4.43874910668,0.999867405537,1.91075097061,0.500628403854
Patrick Kivlehan,1.79624398327,0.998338752491,2.05297479407,-2.79460269865
JC Ramirez,0.0,1.0,0.0,3.0
Byron Buxton,3.77793987456,0.99788663324,5.73958007069,-3.77777777778
Alexi Amarista,1.91861431203,0.9816675512,6.26058930091,9.15677491601
Max Moroff,2.41257689679,0.993140089792,2.5522019334,1.40413533835
Matt Harvey,1.96904024768,0.996474099173,0.468027366892,3.48538011696
Matt Wieters,3.81826773423,0.99947843982,2.65069503969,7.5193922431
Yadier Molina,3.97969323983,0.999405305199,3.08442699607,8.99570631172
Yonder Alonso,3.79965751959,0.999405949545,3.13330327521,-1.25262211567
Sean Newcomb,1.83333333333,0.997556408148,0.397045244691,1.34210526316
Charlie Culberson,0.846428571429,0.957078107961,0.631428571429,2.475
Chris Stratton,1.83333333333,0.988562091503,0.407407407407,1.0
Ender Inciarte,4.73605395237,0.999853708727,1.96325877725,2.24382069543
Jose Urena,1.90344827586,0.993242186045,1.01212841855,2.38620689655
Luis Castillo,2.31208791209,0.996851017835,0.410361067504,2.97142857143
Gordon Beckham,1.64545454545,0.890244565217,1.55371900826,-1.86363636364
Howie Kendrick,3.83485963862,0.998890103898,2.36693446387,11.0472420838
Ichiro Suzuki,1.57330518582,0.998278938734,2.09377155614,1.42689995706
Wilmer Difo,3.15982929142,0.981097809444,12.813199403,-14.4079393036
Chris Stewart,2.9385520362,0.998407465459,1.44253393665,1.16365007541
Gerrit Cole,2.13123167155,0.99735235089,0.793736253666,0.903409090909
Tom Murphy,2.15734265734,0.975507819407,0.925990675991,4.88461538462
Yandy Diaz,4.00844125809,0.993113045765,3.56837148424,5.48670212766
Allen Cordoba,2.520150015,0.984784388292,7.58933141314,-3.19742574257
Andrew Benintendi,4.36386150496,0.999571760381,3.27591793808,5.21898454746
Hoby Milner,1.0,1.0,1.11022302463e-16,1.0
Dusty Coleman,2.63247863248,0.991542139735,1.58573388203,3.59259259259
Matt Szczur,2.03019878095,0.99607258492,3.57322197436,1.61472724683
Lucas Duda,3.89615898013,0.999671855843,2.2008437358,6.47419072616
Trevor Williams,1.96461538462,0.995924641597,0.740307692308,0.984615384615
Jean Machi,0.0,1.0,0.0,1.0
Salvador Perez,3.94054431423,0.999626408534,2.30079698659,7.80668604651
Chris Smith,0.0,1.0,0.0,1.0
A.J. Ellis,3.05475113122,0.997876898858,1.62428060214,11.5331825038
Carlos Martinez,2.15120967742,0.994526165944,1.22190426639,3.79637096774
Terrance Gore,0.426573426573,0.940517314011,0.308857808858,-0.179487179487
Ronald Torreyes,3.25249766985,0.995446204971,5.55989364721,-2.54858049727
Carlos Santana,4.45621984401,0.999716905987,2.72409087976,8.56859060403
Chris Davis,4.13173239791,0.999808567407,1.72601788892,4.00218023256
Yasmani Grandal,3.83013752236,0.999573119335,2.39671132005,2.59212880143
Charlie Blackmon,4.70333802216,0.999884153691,2.00252512358,2.44643148783
Tyler Moore,2.08606071256,0.99493004996,3.70072537234,-4.8356982823
Mark Trumbo,4.22092294641,0.999473192762,3.2532830268,8.11322337154
J.A. Happ,0.0,1.0,0.0,2.0
Josh Bell,3.98134105565,0.999528194191,2.8374032833,-9.49449685535
Daniel Murphy,4.21376965297,0.999258844733,3.97554943974,13.8930091185
Edubray Ramos,0.0,1.0,0.0,1.0
Ketel Marte,3.68172281871,0.996980070516,3.20487761171,-12.0077748982
Gabriel Ynoa,0.0,1.0,0.0,1.0
Chad Bettis,1.79761904762,0.97728344263,0.574404761905,1.58333333333
Yunel Escobar,4.25410282601,0.999248469484,2.76070667539,8.32509363296
Victor Caratini,2.19838709677,0.973806179039,2.90322580645,3.02419354839
Adeiny Hechavarria,3.53430727961,0.99956907084,1.68354468475,2.89964233116
Brandon Drury,3.52536337918,0.996716255019,6.86349607566,15.259912854
Miguel Gonzalez,2.0,0.952380952381,0.5,2.5
Miguel Gomez,1.68097120271,0.987049507346,0.998049381449,-0.695652173913
Adam Morgan,1.0,1.0,2.22044604925e-16,2.0
George Kontos,1.0,1.0,1.11022302463e-16,1.0
Marco Hernandez,2.87012987013,0.992909099041,1.24551638837,3.58441558442
Ozzie Albies,4.66803887936,0.996974397639,3.29164649053,-6.18451178451
Adam Rosales,3.01468579964,0.995512829698,5.03175621056,13.5994505495
Kaleb Cowart,2.28417767107,0.962696373134,5.38882304922,15.6376470588
Mike Aviles,2.67923186344,0.993959664131,1.79297220407,3.77382645804
Cam Gallagher,1.83916083916,0.916097160415,1.57284382284,7.88461538462
Tyler Glasnow,1.34558823529,0.938514138385,1.40808823529,4.34558823529
Ryan Hanigan,3.55080213904,0.9949033962,1.8432452871,5.2174688057
Dwight Smith,2.32867132867,0.946052321001,1.50038850039,1.02564102564
Danny Espinosa,3.1560233953,0.996203973945,4.34440699887,13.7369023107
Dinelson Lamet,2.10526315789,0.994324066785,0.753462603878,0.526315789474
A.J. Griffin,2.0,1.0,4.4408920985e-16,4.0
Vince Velasquez,1.86593406593,0.996427904919,0.375510204082,0.942857142857
Jefry Marte,3.12068511199,0.998575390594,1.26436539306,6.34492753623
Chase Utley,2.93945856768,0.994363657795,6.9094268772,0.204474440695
Wil Myers,4.22347652348,0.999696380457,2.65261493969,6.5729528536
George Springer,4.5945218138,0.999799842277,2.1521227458,3.89368454459
Johan Camargo,3.48190342241,0.996063892685,4.02044274496,-17.6601851852
Adrian Beltre,4.2063938157,0.999689985373,1.58473615807,6.14736842105
Chad Kuhl,1.80689655172,0.989422314654,1.2694411415,-0.641379310345
Tim Locastro,0.5,0.75,0.222222222222,-0.166666666667
Zach Eflin,2.20606060606,0.992836375626,0.461818181818,2.47272727273
Brock Holt,2.54785906298,0.989809560454,3.76682748966,13.0004960317
Victor Robles,2.45604395604,0.955676404752,1.65934065934,0.956043956044
Kris Bryant,4.38381083604,0.999582420123,2.96096675902,14.1927593819
Marco Gonzales,2.0,1.0,2.22044604925e-16,1.0
Kevin Shackelford,1.0,1.0,1.48029736617e-16,1.0
Gavin Cecchini,2.70241935484,0.990963412051,1.98272632674,4.14112903226
Miguel Diaz,1.0,1.0,1.48029736617e-16,2.0
Andrew Toles,3.18870967742,0.991773303391,2.2220603538,2.29838709677
Daniel Mengden,0.0,1.0,0.0,4.0
Tomas Telis,2.65322405558,0.991026291351,2.81317393979,-4.82993197279
Brandon Nimmo,3.42847301952,0.960414126386,10.8758601567,-27.6829488919
Noah Syndergaard,2.25714285714,0.953552330023,0.704761904762,2.85714285714
Hector Sanchez,2.11604590892,0.990076941976,3.63615477751,-7.64108108108
Tom Wilhelmsen,0.0,1.0,0.0,1.0
Jesus Sucre,3.15366019491,0.997948471921,2.15443027486,3.02304147465
Michael Brantley,4.30953353762,0.999739249523,1.34696338464,2.21198501873
Carlos Rodon,2.5,0.986842105263,0.222222222222,1.83333333333
Joc Pederson,3.30124228871,0.994671438246,5.59623597325,10.0323624595
Phillip Ervin,2.45593869732,0.987437001332,1.81937602627,-2.15517241379
Jon Lester,2.32375478927,0.999012780219,0.481390257252,1.37931034483
Hyun Soo Kim,2.55096629701,0.997915076598,2.63372005709,6.42262038074
Mark Canha,3.28479152427,0.998583183717,1.52559564496,2.50751879699
Luiz Gohara,2.2,0.991803278689,0.24,0.8
Matt Kemp,4.20665047575,0.999287737402,2.65918310146,10.7107591989
Yasmany Tomas,3.84782608696,0.99952203138,1.00905387053,4.92553191489
Rickie Weeks Jr.,3.2164532954,0.994243635092,2.18972742301,0.320056899004
Tyler Saladino,3.56382667965,0.992899855067,5.99359077071,18.3778481013
Brad Miller,3.67837161599,0.997060853553,5.60422440486,15.3469287469
Aaron Hill,2.23132161956,0.985914707489,2.11690109199,4.24201680672
Jayson Aquino,0.0,1.0,0.0,2.0
Craig Gentry,1.55481360745,0.991353531187,2.66052197973,-1.34265734266
Zach Davies,2.3099340176,0.994590477978,1.2704934934,-2.14772727273
Joe Mauer,4.42178486755,0.999546138724,3.04068879426,-3.8273563948
Michael Pineda,2.0,1.0,2.22044604925e-16,2.0
Anthony Santander,1.99450549451,0.948797523041,1.48858833474,3.64835164835
Curt Casali,1.33333333333,0.833333333333,1.18518518519,-0.666666666667
Jered Weaver,1.85714285714,0.99217221135,0.238095238095,1.19047619048
Todd Frazier,4.03177058731,0.999170718344,4.32838304041,9.15389702409
Lance McCullers,0.0,1.0,0.0,3.0
Chris Heisey,2.06567093409,0.981510176312,2.48027116733,-1.66856330014
Carlos Ruiz,2.74923399452,0.997117445902,1.94566305495,2.10482180294
Magneuris Sierra,2.7701863354,0.921585267646,4.52399774139,13.4584980237
Mac Williamson,2.45183360701,0.988812590208,1.73926812104,8.15024630542
Kyle Barraclough,0.0,1.0,0.0,1.0
Vidal Nuno,0.0,1.0,0.0,1.0
Carl Edwards Jr.,0.0,1.0,0.0,1.0
Chase Headley,4.03928908833,0.999604532416,2.83312413467,8.71601322626
Martin Perez,4.0,1.0,4.4408920985e-16,2.0
Ryan Raburn,2.67230769231,0.991862710484,1.49046153846,2.57230769231
Mike Foltynewicz,1.91758241758,0.995229076938,0.78428978429,1.07142857143
Manny Pina,3.48437469386,0.9955496406,6.02627127908,8.53374870197
