Player,R.Slope,R.R^2,R.MAE,R.Intersect
Rougned Odor,0.544697492524,0.991569829144,1.91195184228,-2.46399815965
Giovanny Urshela,0.211240842491,0.956402915238,0.676512419872,1.33028846154
Tim Adleman,0.0,1.0,0.0,0.0
Kevan Smith,0.248200386811,0.953784898353,1.19453725878,1.63753007217
Chase Anderson,0.0413043478261,0.495652173913,0.249637681159,-0.266666666667
Dominic Smith,0.420783225409,0.972032602419,0.784434702168,-0.532839962997
A.J. Reed,0.0,1.0,0.0,0.0
Dylan Covey,0.0,1.0,0.0,0.0
Matt Joyce,0.609097136008,0.985859622488,2.4348811849,-8.07651583258
Brandon Finnegan,0.0,1.0,0.0,0.0
Tony Watson,0.0,1.0,0.0,0.0
Michael Morse,0.0,1.0,0.0,1.0
J.T. Realmuto,0.488454221425,0.990701761159,1.56917861282,0.802431610942
Rafael Montero,0.0808823529412,0.647058823529,0.238051470588,-0.294117647059
Emilio Pagan,0.0,1.0,0.0,0.0
Michael Wacha,0.0848385331144,0.800433116775,0.291774180937,0.497536945813
Jae-Gyun Hwang,0.0670794633643,0.603715170279,0.246913580247,0.707602339181
Christian Vazquez,0.450550401979,0.967827253545,1.92446651633,-4.18808080808
Zack Greinke,0.124137931034,0.92440790281,0.266513409962,0.0666666666667
Robbie Ray,0.175726495726,0.871071546324,0.417567389875,0.726495726496
Dustin McGowan,0.0,1.0,0.0,0.0
Carlos Moncrief,0.202686202686,0.833430789394,0.578031022475,-0.153439153439
Garrett Cooper,0.296703296703,0.938223938224,0.246830092984,-0.164835164835
Jharel Cotton,0.0,1.0,0.0,0.0
Ian Krol,0.0,1.0,0.0,0.0
Joe Blanton,0.0,1.0,0.0,0.0
A.J. Pollock,0.633486520655,0.992155786544,1.57818181985,2.41292667509
Tyler Naquin,0.0982456140351,0.614901960784,0.339427516159,2.16842105263
Albert Pujols,0.378334844912,0.993479651126,1.07787694005,-1.8088590604
Jordan Luplow,0.200854700855,0.8694894287,0.503956948401,-0.277777777778
Jabari Blash,0.449152542373,0.97196562869,1.14446327684,0.733333333333
Robbie Grossman,0.538207212183,0.988899554919,1.54215665623,2.1047976012
Cesar Puello,0.281862745098,0.701070822731,0.705017301038,-0.725490196078
Kirk Nieuwenhuis,0.179411764706,0.795935828877,0.343382352941,0.279411764706
J.P. Crawford,0.310276679842,0.913873646745,0.523629489603,0.717391304348
Sean Rodriguez,0.312826376977,0.948002407626,0.941316731254,1.83973063973
Jack Flaherty,0.0,1.0,0.0,0.0
Dan Straily,0.0456062291435,0.634566310481,0.261287850698,0.105376344086
Aaron Blair,0.0,1.0,0.0,0.0
Nick Ahmed,0.433397839058,0.982385217792,0.735818629375,0.505241090147
Brandon Moss,0.372340752701,0.986434064048,1.24354884892,0.426613616269
Aaron Wilkerson,0.0,1.0,0.0,0.0
Jhan Marinez,0.0,1.0,0.0,0.0
Orlando Calixte,0.212807881773,0.956261529002,0.31187361984,-0.806896551724
Ubaldo Jimenez,0.0,1.0,0.0,0.0
Jacob Turner,0.0,1.0,0.0,0.0
Jared Hoying,0.297478991597,0.907079090865,0.679471788715,3.08571428571
Josh Reddick,0.645669517305,0.977732270068,3.03158285806,-0.55650489861
Sam Freeman,0.0,1.0,0.0,0.0
Matt Chapman,0.490449603291,0.989224620325,1.02482218029,-0.638554216867
Brian Anderson,0.421538461538,0.977832191513,0.381538461538,0.421538461538
Dee Gordon,0.735721506583,0.988464641589,3.17621746221,-5.41175522051
Marcus Semien,0.633144420559,0.995817055763,0.841410293255,-0.862653898769
Phillip Evans,0.243859649123,0.922683858644,0.320406278855,-0.668421052632
Adam Eaton,0.935770750988,0.961234801324,1.06289740505,1.48913043478
Danny Ortiz,0.116666666667,0.525,0.249382716049,0.311111111111
Dustin Garneau,0.229790940767,0.968729676155,0.388731197417,0.0871080139373
Nick Williams,0.594647696477,0.984729970053,1.48234411768,-1.50195724179
Eugenio Suarez,0.545221349433,0.98439806817,2.57758340294,3.6107300343
Mat Latos,0.0,1.0,0.0,0.0
Stephen Cardullo,0.114285714286,0.65306122449,0.285714285714,-0.4
Mike Trout,0.858787792876,0.994404602684,1.73699399738,-3.79344012204
Miguel Montero,0.291551606288,0.966957918102,0.997858761737,1.34313055366
Leonys Martin,0.347132284921,0.965698225654,0.714104355699,-0.367021276596
Rocky Gale,0.0,1.0,0.0,1.0
Jacob Hannemann,0.3,0.85078125,0.328925619835,-0.318181818182
Alejandro De Aza,0.266178266178,0.917286460612,0.492319751579,0.94708994709
Tyler Austin,0.2,0.668341708543,0.7,1.2
Jimmy Nelson,0.0,1.0,0.0,0.0
Tim Beckham,0.49428939459,0.968950960464,2.98327513702,-2.58512237012
Derek Holland,0.0,1.0,0.0,0.0
Peter Bourjos,0.295287569573,0.977815673416,1.03327998601,-0.408484848485
Henderson Alvarez,0.0,1.0,0.0,0.0
Melky Cabrera,0.522997938178,0.991884629334,1.82676540624,1.82832006703
Robert Gsellman,0.0726086956522,0.761821078989,0.233913043478,-0.293333333333
Jeremy Hellickson,0.0751879699248,0.751879699248,0.207518796992,-0.214285714286
Tyler Skaggs,0.0,1.0,0.0,0.0
Efren Navarro,0.548842461886,0.907831621671,0.937426210153,-1.67193675889
James McCann,0.384986271003,0.992498878618,0.782560062283,0.486333979898
Rookie Davis,0.0,1.0,0.0,0.0
Felix Pena,0.0,1.0,0.0,0.0
Lance Lynn,0.0849833147942,0.863394315197,0.247326659251,-0.0322580645161
Jerad Eickhoff,0.136842105263,0.852100840336,0.257063711911,-0.0736842105263
Jurickson Profar,0.343308865048,0.933353532293,0.484831374159,0.304347826087
Paulo Orlando,0.197570850202,0.937931758806,0.46556628257,0.810256410256
Christian Villanueva,0.472027972028,0.878948637569,0.502331002331,0.653846153846
Chad Wallach,0.0,1.0,0.0,0.0
Breyvic Valera,0.0,1.0,0.0,0.0
Miguel Cabrera,0.421646512936,0.989837221201,1.3470938549,0.247293307087
Rob Zastryzny,0.0,1.0,0.0,0.0
A.J. Cole,0.0,1.0,0.0,0.0
Antonio Bastardo,0.0,1.0,0.0,0.0
Nik Turley,0.0,1.0,0.0,0.0
John Hicks,0.422867463184,0.970920929068,1.0126738909,2.64207650273
Logan Forsythe,0.514931396287,0.976887918771,2.2940315454,-0.818401937046
Rajai Davis,0.502014377427,0.993922820461,1.06269736485,-0.546861184792
Renato Nunez,0.142857142857,0.571428571429,0.25,-0.25
Ryan Tepera,0.0,1.0,0.0,0.0
Edwin Encarnacion,0.681442912093,0.986857931547,2.96186719989,-5.98573975045
J.D. Martinez,0.682529335072,0.982007812389,2.23248531853,1.41329856584
Mason Williams,0.4,0.8,0.24,1.2
Andrew Stevenson,0.19281894576,0.91117569655,0.491825821238,-1.06386554622
J.J. Hardy,0.33419721091,0.977921480253,0.852239742088,-1.71603109959
Chase d'Arnaud,0.338655462185,0.942156862745,0.731956782713,1.81428571429
Josh Smoker,0.0,1.0,0.0,0.0
Edwin Jackson,0.275,0.858872651357,0.434375,-0.625
J.T. Riddle,0.319744554282,0.985104742727,0.650922678931,-1.30261569416
Michael Taylor,0.547991793577,0.983671953883,1.92113888136,-3.58335832084
Quintin Berry,0.0,1.0,0.0,0.0
Julio Urias,0.0,1.0,0.0,0.0
Matt Shoemaker,0.0,1.0,0.0,0.0
Delino DeShields,0.646916393676,0.988982162048,1.88165874525,-3.02521008403
Chris Iannetta,0.424361593463,0.991220620415,0.824180831162,0.137078651685
Kenley Jansen,0.0,1.0,0.0,0.0
Christian Colon,0.158260869565,0.851334332834,0.372898550725,-0.236666666667
Christian Walker,0.236363636364,0.889473684211,0.228099173554,-0.272727272727
Gregory Polanco,0.3727885907,0.987868365133,1.03449096935,2.12062521237
Jake Arrieta,0.102955665025,0.797972232371,0.354136232376,-0.406896551724
Jhonny Peralta,0.183116883117,0.834167832168,0.412368583797,0.121212121212
Juan Lagares,0.390418570194,0.983738979927,0.991084648463,-1.21807081807
Anthony Recker,0.257142857143,0.771428571429,0.209523809524,-0.142857142857
Wilmer Flores,0.401330355219,0.987558631927,1.12772018026,0.0285565939772
Austin Hays,0.278195488722,0.922332713504,0.388721804511,-0.542857142857
Javy Guerra,0.0,1.0,0.0,0.0
Gregor Blanco,0.47025558711,0.936215037872,2.84994422418,1.48473748474
Drew Stubbs,0.0,1.0,0.0,0.0
Aaron Altherr,0.509166939567,0.98239970479,1.62550632361,3.21213189914
Brad Peacock,0.0,1.0,0.0,1.0
Avisail Garcia,0.528849486901,0.996328292152,1.03053817807,2.62255389718
Carlos Carrasco,1.0,1.0,1.94289029309e-16,1.66533453694e-16
Mike Fiers,0.0,1.0,0.0,1.0
Hyun-Jin Ryu,0.201298701299,0.850944510035,0.419294990724,-0.34632034632
Scott Van Slyke,0.231527093596,0.947661947662,0.376422626125,0.379310344828
Tyler Smith,0.2,0.733333333333,0.28,-0.4
Adam Jones,0.582981359889,0.992036761056,1.86321086852,-1.23110865968
Luis Valbuena,0.365875406495,0.985043985418,1.2380645464,-1.04983340577
Steven Okert,0.0,1.0,0.0,0.0
Albert Almora Jr.,0.282939198206,0.974559538025,1.43130337409,2.88376127689
Kelby Tomlinson,0.362089794843,0.971006173847,1.56329041039,-4.30153099328
Jim Adduci,0.385221674877,0.934937622309,0.67599796161,2.29655172414
Zack Cozart,0.672623512578,0.995765854336,1.28636555133,-0.546181527389
Will Middlebrooks,0.185714285714,0.737698412698,0.497959183673,2.14285714286
Alex Meyer,0.0,1.0,0.0,0.0
Nick Wittgren,0.0,1.0,0.0,0.0
Freddie Freeman,0.724031510095,0.986321989914,2.26244862272,4.99572845156
Jeremy Jeffress,0.0,1.0,0.0,0.0
C.J. Cron,0.415895589559,0.979107858551,1.38134437444,-2.49683168317
Cesar Hernandez,0.630728110599,0.993684718277,1.46219354839,5.96685714286
Michael Fulmer,0.0,1.0,0.0,0.0
Cody Bellinger,0.660618409313,0.994361942816,1.52112848943,3.60070631123
Travis Wood,0.276223776224,0.844710128581,0.324592074592,-0.102564102564
Corey Kluber,0.0,1.0,0.0,0.0
Hector Rondon,0.0,1.0,0.0,0.0
Carlos Gomez,0.504603648778,0.980919422127,1.71906047649,1.84945054945
Freddy Galvis,0.439282302364,0.981345026893,2.39305497349,-1.7536163522
Tucker Barnhart,0.215045386804,0.984743427412,0.755056259035,1.2129792711
Blake Wood,0.0,1.0,0.0,0.0
John Bormann,0.0,1.0,0.0,0.0
Tommy Joseph,0.366112702543,0.985364578047,1.59290856156,2.9623100304
Chase Bradford,0.0,1.0,0.0,0.0
Tyler Wade,0.17085650723,0.888207113399,0.403935236683,2.58924731183
Tony Wolters,0.338568365603,0.83884294923,2.9723722705,8.23920070526
Jose Reyes,0.505854050055,0.978296359098,2.63377973582,-1.93735841623
Josh Lindblom,0.0,1.0,0.0,0.0
Kristopher Negron,0.134065934066,0.489283366206,0.464364207221,0.914285714286
Rich Hill,0.050395256917,0.579545454545,0.249527410208,-0.29347826087
Logan Morrison,0.524998426724,0.987242889901,2.14623948569,0.838291311446
Mike Tauchman,0.0540322580645,0.758277027027,0.227939646202,-0.229838709677
Michael Saunders,0.424834394495,0.945537859727,1.79898224966,0.404490106545
Curtis Granderson,0.539010729469,0.992511111525,1.66604091194,-3.35225048924
Devin Mesoraco,0.303451811347,0.931575290153,1.08703861928,2.53007518797
Tommy Milone,0.0,1.0,0.0,0.0
Travis Taijeron,0.147692307692,0.860343539955,0.358892307692,0.187692307692
Willson Contreras,0.44247876062,0.98431699054,1.55635371969,-1.75287356322
Luke Voit,0.296895066858,0.938394427219,1.07909647201,2.52534562212
Jaime Garcia,0.111764705882,0.548007590133,0.377022058824,-0.463235294118
Micah Johnson,0.166666666667,0.875757575758,0.258362168397,-0.392156862745
Aledmys Diaz,0.402361246349,0.984650563599,0.970979749301,1.59905063291
Erick Aybar,0.389937106918,0.983292237292,1.3241979333,-2.30218068536
Stephen Drew,0.175516497071,0.83568219852,0.847666546005,1.31174838113
Kevin Quackenbush,0.0,1.0,0.0,0.0
Jayson Werth,0.528807628379,0.962189463625,1.87150430534,2.01327967807
Carlos Beltran,0.525469588551,0.978716420567,2.50298082123,-1.00214669052
Kevin Kiermaier,0.561597459977,0.983163881461,1.7908525306,-0.951762523191
Jacob Stallings,0.6,0.75,0.4,0.6
Seth Smith,0.454703404703,0.9899332744,1.15686701092,4.25257400257
Willie Calhoun,0.269230769231,0.745652173913,0.502958579882,-0.769230769231
Brandon Phillips,0.588151285334,0.995109438836,1.43299338306,-2.25524475524
Chris O'Grady,0.0,1.0,0.0,0.0
Giancarlo Stanton,0.830070022621,0.989892556821,3.30815063753,-7.90733221877
Derek Norris,0.38348653443,0.953940352117,1.09595226576,-0.932914046122
Johnny Cueto,0.0807692307692,0.692873303167,0.317723076923,0.510769230769
Drew Pomeranz,0.0,1.0,0.0,0.0
Collin McHugh,0.0,1.0,0.0,0.0
Chris Taylor,0.651655569954,0.994582723545,1.54272971095,-1.20164439877
Jose Peraza,0.31540349322,0.958632716829,2.2357507065,4.87907925408
Antonio Senzatela,0.0563909774436,0.563909774436,0.25037593985,0.214285714286
Franchy Cordero,0.54149054505,0.917989403779,1.15374613768,1.41505376344
Brian Duensing,0.0,1.0,0.0,0.0
David Washington,0.0,1.0,0.0,0.0
Jorge de la Rosa,1.0,1.0,1.94289029309e-16,1.66533453694e-16
Christian Bergman,0.0,1.0,0.0,0.0
James Hoyt,0.0,1.0,0.0,0.0
Joey Rickard,0.272665847666,0.990327464973,0.671223188791,0.35472972973
Austin Hedges,0.298781165359,0.978971175482,1.2054928583,1.59752066116
Jimmy Yacabonis,0.0,1.0,0.0,0.0
Ryan McMahon,0.115196078431,0.780014124294,0.2592272203,0.137254901961
Jordan Zimmermann,0.0,1.0,0.0,0.0
T.J. McFarland,0.0,1.0,0.0,0.0
Kyle Kendrick,0.0,1.0,0.0,0.0
Jose Osuna,0.335164835165,0.972902815065,1.33585164835,1.46978021978
Mike Montgomery,0.294736842105,0.76862745098,0.770083102493,-1.28421052632
Buster Posey,0.442470096871,0.986466681405,1.78975796349,2.36261398176
Martin Maldonado,0.32555383811,0.991219339142,1.04864284031,-0.452611823585
Yangervis Solarte,0.391931477315,0.990046180238,1.1931375827,-0.266486220472
Yoenis Cespedes,0.537917795845,0.990061266573,1.02240809514,1.79193014152
Cam Perkins,0.200388947411,0.959948270999,0.403674421177,-0.369878183832
Paul Sewald,0.0,1.0,0.0,0.0
Jose Torres,0.0,1.0,0.0,1.0
Justin Grimm,0.0,1.0,0.0,0.0
Clint Frazier,0.403545245651,0.98912909099,0.381367303805,1.32388663968
Tyler Lyons,0.0,1.0,0.0,0.0
Cliff Pennington,0.301541882336,0.974214890428,1.01026078052,-0.782392894462
Jesen Therrien,0.0,1.0,0.0,0.0
Anibal Sanchez,0.0,1.0,0.0,0.0
Chris Coghlan,0.173389355742,0.866346953911,0.586746698679,0.709523809524
Christian Bethancourt,0.0,1.0,0.0,0.0
Nolan Fontana,0.0944055944056,0.566433566434,0.25,0.230769230769
Mark Leiter,0.0,1.0,0.0,0.0
John Lackey,0.0678531701891,0.798016076131,0.251316277345,0.0494623655914
Josh Ravin,0.0,1.0,0.0,0.0
Richard Urena,0.224675324675,0.79093551797,0.588991960421,1.32467532468
Ryan Rua,0.267185099846,0.977328222711,0.598629296402,2.03472222222
Tony Sipp,0.0,1.0,0.0,0.0
Jackie Bradley Jr.,0.472014526253,0.994749188984,1.04653480694,-0.841193893825
Hunter Pence,0.400990604054,0.993732077917,1.02802744509,0.211311861744
Rymer Liriano,0.202597402597,0.911688311688,0.31746031746,0.307359307359
Wilson Ramos,0.260508241758,0.951561839106,0.903826837225,1.37211538462
Nick Pivetta,0.0760869565217,0.607538436105,0.342391304348,0.833333333333
Anthony Banda,0.0,1.0,0.0,0.0
O'Koyea Dickson,0.0,1.0,0.0,0.0
Clay Buchholz,0.0,1.0,0.0,0.0
Max Stassi,0.221978021978,0.848316008316,0.309576138148,1.91428571429
David Price,0.0,1.0,0.0,0.0
Jason Castro,0.426990960936,0.97291530152,1.92077681442,-0.89828009828
Chris Rusin,0.15,0.675,0.22962962963,0.0666666666667
Franklin Barreto,0.345384615385,0.958216091867,0.423815384615,1.93538461538
Rick Porcello,0.0,1.0,0.0,0.0
Jarrett Parker,0.320480192077,0.970033380161,0.686380792317,-0.371764705882
Adam Wilk,0.0,1.0,0.0,0.0
Evan Gattis,0.510782626304,0.989150941057,1.02280309714,0.183473389356
Stephen Vogt,0.245132962276,0.983721039321,0.76184904081,0.24101010101
Julio Teheran,0.127450980392,0.954683378525,0.239007603041,-0.252380952381
Matt Wisler,0.0,1.0,0.0,0.0
Lewis Brinson,0.131578947368,0.695659087295,0.425789473684,-0.6
Jose Ramirez,0.743696716851,0.990661383432,2.5510465197,-5.02684563758
Jake Thompson,0.142857142857,0.571428571429,0.25,0.25
Darrell Ceciliani,1.0,0.75,0.444444444444,-0.333333333333
Drew Butera,0.262617354196,0.966769962375,0.864871692745,-0.0901754385965
Kolten Wong,0.581222762425,0.992554425542,1.23385361091,-3.66513842356
Ruben Tejada,0.522996515679,0.966625478915,0.9642389734,-1.97212543554
Ramon Flores,0.0,1.0,0.0,0.0
Pedro Alvarez,0.375824175824,0.856879120879,0.499529042386,-0.942857142857
Clayton Kershaw,0.186758893281,0.946201525747,0.252191098127,2.11956521739
Neil Walker,0.546757432996,0.989965255267,1.39522099702,-0.443734643735
Greg Allen,0.319230769231,0.966730656967,0.349046153846,-0.110769230769
Austin Brice,0.0,1.0,0.0,0.0
Alex Presley,0.373948036042,0.970189256376,1.06672132172,1.51307847082
Ricardo Pinto,1.0,1.0,1.94289029309e-16,1.66533453694e-16
Francisco Lindor,0.569896160958,0.984673388915,2.72111108139,3.92920137188
Matt Grace,0.0,1.0,0.0,0.0
Dietrich Enns,0.0,1.0,0.0,0.0
Archie Bradley,0.0,1.0,0.0,0.0
Alex Verdugo,0.105494505495,0.738461538462,0.210675039246,-0.114285714286
Jesse Chavez,0.0,1.0,0.0,0.0
Shin-Soo Choo,0.678128134983,0.996438852902,1.43928793788,-2.7140395429
Rob Brantly,0.225274725275,0.789943609023,0.354184277261,0.494505494505
Bartolo Colon,0.111888111888,0.671328671329,0.231157731158,0.0512820512821
Matt den Dekker,0.3,0.6,0.25,-0.2
Phil Gosselin,0.0954971857411,0.811486937266,0.454502814259,0.0878048780488
Chasen Shreve,0.0,1.0,0.0,0.0
Eduardo Nunez,0.538567465219,0.986056333906,1.62520779176,-2.63081617086
Eric Young,0.444380203515,0.922197673826,1.42467081308,4.07712765957
Brandon Belt,0.576144244105,0.987347145348,1.68191573177,-0.613736263736
Mike Napoli,0.511189072758,0.993988007419,1.13941569102,-2.50773669027
Cory Gearrin,0.0,1.0,0.0,0.0
Edwin Diaz,0.0,1.0,0.0,0.0
Justin Smoak,0.596586433803,0.991481885006,2.10891897904,-2.5146335564
Gregory Bird,0.454902867715,0.969642055183,0.874859763418,-1.90957446809
Andrew Miller,0.0,1.0,0.0,0.0
Jacoby Ellsbury,0.559915759916,0.986998496189,1.65043147746,-0.281853281853
Ryon Healy,0.459992141988,0.993569883881,1.22185822549,-1.31412024269
Nick Martinez,0.0,1.0,0.0,0.0
Alberto Rosario,0.0,1.0,0.0,0.0
Ben Lively,0.181318681319,0.864285714286,0.224852071006,-0.010989010989
Ryan LaMarre,0.0,1.0,0.0,0.0
Kenta Maeda,0.113846153846,0.825527638191,0.319289940828,-0.384615384615
R.A. Dickey,0.0,1.0,0.0,0.0
Troy Tulowitzki,0.271453919215,0.96793933643,0.769042897401,0.0868385345997
Wade Miley,0.0,1.0,0.0,0.0
Brandon Guyer,0.338984289368,0.936105150183,1.49196182569,-1.80082815735
Alex Wood,0.0300854700855,0.391111111111,0.230479947403,0.470085470085
JaCoby Jones,0.214636935392,0.941809453264,0.658272451983,0.626936026936
Albert Suarez,0.0,1.0,0.0,0.0
Jace Peterson,0.160992920292,0.916393022667,0.995931208994,-1.49182839632
Omar Narvaez,0.257751985842,0.977472197247,0.868453992948,0.696703296703
Colin Moran,0.107142857143,0.375,0.224489795918,1.82142857143
Brandon Crawford,0.399405758561,0.988479407047,1.39642444951,1.92191142191
Mike Ohlman,0.178571428571,0.625,0.244897959184,-0.25
Daniel Descalso,0.387289188709,0.989966828897,1.20682121522,-2.54938344099
Zack Godley,0.0438461538462,0.548076923077,0.251446153846,-0.286153846154
Yan Gomes,0.383464648559,0.985706173867,1.13207626156,-0.59730458221
Danny Valencia,0.480842289257,0.988336873684,1.53319599108,-3.19894304169
Jason Kipnis,0.509888697122,0.98944797233,1.1342620981,-1.94152196118
Mitch Moreland,0.479284585229,0.993239266946,1.39055285661,1.90096136405
Madison Bumgarner,0.153571428571,0.853910098522,0.234603174603,1.79166666667
Juan Nicasio,0.0,1.0,0.0,0.0
Alex Avila,0.371625892644,0.983155349755,1.31590987717,2.04440581542
Wei-Yin Chen,0.0,1.0,0.0,0.0
Robert Stephenson,0.0892857142857,0.669642857143,0.230952380952,-0.291666666667
Joe Ross,0.0157894736842,0.15,0.116343490305,0.805263157895
Carlos Perez,0.0818181818182,0.45,0.242975206612,-0.227272727273
Ramon Torres,0.213235294118,0.723405717427,1.03348998001,3.01247771836
Ty Blach,0.186813186813,0.857472527473,0.498349387238,1.01587301587
Ryan Zimmerman,0.623935099961,0.990465159494,2.05498642476,4.3600039956
Francisco Pena,0.8,0.8,0.48,0.4
Matt Carpenter,0.634250139532,0.994316927607,1.53829927747,-1.60518648019
Junichi Tazawa,0.0,1.0,0.0,0.0
Trevor Plouffe,0.311275127513,0.943373690408,1.90714755476,2.31188118812
Nick Hundley,0.26397239724,0.986625940496,0.736637743774,1.40336633663
Ezequiel Carrera,0.32094388835,0.984918932577,1.27872383471,-0.254726952437
Cory Spangenberg,0.479147592016,0.965148491008,2.87635678884,-3.22274709302
Shane Robinson,0.427819548872,0.91825470882,0.62030075188,-0.714285714286
Nori Aoki,0.442372364648,0.963543164752,2.31382076342,-3.10210669385
Aaron Judge,0.795715183947,0.987860097333,3.27496089564,4.61429308566
Kyle Freeland,0.127257799672,0.641710515772,0.678981937603,0.460591133005
David Freitas,0.257142857143,0.771428571429,0.209523809524,0.857142857143
David Phelps,0.0,1.0,0.0,0.0
Hansel Robles,0.0,1.0,0.0,0.0
Chris Carter,0.346483342147,0.980179008512,0.726859758476,-0.0338445267054
Michael Martinez,0.0921855921856,0.878132381637,0.226307300381,-0.124338624339
Ildemaro Vargas,0.241258741259,0.584100110416,0.509906759907,-0.576923076923
Manuel Margot,0.428184331797,0.97539052158,2.14311845161,0.676571428571
Jett Bandy,0.217060294526,0.788001899516,1.72822388935,4.23005464481
Jorge Soler,0.252941176471,0.949430627358,0.501704681873,-0.728571428571
Jeff Locke,0.0,1.0,0.0,0.0
Jarred Cosart,0.0,1.0,0.0,0.0
Blake Swihart,0.228571428571,0.685714285714,0.222222222222,0.0952380952381
Lorenzo Cain,0.644699253002,0.986410988487,2.66228976181,-5.39189886481
Edinson Volquez,0.0,1.0,0.0,0.0
Hector Velazquez,0.0,1.0,0.0,0.0
Daniel Gossett,0.0,1.0,0.0,1.0
Odubel Herrera,0.484799410085,0.982230890838,2.07247891616,-2.22913360838
Luis Sardinas,0.145812807882,0.88393866021,0.366230677765,-0.662068965517
Mitch Haniger,0.531429734129,0.951089408372,2.72851188054,7.88208762887
Andrew Knapp,0.566594516595,0.97495944573,1.25475534566,-2.60714285714
Craig Stammen,0.333333333333,0.848484848485,0.270833333333,-0.416666666667
Zack Wheeler,0.025,0.1875,0.14,0.758333333333
Alex Cobb,0.0,1.0,0.0,0.0
Franklin Gutierrez,0.209803921569,0.782808113282,0.891444577831,1.94761904762
Nomar Mazara,0.416092575249,0.995195388623,0.977877341317,4.24152004353
Jose Altuve,0.761143161918,0.996796278937,1.52650605508,-3.87849889625
John Brebbia,0.0,1.0,0.0,0.0
Marwin Gonzalez,0.527672407946,0.98150510641,2.33913893834,-0.274663932559
Jackson Stephens,0.4,0.8,0.2,-0.1
Cole Hamels,0.0,1.0,0.0,0.0
Brandon Woodruff,0.371428571429,0.852100840336,0.228571428571,0.238095238095
Luis Severino,1.0,1.0,1.94289029309e-16,1.66533453694e-16
Brian McCann,0.468388386282,0.987278824414,1.15466303431,1.41426467494
Lonnie Chisenhall,0.469109055501,0.979372215273,1.20396940826,0.0844936708861
Barrett Astin,0.0,1.0,0.0,0.0
Justin Verlander,0.0,1.0,0.0,0.0
Hanley Ramirez,0.47499647801,0.988344823315,1.60326605897,1.0619731146
Max Scherzer,0.139265850945,0.881203733408,0.364444444444,-0.486021505376
Jon Jay,0.464805055652,0.97987291896,2.39750897328,-2.61823708207
Trevor Cahill,0.145454545455,0.727272727273,0.214545454545,-0.0545454545455
Ryan Goins,0.236395908557,0.986569006018,0.868709287311,0.700285629863
Rio Ruiz,0.420180995475,0.973103284838,0.791269630024,1.55429864253
Gift Ngoepe,0.319376026273,0.91048080915,0.699155524279,0.795566502463
Mookie Betts,0.68851789583,0.990470105557,2.39357290631,-1.45020639835
Ryan Flaherty,0.275691699605,0.896207515888,0.500171850833,0.054347826087
Enny Romero,0.0,1.0,0.0,0.0
Mikie Mahtook,0.512686377084,0.956338612463,2.93813435319,-6.50882658359
Eddie Butler,0.0,1.0,0.0,0.0
Kendrys Morales,0.478175222202,0.987182056876,2.03279121832,0.930469798658
Scooter Gennett,0.618348388202,0.980510333145,3.00400400492,-6.34112476276
Tyler Collins,0.373265306122,0.92259604512,1.29387755102,2.83755102041
Lane Adams,0.198038767536,0.887650200534,1.39160170326,-1.97178959741
Niko Goodrum,0.109090909091,0.6,0.247933884298,-0.272727272727
Trey Mancini,0.468386614179,0.991545699503,1.49436092908,-2.11739290311
Jeff Samardzija,0.096256684492,0.847058823529,0.322476097877,-0.631016042781
Jordan Montgomery,0.0,1.0,0.0,0.0
Brett Phillips,0.228070175439,0.970347815511,0.350159547884,0.21906116643
Sam Gaviglio,1.0,1.0,1.94289029309e-16,1.66533453694e-16
Jen-Ho Tseng,0.0,1.0,0.0,0.0
Brian Dozier,0.671803338144,0.971733549399,3.99693226743,-4.58586137158
Jake Odorizzi,0.0,1.0,0.0,0.0
Mike Clevinger,0.0,1.0,0.0,0.0
Jeimer Candelario,0.576540102856,0.935628819352,1.4291728336,-2.21862348178
German Marquez,0.221538461538,0.860811808118,0.548165680473,-0.923076923077
Brett Eibner,0.188725490196,0.617604166667,0.635524798155,0.78431372549
Deck McGuire,0.0,1.0,0.0,0.0
Chris Herrmann,0.300486182835,0.97823698689,1.12830407317,-0.643449127138
Ian Parmley,0.0,1.0,0.0,0.0
Bronson Arroyo,0.0,1.0,0.0,0.0
Bryce Harper,0.831813548327,0.981120180921,2.98761761203,6.55913261051
Didi Gregorius,0.552600973261,0.996798356207,0.953350720534,0.0471327572663
Colby Rasmus,0.448079658606,0.961290051734,0.767060089962,1.90753911807
Nick Markakis,0.487125223246,0.995781253194,1.20510055984,2.01061571125
Grant Green,0.0,1.0,0.0,0.0
Stephen Piscotty,0.404250466515,0.982509356781,1.237044453,0.198023360288
Brett Gardner,0.640041904663,0.989862177783,2.40891853773,4.97043352077
Justin Turner,0.610560152057,0.99020699623,1.93725749192,-2.47895050686
Jeurys Familia,0.0,1.0,0.0,0.0
Joey Gallo,0.588988023471,0.99464636036,1.53692281271,2.12346743295
Amir Garrett,0.0384615384615,0.230769230769,0.16452991453,0.705128205128
Jose Martinez,0.487517337032,0.993894126098,0.902438674097,-1.62637362637
Travis d'Arnaud,0.337065637066,0.982976967111,1.1738170603,1.7676962677
Cheslor Cuthbert,0.200621366391,0.919302354793,0.849108098447,-1.09701928697
Marcell Ozuna,0.580758763476,0.996282022773,1.38110643778,-0.216145211368
Kyle Schwarber,0.509710420394,0.995149492149,1.12246444139,-0.00131186642815
Randal Grichuk,0.476154992548,0.987475827381,1.51452747226,0.0835930090774
Christian Yelich,0.602607070349,0.996055316718,1.36426695053,5.21215880893
Mike Moustakas,0.554785844428,0.989028811015,1.84569970138,0.928711210512
Anthony Rendon,0.607784234545,0.993044040616,1.77831003823,-3.70512820513
Raimel Tapia,0.4388016076,0.921498054276,2.19024320503,0.515527950311
Shane Peterson,0.199555061179,0.823371158591,0.679599555061,2.2064516129
Josh Tomlin,0.0,1.0,0.0,0.0
Ross Stripling,0.181818181818,0.619834710744,0.327272727273,0.781818181818
Josh Hader,0.0,1.0,0.0,0.0
Yovani Gallardo,0.0,1.0,0.0,0.0
Chris Devenski,0.0,1.0,0.0,0.0
Tommy La Stella,0.28893619647,0.974704849775,0.780979140146,-0.730470196224
Tommy Pham,0.753327709036,0.996649528735,1.25223274256,-1.29429133858
Rey Fuentes,0.340476190476,0.962860289465,0.997256324405,-0.31875
Arismendy Alcantara,0.203779196921,0.920734316054,1.03390579502,0.72676056338
Kurt Suzuki,0.504477262072,0.988429040287,0.954598570089,-3.65185185185
Josh Harrison,0.517084210767,0.986803154649,1.80355544929,-3.26453488372
Ryan Schimpf,0.480648282535,0.976871068435,0.923460306159,-0.51572327044
Taijuan Walker,0.265384615385,0.960126806918,0.315015384615,-0.0246153846154
Brett Anderson,0.0,1.0,0.0,0.0
Austin Barnes,0.309504950495,0.947100987227,1.77703754534,5.0
Matt Reynolds,0.183015404262,0.978589710852,0.431193064925,0.333625987709
Brian Ellington,0.0,1.0,0.0,0.0
Gio Gonzalez,0.0687430478309,0.722503461896,0.293333333333,1.10322580645
Charlie Morton,0.0,1.0,0.0,0.0
Kyle Higashioka,0.233333333333,0.773684210526,0.276543209877,0.511111111111
Roberto Perez,0.33145218342,0.971995698454,0.926236771211,-1.05821917808
Addison Russell,0.45403577055,0.985982442069,1.30913290807,4.20683903253
Masahiro Tanaka,0.0,1.0,0.0,0.0
Jacob deGrom,0.234530175707,0.87617250323,0.687457870849,-0.193277310924
Erick Fedde,0.0,1.0,0.0,0.0
Jonathan Villar,0.409033080982,0.981748617453,1.68366513305,2.81087564974
Bryan Holaday,0.115384615385,0.75,0.207100591716,-0.230769230769
Justin Upton,0.663088184036,0.998187581608,1.01045429679,0.248518647612
Luke Jackson,0.0,1.0,0.0,0.0
Tomas Nido,0.0,1.0,0.0,0.0
Nick Tepesch,0.0,1.0,0.0,0.0
Luke Sims,0.0818181818182,0.45,0.242975206612,-0.227272727273
Jose Bautista,0.613380537687,0.994909977402,1.68898340837,0.642495508738
Carlos Asuaje,0.379283928005,0.980521770833,1.13670845594,-1.55566905005
Jakob Junis,0.0,1.0,0.0,0.0
Bruce Maxwell,0.228571428571,0.908224783347,1.31717451524,1.4022556391
Matt Olson,0.591521908219,0.953248394501,1.90083193465,-2.58015728978
Juan Centeno,0.0779220779221,0.642857142857,0.297520661157,2.90909090909
Raudy Read,0.0833333333333,0.333333333333,0.208333333333,0.583333333333
Hernan Perez,0.358594283485,0.972774763634,1.93067480318,1.86307189542
Alen Hanson,0.334136080812,0.979082489214,1.19874483172,-0.740257450185
Chris Archer,0.5,0.75,0.222222222222,0.166666666667
Fernando Salas,0.0,1.0,0.0,0.0
Tim Federowicz,0.181318681319,0.617346938776,0.445477599324,0.0659340659341
Daniel Robertson,0.321880784894,0.987961931873,0.626888940032,-0.816216216216
Seth Lugo,0.183823529412,0.87453358209,0.285467128028,1.41176470588
Brock Stewart,0.0,1.0,0.0,0.0
Gary Sanchez,0.684636228153,0.993266574144,1.52052612191,-0.698008399946
Ariel Miranda,0.0,1.0,0.0,1.0
Trevor Bauer,0.0,1.0,0.0,0.0
Michael Feliz,0.0,1.0,0.0,0.0
Leury Garcia,0.563025210084,0.990168641631,1.07843796342,-2.6
Ian Kinsler,0.644827972446,0.994489741305,1.58625278473,4.23928911457
Juan Graterol,0.119138080764,0.778394405886,0.772569444444,0.679421768707
Adam Conley,0.257352941176,0.885243532302,0.350183823529,-0.242647058824
Adam Wainwright,0.25347826087,0.935796260181,0.375,1.04333333333
Mike Zunino,0.429494885917,0.993257136717,1.02792705769,-1.39780645161
Greg Garcia,0.22306624673,0.964492647964,1.35500197023,-3.94968771686
Raisel Iglesias,0.0,1.0,0.0,0.0
Jorge Alfaro,0.423645320197,0.97722107711,0.448445727875,-0.310344827586
Mark Reynolds,0.581278860151,0.991290081781,1.85968687525,2.35728263908
Yolmer Sanchez,0.451061262791,0.987393642853,1.70077073155,-0.741932168551
Matt Moore,0.125123152709,0.914342403628,0.271649396976,0.0413793103448
Manny Machado,0.553087512446,0.986916735844,2.4815924499,-3.12069247101
Taylor Motter,0.282593283295,0.975760382319,0.939946586129,3.87026647966
Billy Hamilton,0.638379730998,0.989021165193,2.1903826204,2.34748201439
Starlin Castro,0.647003133242,0.973248560891,2.85424930276,2.25651105651
Yoan Moncada,0.656718124643,0.95203611068,2.03170112492,-4.05117845118
Homer Bailey,0.237745098039,0.920285602504,0.283160322953,-0.137254901961
Ivan Nova,0.0,1.0,0.0,0.0
Chance Sisco,0.369696969697,0.931880791385,0.241212121212,-0.363636363636
Francisco Cervelli,0.352958446251,0.981934635628,0.848917104397,2.44956338452
Patrick Corbin,0.163435828877,0.85131180458,0.571375519905,-0.00891265597148
Chris Marrero,0.164285714286,0.809693877551,0.289841269841,-0.483333333333
Chris Flexen,0.0,1.0,0.0,0.0
Yacksel Rios,0.0,1.0,0.0,0.0
Vance Worley,0.0,1.0,0.0,0.0
Max Fried,0.0,1.0,0.0,1.0
Tyler Mahle,0.3,0.6,0.25,-0.2
Yasiel Puig,0.474179156501,0.994471044654,1.24241660684,0.694841408156
Dillon Peters,0.228571428571,0.685714285714,0.222222222222,-0.238095238095
Tzu-Wei Lin,0.380869565217,0.81046576307,1.12404589372,0.203333333333
Robinson Chirinos,0.501875594379,0.9816572653,1.38001859584,3.83886618999
Luis Avilan,0.0,1.0,0.0,0.0
Mitch Garver,0.199604743083,0.592943501511,0.95652173913,1.80434782609
Tony Kemp,0.348039215686,0.766575425791,0.77970011534,0.0392156862745
Derek Fisher,0.364941138526,0.974652635634,0.731099366201,2.11530398323
Dallas Keuchel,0.0,1.0,0.0,0.0
Dixon Machado,0.256201406886,0.982534372822,0.586804481344,-1.03146982599
Miguel Sano,0.667871374293,0.996428049914,1.00469045305,3.54045037531
Ricky Nolasco,0.0,1.0,0.0,0.0
Corey Seager,0.607967249252,0.970537326648,3.91915690714,3.93670288144
Ben Gamel,0.517008940261,0.965072896375,3.35722397998,5.96218905473
Pedro Florimon,0.410989010989,0.895149110457,0.476923076923,0.257142857143
Justin Bour,0.513647146246,0.988124505264,1.5268677328,-2.83197417601
Dansby Swanson,0.428965281048,0.986231977407,1.65359697038,-1.51693137549
Kyle Hendricks,0.107391304348,0.67581279424,0.440362318841,0.39
Rob Scahill,0.0,1.0,0.0,0.0
Brad Hand,0.0,1.0,0.0,0.0
Amed Rosario,0.381027667984,0.941822235735,1.04560972039,-0.0492753623188
Jake Smolinski,0.0926470588235,0.741176470588,0.210661764706,-0.257352941176
Matt Davidson,0.371292841193,0.977632209348,1.50432362835,3.73851948428
Pete Kozma,0.158299595142,0.939630411178,0.371203155819,0.479487179487
Jason Hammel,0.0,1.0,0.0,0.0
Emilio Bonifacio,0.0316227158332,0.420436640776,0.315898894846,1.17813765182
Jose Berrios,0.0,1.0,0.0,0.0
Brian Johnson,0.0,1.0,0.0,0.0
Jhoulys Chacin,0.0,1.0,0.0,0.0
Trea Turner,0.795523879655,0.99358131046,1.39955719773,-0.308857563644
Travis Jankowski,0.276556776557,0.877676682425,0.651140354844,2.88624338624
Luis Perdomo,0.0744810744811,0.717370348949,0.298828743273,0.142857142857
Jeff Hoffman,0.0,1.0,0.0,1.0
John Jaso,0.233442819648,0.990430666596,0.688753810536,-0.653668291464
Matt Bowman,0.0,1.0,0.0,0.0
Jordy Mercer,0.366032908203,0.98912001986,1.41553059795,0.818044402456
Christian Arroyo,0.284186401833,0.914696053133,0.712847705927,1.13445378151
Andrew Albers,0.0,1.0,0.0,0.0
Wily Peralta,0.0,1.0,0.0,0.0
Jason Vargas,0.0,1.0,0.0,0.0
Jorge Polanco,0.45823413228,0.991352834571,1.24971868642,-0.716516308119
Andres Blanco,0.11625083777,0.905102480252,0.710892050717,-0.719246997728
Whit Merrifield,0.587983026363,0.991591150262,1.85586006134,-4.45308857809
Conor Gillaspie,0.19274136716,0.935035722165,0.554712025114,-0.80303030303
Austin Jackson,0.51582464311,0.956284048318,2.10236930113,-3.95434173669
Austin Romine,0.212974683544,0.944359830083,1.01088607595,1.975
Paul Goldschmidt,0.751081176888,0.990417236362,2.71004699775,3.68287841191
Jason Heyward,0.485918260217,0.994781724475,0.997552290091,-1.2190976128
Dustin Pedroia,0.481446708631,0.991279762382,1.081403007,-2.46758241758
Taylor Featherston,0.421568627451,0.911735700197,0.536332179931,0.333333333333
Jose Iglesias,0.456725178891,0.986541314866,1.65398662016,1.50602265951
Steven Matz,0.0926470588235,0.741176470588,0.210661764706,-0.132352941176
Derek Dietrich,0.417037618923,0.985899841467,1.60594122866,-4.27031509121
Carlos Gonzalez,0.5073846454,0.983073737477,2.08344103737,-1.01699346405
Miguel Andujar,0.0,1.0,0.0,0.0
Carlos Correa,0.790013519074,0.995743133871,1.34708807064,-2.99221183801
Jose Pirela,0.521076174617,0.986658503916,1.20805410816,2.42080517191
Michael Lorenzen,0.0,1.0,0.0,1.0
Carson Kelly,0.135523300229,0.877439177396,0.410254797106,0.263865546218
Jordan Lyles,0.145454545455,0.727272727273,0.214545454545,-0.254545454545
Jarrod Dyson,0.558029133029,0.989537179068,1.48383548519,-0.376287001287
CC Sabathia,0.0,1.0,0.0,0.0
Paolo Espino,0.0,1.0,0.0,0.0
Javier Baez,0.524061570613,0.982729433586,2.48718255723,-2.55373563218
Alcides Escobar,0.496220444232,0.986341535761,2.1794531241,-7.44040880503
Jesus Aguilar,0.338212811696,0.982600187875,1.35114963665,-2.97869674185
Jarrod Saltalamacchia,0.0,1.0,0.0,1.0
Michael Blazek,0.0,1.0,0.0,0.0
Maikel Franco,0.434164394235,0.989046150886,1.61196377526,-2.42414860681
Jose Lobaton,0.226334841629,0.927436243402,0.777606246118,1.75339366516
Ben Zobrist,0.442737626547,0.989364741295,1.39178764072,0.469734251968
Martin Prado,0.342816500711,0.954981173646,0.621736957441,1.26173541963
Tyler Pill,0.0,1.0,0.0,0.0
Sandy Leon,0.404103967168,0.984756198616,1.00978192645,0.380574555404
Joe Musgrove,0.0,1.0,0.0,0.0
Pablo Sandoval,0.326180148965,0.981062428194,0.765757016974,2.08308990587
David Peralta,0.6071745643,0.988091192032,2.12445477747,1.02279635258
Guillermo Heredia,0.361174538449,0.972422068536,1.85075797618,3.45221911236
Eric Hosmer,0.681953069023,0.994250111772,1.87524475528,-7.93718553459
Stephen Strasburg,0.245384615385,0.939031817511,0.372492307692,-0.104615384615
Erasmo Ramirez,0.0,1.0,0.0,0.0
Jeff Mathis,0.213253681578,0.904416204958,1.02867463184,-0.240983606557
Jacob May,0.103571428571,0.68262987013,0.265714285714,0.475
Yu Darvish,0.0,1.0,0.0,0.0
Pedro Baez,0.0,1.0,0.0,0.0
Austin Bibens-Dirkx,0.0,1.0,0.0,0.0
John Ryan Murphy,0.0,1.0,0.0,0.0
Mike Leake,0.0536752136752,0.37906958862,0.405548980934,1.05982905983
Blake Snell,0.0,1.0,0.0,0.0
Victor Martinez,0.409599834128,0.98743620472,1.13920006319,-2.69919137466
Jose Quintana,0.175,0.756617647059,0.355555555556,-0.558333333333
Trayce Thompson,0.247252747253,0.891724535359,0.570418607456,0.156084656085
Justin Ruggiano,0.135087719298,0.882291666667,0.230286241921,-0.110526315789
Shelby Miller,0.4,0.8,0.2,0.9
Travis Shaw,0.61000032831,0.988431306209,2.23231366618,-0.785547785548
Robinson Cano,0.542992925812,0.99100399517,1.89348811899,1.58362416107
Dexter Fowler,0.577411294353,0.99476639972,1.07763876682,1.67816091954
Darwin Barney,0.248901300128,0.959770474324,1.55840956041,-0.55523255814
Daniel Nava,0.219182083739,0.975679456531,0.629265526974,4.14810126582
Adrian Sanchez,0.22551566081,0.929474205164,0.494504111805,-0.426890756303
Brock Stassi,0.0909483793517,0.779581057622,0.558267466987,1.25176470588
Kike Hernandez,0.324786630323,0.941764801589,2.92798020755,4.21562178828
Ryder Jones,0.234483053018,0.884555869567,1.01975615523,1.38606676343
Drew Robinson,0.157511940947,0.907243769686,0.546743076663,1.75680272109
Max Kepler,0.471420598181,0.98993645525,1.67752684625,2.99067599068
Eddie Rosario,0.566068657033,0.990554013662,1.74285114749,-5.10847078557
Dillon Overton,0.0,1.0,0.0,0.0
Rob Refsnyder,0.119482626142,0.913844312648,0.44500029553,0.972423802612
Chris Sale,0.0,1.0,0.0,0.0
Harrison Bader,0.339259530792,0.880819695269,0.997239277859,1.46022727273
Scott Schebler,0.454831114346,0.994678231714,1.07757272471,1.37458795325
Elvis Andrus,0.681708519651,0.993652073991,2.01305550968,-3.96944287672
Johnny Giavotella,0.0,1.0,0.0,0.0
Teoscar Hernandez,0.659951159951,0.935411543585,1.15425315425,-1.46825396825
Tyler Anderson,0.0882352941176,0.705882352941,0.219669117647,-0.0367647058824
Rene Rivera,0.32487226953,0.98897250538,0.602995086905,-1.62810810811
Jedd Gyorko,0.407785272988,0.989909354345,1.20768323495,2.92184631524
Alex Gordon,0.355193465761,0.982890286582,1.66730707475,-1.82027946314
Domingo Santana,0.585707809236,0.993615354197,1.61259855697,-0.128565121413
Taylor Davis,0.178571428571,0.714285714286,0.214285714286,-0.25
Josh Rutledge,0.275248933144,0.940193099638,0.607358425282,0.99146514936
Brandon McCarthy,0.164285714286,0.809693877551,0.289841269841,0.183333333333
Adam Duvall,0.501686936783,0.994848507869,1.34819174748,3.74739982262
Rafael Devers,0.577255529238,0.98076419425,1.08653836975,2.78959672706
Lisalverto Bonilla,0.0,1.0,0.0,0.0
Jameson Taillon,0.0760869565217,0.740384615385,0.256143667297,0.380434782609
Jonathan Schoop,0.616207664362,0.993220526955,1.9526642154,-1.46350931677
Miguel Socolovich,0.0,1.0,0.0,0.0
Cody Reed,0.0,1.0,0.0,0.0
Adam Lind,0.331575620467,0.981836392578,1.23490690859,1.27247321844
DJ LeMahieu,0.690255049388,0.991122277654,2.49618278684,-6.16526610644
Nelson Cruz,0.593849035215,0.989505124548,2.18593258684,-4.77360703812
Justin Nicolino,0.0,1.0,0.0,0.0
Trevor Story,0.442471847401,0.991005357539,1.4795761217,3.32575757576
Ty Kelly,0.155316039459,0.958290815695,0.505984019317,-1.26625258799
Junior Guerra,0.0,1.0,0.0,0.0
Joey Wendle,0.428571428571,0.857142857143,0.285714285714,0.714285714286
Tyler White,0.431168831169,0.891491426723,0.787878787879,-0.168831168831
Alex Bregman,0.62119581189,0.983905135633,2.79182482417,-8.27528379773
Josh Phegley,0.241763499658,0.978475273893,0.491167854702,0.315789473684
Steve Selsky,0.0,1.0,0.0,0.0
Doug Fister,0.0,1.0,0.0,0.0
Steven Souza Jr.,0.561742060764,0.987560501849,2.2206891355,-0.483360911932
Ben Revere,0.356973403762,0.990650376543,0.894374942081,0.37481234362
Ian Kennedy,0.0,1.0,0.0,0.0
Jonathan Lucroy,0.351601294966,0.985280788346,1.26804101334,-0.707841594545
Chris Owings,0.450583841784,0.988393555659,1.13425324429,0.14517147065
Jorge Bonifacio,0.549236341272,0.991141551955,1.32245514207,-1.16118836915
Rob Segedin,0.216783216783,0.876558224384,0.238927738928,0.974358974359
Pedro Severino,0.0,1.0,0.0,0.0
Nick Delmonico,0.630662020906,0.9577804767,1.38465792821,1.52380952381
Johnny Barbato,0.0,1.0,0.0,0.0
Matt Adams,0.446252812148,0.965882885171,2.63703743479,-4.06668307087
Billy Burns,0.178571428571,0.625,0.244897959184,-0.25
Jaff Decker,0.151960784314,0.755503144654,0.340253748558,1.60784313725
Chris Young,0.295921307157,0.981190346162,0.789123668674,4.00927960928
Jesse Winker,0.476295097132,0.986027725679,0.615712401834,-0.869680851064
Tanner Roark,0.00689655172414,0.1,0.0813317479191,-0.0620689655172
Mark Zagunis,0.0,1.0,0.0,0.0
Tuffy Gosewisch,0.0454545454545,0.25,0.173553719008,0.681818181818
Ian Desmond,0.458938855898,0.983735613003,1.23033468174,4.70601692976
Kevin Gausman,0.0,1.0,0.0,0.0
Nick Franklin,0.106993006993,0.945083117171,0.395008068854,0.945454545455
Ian Happ,0.493458533891,0.994042687057,0.987532686746,1.90764617691
John Gant,0.0,1.0,0.0,0.0
Francisco Mejia,0.0454545454545,0.25,0.173553719008,0.681818181818
Anthony Rizzo,0.661788180999,0.994789594699,1.74129720385,-3.12191736077
Gorkys Hernandez,0.358141823842,0.976409243659,1.58183360384,-4.91388081395
Raffy Lopez,0.455217391304,0.95849695062,0.562971014493,-0.36
Boog Powell,0.489502262443,0.951557379537,1.31854020643,-2.66892911011
Ehire Adrianza,0.432626963829,0.925912046644,2.18609535812,-2.11511387164
Gerardo Parra,0.563003193825,0.98744708086,1.66268400267,-1.63437354448
Scott Feldman,0.0,1.0,0.0,0.0
Andrew Cashner,0.0,1.0,0.0,0.0
Ariel Hernandez,0.0,1.0,0.0,0.0
Sal Romano,0.0,1.0,0.0,0.0
Anthony Alford,0.0,1.0,0.0,0.0
Cameron Maybin,0.605562579014,0.945607974259,3.95113164696,2.53097345133
Chad Huffman,0.345454545455,0.9025,0.284297520661,-0.0909090909091
Deven Marrero,0.470858484239,0.975222825049,1.21643192488,2.67488262911
Braden Shipley,0.0,1.0,0.0,0.0
Chris Gimenez,0.397599654449,0.988483806878,0.760594334248,-2.0670122177
Andrelton Simmons,0.53737151237,0.986395447636,2.42923047983,-4.8039168856
A.J. Jimenez,0.0,1.0,0.0,0.0
Eric Thames,0.546166483096,0.96568721436,3.09324947991,12.5614090765
Kyle Lloyd,0.0,1.0,0.0,0.0
Matt Boyd,0.0,1.0,0.0,0.0
Ryan Lavarnway,0.0,1.0,0.0,0.0
David Freese,0.356148520395,0.979390983496,1.66128786725,1.4591896653
Bradley Zimmer,0.441050389228,0.987538864484,1.0813382107,-0.727119713865
Jack Reinheimer,0.0,1.0,0.0,0.0
Brent Suter,0.127272727273,0.7,0.218181818182,-3.33066907388e-16
Steven Brault,0.29696969697,0.817500851209,0.329696969697,-0.436363636364
Brian Goodwin,0.58328509872,0.971037462536,1.76771073762,-4.76217656012
Erik Gonzalez,0.302045587376,0.952067774908,0.96891697788,1.03728813559
Steve Lombardozzi,0.0,1.0,0.0,0.0
Jake Marisnick,0.499146031186,0.99169151175,1.12947729998,-2.96931758067
Rhys Hoskins,0.853397742076,0.963061354099,2.0207632255,1.25765306122
Alec Asher,0.0,1.0,0.0,0.0
Paul Janish,0.0,1.0,0.0,0.0
Danny Duffy,0.0,1.0,0.0,0.0
Ryan Braun,0.532038834951,0.980935891841,1.84599658183,4.88846153846
Zach Lee,0.0,1.0,0.0,0.0
Josh Donaldson,0.55886951893,0.968008411493,2.86871517426,-2.8630647415
Pat Valaika,0.256047138625,0.978666980276,0.973492080462,2.62555215766
Eric Sogard,0.369887656685,0.949538159782,1.95674893801,5.77894736842
Paul Blackburn,0.0,1.0,0.0,0.0
Kevin Plawecki,0.33861003861,0.937826434791,0.703031603032,-1.45345345345
Adrian Gonzalez,0.15871898055,0.923446143927,0.786640027961,2.3603286385
T.J. Rivera,0.36968615345,0.959970681238,1.27819342914,1.27891933029
Andrew Susac,0.0,1.0,0.0,0.0
Brett Nicholas,0.393506493506,0.909180035651,0.645887445887,0.636363636364
Sean Manaea,0.0,1.0,0.0,0.0
Caleb Joseph,0.406247871978,0.955252914326,1.79443825963,-3.58277153558
Joe Biagini,0.0,1.0,0.0,0.0
Tom Koehler,0.0,1.0,0.0,0.0
Asher Wojciechowski,0.0,1.0,0.0,0.0
Aaron Nola,0.0253846153846,0.317307692308,0.205476923077,1.81538461538
Kevin Pillar,0.456394998191,0.961677831983,3.43400495577,4.60809778457
Matt Garza,0.0675324675325,0.709090909091,0.218429189858,-0.0562770562771
Adam Engel,0.345408734602,0.954531812258,1.8126186126,4.19736842105
Corey Dickerson,0.581072936575,0.952665183905,5.04909865229,4.47673289183
Neil Ramirez,0.0,1.0,0.0,0.0
Dan Vogelbach,0.0,1.0,0.0,0.0
Danny Santana,0.263188798555,0.977523186259,0.739774945075,-1.10779885577
Marcus Stroman,0.5,0.75,0.222222222222,1.16666666667
Jaycob Brugman,0.261794634598,0.982958485471,0.381522231189,8.881784197e-16
Zack Granite,0.33808630394,0.971506170786,0.539990619137,0.257317073171
Clayton Richard,0.0641129032258,0.521472772277,0.467872008325,-0.542338709677
Sean Gilmartin,0.0,1.0,0.0,1.0
Orlando Arcia,0.377382636568,0.992236947771,1.24298403434,1.67208462332
Russell Martin,0.579949036471,0.994636528747,0.896177560296,-0.15265169613
Brett Cecil,0.0,1.0,0.0,0.0
Wade LeBlanc,0.0,1.0,0.0,0.0
Stuart Turner,0.148648648649,0.881518404908,0.461650840029,-0.972972972973
Matt Holliday,0.529653384879,0.986018362028,1.49384689598,-1.72106049291
Welington Castillo,0.475725718937,0.988141697988,1.19037659387,0.309278350515
Tyler Chatwood,0.244102564103,0.893438485804,0.513846153846,-0.74358974359
Starling Marte,0.607524054892,0.988872957449,1.1658614796,1.40759240759
Jake Lamb,0.570803555233,0.996205914089,1.25114081786,5.14979865772
Abraham Almonte,0.387301460611,0.982249423688,0.810109798998,0.965320456541
Eduardo Escobar,0.474741148702,0.981529700675,1.94382254258,-1.22077419355
Mallex Smith,0.431329113924,0.906231252772,2.73327531646,4.625
Sam Travis,0.333556149733,0.886486300459,0.849160049695,3.8752228164
Mike Marjama,0.2,0.5,0.24,-0.2
Paul DeJong,0.531586117542,0.995183954082,0.901246741039,-2.64356099218
Kole Calhoun,0.48790242016,0.991388767225,1.6387038144,-0.949131513648
Jake Buchanan,0.0,1.0,0.0,1.0
Keon Broxton,0.500501895467,0.975581845204,2.82082170953,2.6653205949
Michael Conforto,0.697704992998,0.987348684902,1.94537683625,0.709819911655
Jeremy Hazelbaker,0.221254355401,0.910009027308,0.689895470383,0.648083623693
Matt Cain,0.0142857142857,0.142857142857,0.111428571429,0.814285714286
Yulieski Gurriel,0.540833217273,0.994037525334,1.40895554223,-2.59055364404
Geovany Soto,0.241758241758,0.813445378151,0.355029585799,1.93406593407
Yadiel Rivera,0.0,1.0,0.0,0.0
Tyler Flowers,0.50978967032,0.971004812739,2.12308536444,-3.58194186766
Jon Gray,0.198245614035,0.773878787879,0.50378578024,0.268421052632
Kendall Graveman,0.0,1.0,0.0,0.0
Adam Frazier,0.451246443571,0.972351202423,2.34906533528,1.81777536919
Cody Asche,0.233333333333,0.918431983385,0.30378578024,1.00526315789
Alex Mejia,0.244827586207,0.956287262873,0.353626634958,0.0551724137931
A.J. Schugel,0.0,1.0,0.0,0.0
Devon Travis,0.492346938776,0.972522181934,1.0127030404,-1.97959183673
Raul Mondesi,0.188461538462,0.752494734731,0.703138461538,0.578461538462
Nick Castellanos,0.47160189589,0.995582071959,1.11812313302,2.96790950985
Evan Longoria,0.475804840321,0.981002834388,2.51905073075,2.95012406948
Scott Alexander,0.0,1.0,0.0,0.0
Hunter Renfroe,0.460037472614,0.988757313676,1.38855131298,-3.69292283087
Khris Davis,0.588385650531,0.99609191226,1.27017577132,2.37951496388
Andrew Romine,0.377990787156,0.975556900201,1.78262805663,4.30402384501
Andre Ethier,0.185714285714,0.926411960133,0.26485260771,-0.190476190476
Jacob Barnes,0.0,1.0,0.0,0.0
Kennys Vargas,0.476756756757,0.983013701108,1.1081033033,0.653333333333
Erik Kratz,0.0,1.0,0.0,0.0
Denard Span,0.598826028623,0.994326672881,1.40915272982,-3.92176505665
Zach Vincej,0.266666666667,0.685714285714,0.395061728395,0.377777777778
Tim Anderson,0.456806014801,0.980040420304,2.21410861173,1.30307038262
Austin Slater,0.427196333079,0.964906676673,0.59586572597,1.12773109244
Adonis Garcia,0.453393665158,0.965082851969,1.04326738237,-1.58974358974
Joe Panik,0.414074896858,0.986966633853,1.6004419869,1.25166613773
Angel Sanchez,0.0,1.0,0.0,0.0
Pedro Strop,0.0,1.0,0.0,0.0
Jay Bruce,0.586636926292,0.995372216757,1.28166294912,2.18045977011
Ervin Santana,1.5,0.964285714286,0.222222222222,0.166666666667
Ji-Man Choi,0.142857142857,0.428571428571,0.238095238095,1.47619047619
Steve Pearce,0.452842809365,0.980875234329,1.3504880213,-3.12517916866
Luis Torrens,0.153896103896,0.929347016794,0.562615955473,-1.17857142857
Jean Segura,0.612434303698,0.991021785974,1.57944818659,4.24658064516
Tony Sanchez,0.0,1.0,0.0,0.0
Chad Pinder,0.437893296854,0.989177738913,0.881586867305,-0.673871409029
Luke Maile,0.236879432624,0.967705882835,0.461671292014,-1.00370027752
Miguel Rojas,0.394773578481,0.983731298979,1.08522492951,1.7872659176
Rafael Bautista,0.093137254902,0.699612403101,0.256632064591,0.0196078431373
Randall Delgado,0.0,1.0,0.0,0.0
Jed Lowrie,0.548460053878,0.986326027762,2.34126733013,2.68304897717
Xander Bogaerts,0.600336125744,0.986875247899,2.58857292531,0.537456920007
Elias Diaz,0.257211538462,0.961504469017,0.815730168269,1.25721153846
Kyle Seager,0.486145175774,0.993731781612,1.40303585966,-4.43069348952
Marco Estrada,0.0,1.0,0.0,0.0
Chris Bostick,0.254135338346,0.737953130248,0.7,-1.11428571429
Aaron Hicks,0.627651818911,0.983693633754,1.61897351973,2.73510971787
Odrisamer Despaigne,0.0,1.0,0.0,0.0
Luke Weaver,0.234265734266,0.880138553036,0.25,-0.371794871795
J.D. Davis,0.391304347826,0.945859872611,0.521739130435,-0.217391304348
Joey Votto,0.650069648202,0.993151096028,2.18090270396,3.94099825797
Kyle Farmer,0.0684210526316,0.684210526316,0.225263157895,0.0
Eric Fryer,0.156913674561,0.770187192622,0.717997573361,0.146218487395
Nolan Arenado,0.64021115519,0.994926228869,1.79140638013,2.42209701127
Casey Lawrence,0.0,1.0,0.0,0.0
Cristhian Adames,0.0944055944056,0.566433566434,0.25,-0.269230769231
Eduardo Rodriguez,0.0,1.0,0.0,0.0
Willy Garcia,0.336152219873,0.980646445944,0.496732654238,0.454545454545
Cameron Rupp,0.422614274258,0.977000027343,1.36069094563,0.0344827586207
Asdrubal Cabrera,0.494038705369,0.986145878107,1.87921107102,4.18591934381
Andrew McCutchen,0.649651499107,0.98880399277,2.59071847636,-3.90568348849
Mike Freeman,0.0717086834734,0.54728262685,0.541784713886,2.09523809524
Dylan Floro,0.0,1.0,0.0,0.0
Drew Storen,0.0,1.0,0.0,0.0
Jose Abreu,0.631295333383,0.992231981049,2.1127560595,-1.82656053624
Patrick Kivlehan,0.212207054368,0.987151222722,0.644193784115,-1.9131934033
JC Ramirez,0.0,1.0,0.0,0.0
Byron Buxton,0.543114003915,0.955043534984,4.07867653094,-8.19170812604
Alexi Amarista,0.194581512119,0.887847892936,1.45748531436,3.49451287794
Max Moroff,0.320505809979,0.954667834381,0.93981544771,-1.63533834586
Matt Harvey,0.166150670795,0.789351875349,0.363910866491,-0.46783625731
Matt Wieters,0.344817444923,0.989783929131,0.948786722948,1.60575769692
Yadier Molina,0.472832880111,0.989846500193,1.50407275978,-2.23239587806
Yonder Alonso,0.522522368252,0.983887820883,2.30087985283,1.52981720108
Sean Newcomb,0.0298245614035,0.283333333333,0.190951061865,-0.163157894737
Charlie Culberson,0.0,1.0,0.0,0.0
Chris Stratton,0.15,0.675,0.22962962963,-0.266666666667
Ender Inciarte,0.635420619861,0.99347133691,1.70425075389,2.08512777545
Jose Urena,0.0881773399015,0.883645890789,0.227518260574,0.696551724138
Luis Castillo,0.0,1.0,0.0,0.0
Gordon Beckham,0.136363636364,0.75,0.206611570248,0.772727272727
Howie Kendrick,0.465851854461,0.990948371174,0.919286201453,0.144535240041
Ichiro Suzuki,0.154875721578,0.968070230547,0.918480048381,-0.255581794762
Wilmer Difo,0.449430971413,0.963146323544,2.49037678829,-4.6435442352
Chris Stewart,0.179909502262,0.935898646249,0.57259870464,-0.22322775264
Gerrit Cole,0.124450146628,0.890076624728,0.329923478739,-0.710227272727
Tom Murphy,0.0699300699301,0.41958041958,0.236596736597,0.448717948718
Yandy Diaz,0.573311748381,0.969566321781,1.11874348023,1.34574468085
Allen Cordoba,0.181272127213,0.933017847633,1.16636459646,2.23702970297
Andrew Benintendi,0.543389483977,0.99435540161,1.39900364164,0.844150110375
Hoby Milner,0.0,1.0,0.0,0.0
Dusty Coleman,0.159340659341,0.781945422266,0.482205037761,1.66931216931
Matt Szczur,0.244756572773,0.985865053116,0.795928722184,-1.1402934055
Lucas Duda,0.426789651294,0.993910886046,0.938535111682,-0.475940507437
Trevor Williams,0.0592307692308,0.740384615385,0.210830769231,-0.270769230769
Jean Machi,0.0,1.0,0.0,0.0
Salvador Perez,0.456423960813,0.986869138789,1.69993807295,-0.404796511628
Chris Smith,0.0,1.0,0.0,0.0
A.J. Ellis,0.29520361991,0.967392834089,0.651335285245,1.44343891403
Carlos Martinez,0.2,0.938133007932,0.377939646202,-0.483870967742
Terrance Gore,0.22027972028,0.841068022886,0.27331002331,0.0384615384615
Ronald Torreyes,0.34292263899,0.988949977027,0.892547842359,-1.03174043379
Carlos Santana,0.653179756938,0.992909747435,1.90586009639,-2.05342281879
Chris Davis,0.522466123421,0.993915584896,1.25681738442,0.995276162791
Yasmani Grandal,0.405903398927,0.99333449286,1.03444227187,-0.621228384019
Charlie Blackmon,0.975695026157,0.993868291396,2.83562994591,-7.50097991181
Tyler Moore,0.169782102535,0.829477954067,2.0058611552,0.719753547423
Mark Trumbo,0.585638128657,0.990731973466,1.8997779996,1.3357562203
J.A. Happ,0.0,1.0,0.0,0.0
Josh Bell,0.513718055887,0.992184070503,1.64783028632,-2.35102201258
Daniel Murphy,0.690148914303,0.995093859202,1.59153984324,0.934650455927
Edubray Ramos,0.0,1.0,0.0,0.0
Ketel Marte,0.436073059361,0.988267138763,0.772377556765,-0.835616438356
Gabriel Ynoa,0.0,1.0,0.0,0.0
Chad Bettis,0.190476190476,0.761904761905,0.202380952381,-0.166666666667
Yunel Escobar,0.438083077971,0.987774407267,0.970338914967,3.66816479401
Victor Caratini,0.227016129032,0.815585117332,0.836082206035,0.691532258065
Adeiny Hechavarria,0.351278140122,0.969936354451,1.47785175288,-0.830422890806
Brandon Drury,0.295893083602,0.979286370248,1.44758733565,3.46405228758
Miguel Gonzalez,0.3,0.6,0.25,-0.2
Miguel Gomez,0.168266516093,0.856487018248,0.361531748884,-0.584980237154
Adam Morgan,0.0,1.0,0.0,0.0
George Kontos,0.0,1.0,0.0,0.0
Marco Hernandez,0.354545454545,0.897795534854,0.613234384663,0.359307359307
Ozzie Albies,0.672269868496,0.984189595662,1.08110407593,-1.12996632997
Adam Rosales,0.228976848394,0.961066199764,1.10179812719,0.630769230769
Kaleb Cowart,0.273229291717,0.872158395716,1.23896086435,5.42588235294
Mike Aviles,0.156472261735,0.96345250418,0.269808926992,-0.357041251778
Cam Gallagher,0.0699300699301,0.41958041958,0.236596736597,1.44871794872
Tyler Glasnow,0.0573529411765,0.458823529412,0.244852941176,0.382352941176
Ryan Hanigan,0.287098930481,0.934588123835,0.539472262734,0.467023172906
Dwight Smith,0.206293706294,0.879855084674,0.220862470862,-0.217948717949
Danny Espinosa,0.363030049834,0.977833331652,1.20460044736,-0.161747883779
Dinelson Lamet,0.0,1.0,0.0,0.0
A.J. Griffin,0.0,1.0,0.0,0.0
Vince Velasquez,0.0725274725275,0.507692307692,0.250549450549,0.314285714286
Jefry Marte,0.183399209486,0.941186832887,0.478547796809,1.67632850242
Chase Utley,0.353967754031,0.993038871691,0.850730119053,-0.757905261842
Wil Myers,0.499365150978,0.99768362367,0.828455956115,2.99404466501
George Springer,0.853767244759,0.990325739349,2.51250068302,-1.18755950492
Johan Camargo,0.435079699953,0.986056425506,1.02394368261,-1.44814814815
Adrian Beltre,0.553364880974,0.993088597014,1.00096441398,-1.09316909295
Chad Kuhl,0.0605911330049,0.58099078341,0.34323084763,-0.468965517241
Tim Locastro,0.0,1.0,0.0,0.0
Zach Eflin,0.145454545455,0.727272727273,0.214545454545,-0.0545454545455
Brock Holt,0.312163978495,0.97576906433,0.756701127285,1.16418650794
Victor Robles,0.197802197802,0.642857142857,0.476754015216,0.197802197802
Kris Bryant,0.739913773946,0.996404304624,1.61662143601,-1.31690949227
Marco Gonzales,0.0,1.0,0.0,0.0
Kevin Shackelford,0.0,1.0,0.0,0.0
Gavin Cecchini,0.133467741935,0.929112957938,0.278147762747,0.578629032258
Miguel Diaz,0.0,1.0,0.0,0.0
Andrew Toles,0.494758064516,0.895806954494,1.21839229969,0.0302419354839
Daniel Mengden,0.0,1.0,0.0,1.0
Tomas Telis,0.288211029092,0.968607952203,0.594613909394,-0.772959183673
Brandon Nimmo,0.45949274606,0.93573713405,1.87622114054,-5.4486657621
Noah Syndergaard,0.0,1.0,0.0,0.0
Hector Sanchez,0.243894853758,0.919137259015,1.32364629717,-1.18594594595
Tom Wilhelmsen,0.0,1.0,0.0,0.0
Jesus Sucre,0.313691420513,0.967511479456,0.862848597244,-0.099846390169
Michael Brantley,0.512223357167,0.974476721629,1.85465104268,-0.133333333333
Carlos Rodon,0.0,1.0,0.0,0.0
Joc Pederson,0.508512815873,0.968721973833,2.26704356531,-0.572054064344
Phillip Ervin,0.220853858785,0.805165181204,0.692587379779,1.41133004926
Jon Lester,0.203886152162,0.896892689603,0.462154976933,-0.645320197044
Hyun Soo Kim,0.205057255355,0.973873947349,0.756693753982,0.369092945129
Mark Canha,0.277272727273,0.955975865014,0.830426716141,-0.714285714286
Luiz Gohara,0.0,1.0,0.0,0.0
Matt Kemp,0.401723334886,0.968412711851,1.83974757946,5.14066138798
Yasmany Tomas,0.429000925069,0.963732173465,0.896963016907,1.5585106383
Rickie Weeks Jr.,0.440967283073,0.937167822279,0.993964092115,-0.396870554765
Tyler Saladino,0.312536514119,0.979894678511,0.816567857715,0.823734177215
Brad Miller,0.341049974077,0.972802886717,1.50032316037,4.06732186732
Aaron Hill,0.208097784568,0.945505514893,0.40802588415,0.625210084034
Jayson Aquino,0.0,1.0,0.0,0.0
Craig Gentry,0.236474052264,0.980164426741,0.606398386303,-0.141858141858
Zach Davies,0.265762463343,0.926892536013,0.550288673021,-1.05681818182
Joe Mauer,0.500863404708,0.995479260391,1.09094756699,0.561726436052
Michael Pineda,0.0,1.0,0.0,0.0
Anthony Santander,0.0,1.0,0.0,1.0
Curt Casali,0.183333333333,0.504166666667,0.377777777778,-0.4
Jered Weaver,0.0,1.0,0.0,0.0
Todd Frazier,0.516509211148,0.996084811688,1.10138126497,0.245819555975
Lance McCullers,0.0,1.0,0.0,0.0
Chris Heisey,0.150071123755,0.776926567081,0.704970973819,1.51493598862
Carlos Ruiz,0.286163522013,0.966295059601,0.690162572683,-0.0062893081761
Magneuris Sierra,0.316770186335,0.656630439999,1.16898516503,5.08300395257
Mac Williamson,0.287356321839,0.931247339293,0.500821018062,1.12068965517
Kyle Barraclough,0.0,1.0,0.0,0.0
Vidal Nuno,0.0,1.0,0.0,0.0
Carl Edwards Jr.,1.0,1.0,1.94289029309e-16,1.66533453694e-16
Chase Headley,0.487734215084,0.981619946052,2.44694433133,2.5589985829
Martin Perez,0.0,1.0,0.0,0.0
Ryan Raburn,0.352307692308,0.906499567848,0.668184615385,-0.227692307692
Mike Foltynewicz,0.042735042735,0.576923076923,0.249657064472,-0.296296296296
Manny Pina,0.408707067145,0.973353365722,1.74885175767,3.1235721703
