Player,SO.Slope,SO.R^2,SO.MAE,SO.Intersect
Rougned Odor,1.01543018173,0.996967756766,2.11294295916,-3.01702323441
Giovanny Urshela,0.346016483516,0.969988524876,0.915084134615,1.03798076923
Tim Adleman,0.669762641899,0.9633301136,0.535145052173,0.0292397660819
Kevan Smith,0.547497523468,0.988578968479,1.24084835068,2.56856455493
Chase Anderson,1.18782608696,0.993917571077,0.494927536232,0.59
Dominic Smith,1.13580018501,0.987872671138,1.32231830431,-3.01202590194
A.J. Reed,1.0,1.0,1.94289029309e-16,1.66533453694e-16
Dylan Covey,0.0,1.0,0.0,1.0
Matt Joyce,0.804370906289,0.997861958549,1.20185965651,-0.00809109979023
Brandon Finnegan,0.0,1.0,0.0,1.0
Tony Watson,0.0,1.0,0.0,1.0
Michael Morse,0.510434782609,0.893514564785,0.983079710145,3.29666666667
J.T. Realmuto,0.754960530056,0.992436633953,2.08081410859,-5.01975683891
Rafael Montero,0.801470588235,0.973102691369,0.513786764706,-0.823529411765
Emilio Pagan,0.0,1.0,0.0,1.0
Michael Wacha,0.751505199781,0.981880978126,0.673215263117,2.28325123153
Jae-Gyun Hwang,0.743034055728,0.958371950859,0.641554867561,0.906432748538
Christian Vazquez,0.636747062461,0.989527746579,1.54525714785,0.930707070707
Zack Greinke,0.574860956618,0.985214479949,0.505791620319,0.731182795699
Robbie Ray,0.894700854701,0.989648463042,0.556817882972,0.854700854701
Dustin McGowan,0.892857142857,0.9765625,0.224489795918,0.464285714286
Carlos Moncrief,0.545177045177,0.954594316359,0.785510785511,-0.753968253968
Garrett Cooper,0.664835164835,0.954184045881,0.433643279797,3.78021978022
Jharel Cotton,0.0,1.0,0.0,1.0
Ian Krol,0.0,1.0,0.0,0.0
Joe Blanton,0.0,1.0,0.0,0.0
A.J. Pollock,0.627173950183,0.989469717475,1.78958108596,3.51327433628
Tyler Naquin,0.559649122807,0.816963712267,1.32871652816,1.12105263158
Albert Pujols,0.629784146563,0.991084792894,2.13370471503,4.39597315436
Jordan Luplow,0.896214896215,0.970503623473,1.01349130979,0.645502645503
Jabari Blash,1.11844956932,0.98963746696,1.71011114198,-0.610928961749
Robbie Grossman,0.698989978695,0.992990893131,1.61457312534,0.105397301349
Cesar Puello,0.848039215686,0.946162114315,0.840253748558,-0.372549019608
Kirk Nieuwenhuis,1.06029411765,0.959337485582,0.842647058824,0.860294117647
J.P. Crawford,0.96442687747,0.988740160096,0.558858910466,1.39130434783
Sean Rodriguez,1.0081189251,0.991955283684,1.08867995115,2.76632996633
Jack Flaherty,0.7,0.890909090909,0.25,0.2
Dan Straily,1.14749721913,0.993530213119,0.641977505871,0.0279569892473
Aaron Blair,0.0,1.0,0.0,0.0
Nick Ahmed,0.747137558458,0.991530273269,0.878866159749,-1.6142557652
Brandon Moss,1.06241110214,0.99495889314,2.17527211195,7.60963748895
Aaron Wilkerson,1.0,1.0,1.94289029309e-16,1.66533453694e-16
Jhan Marinez,0.628571428571,0.942857142857,0.228571428571,0.761904761905
Orlando Calixte,0.430541871921,0.898149323927,0.892067266859,6.00689655172
Ubaldo Jimenez,0.5,0.75,0.222222222222,2.16666666667
Jacob Turner,0.371428571429,0.689795918367,0.352380952381,-0.428571428571
Jared Hoying,0.66162464986,0.963713260341,1.10524209684,2.55238095238
Josh Reddick,0.564997678095,0.992982905686,1.48179390604,-0.317953975849
Sam Freeman,1.0,1.0,1.94289029309e-16,1.66533453694e-16
Matt Chapman,1.12010410982,0.992753135826,1.8473878723,6.14802065404
Brian Anderson,1.09538461538,0.98963791259,0.656,0.415384615385
Dee Gordon,0.574674861541,0.996308304788,1.29613479187,2.23905506732
Marcus Semien,1.03488372093,0.995879549431,1.30692524342,1.6878248974
Phillip Evans,0.473684210526,0.96812749004,0.387811634349,-0.947368421053
Adam Eaton,0.839920948617,0.968073018834,0.8403505757,1.15217391304
Danny Ortiz,0.116666666667,0.525,0.249382716049,-0.244444444444
Dustin Garneau,0.879268292683,0.941692200197,2.20577037478,4.60975609756
Nick Williams,1.26050135501,0.995151590329,1.71090906725,-3.74104185486
Eugenio Suarez,0.953000584786,0.996039866855,2.19995654292,-2.63318634656
Mat Latos,0.0,1.0,0.0,0.0
Stephen Cardullo,0.578571428571,0.928618607284,0.606984126984,-1.31666666667
Mike Trout,0.804394402705,0.992862149716,1.85211358726,3.24469870328
Miguel Montero,0.561380724539,0.98119941266,1.3787513041,1.8034859877
Leonys Martin,0.680041628122,0.974029776683,1.23215304978,5.5079787234
Rocky Gale,1.0,1.0,2.59052039079e-16,3.33066907388e-16
Jacob Hannemann,0.409090909091,0.912162162162,0.330578512397,-0.318181818182
Alejandro De Aza,0.567155067155,0.890234702719,1.24111005592,2.55291005291
Tyler Austin,0.693233082707,0.890692450189,1.16932330827,4.01428571429
Jimmy Nelson,1.26007326007,0.965401339566,1.59055759056,0.285714285714
Tim Beckham,1.16527360336,0.993105161787,3.35972822076,6.47638471447
Derek Holland,0.0,1.0,0.0,0.0
Peter Bourjos,0.572232529375,0.996096676909,0.818214301331,-1.32222222222
Henderson Alvarez,0.5,0.75,0.222222222222,1.16666666667
Melky Cabrera,0.526155564865,0.99254586642,1.51370899733,0.716631755341
Robert Gsellman,0.644347826087,0.969465460163,0.690724637681,0.34
Jeremy Hellickson,0.416541353383,0.95991643001,0.409172932331,0.342857142857
Tyler Skaggs,0.0,1.0,0.0,1.0
Efren Navarro,0.774703557312,0.97431884058,0.650377290693,4.32015810277
James McCann,0.845862407739,0.986941350601,2.49605392927,1.69599717863
Rookie Davis,1.0,1.0,0.0,0.0
Felix Pena,0.3,0.6,0.25,-0.2
Lance Lynn,0.791546162403,0.979340195832,0.851706834755,1.25591397849
Jerad Eickhoff,0.689473684211,0.964462345448,0.581717451524,1.84736842105
Jurickson Profar,0.485036702428,0.892176718171,0.937939530825,3.40711462451
Paulo Orlando,0.415587044534,0.828102331759,1.72925360739,5.79615384615
Christian Villanueva,0.737762237762,0.875358006567,0.789432789433,-0.141025641026
Chad Wallach,0.657142857143,0.795488721805,0.495238095238,0.857142857143
Breyvic Valera,0.0,1.0,0.0,0.0
Miguel Cabrera,0.866422947132,0.998007030179,1.14674100777,2.6594488189
Rob Zastryzny,0.0,1.0,0.0,0.0
A.J. Cole,0.6,0.943689320388,0.320987654321,0.488888888889
Antonio Bastardo,0.0,1.0,0.0,0.0
Nik Turley,0.0,1.0,0.0,0.0
John Hicks,0.849374826341,0.991301755845,1.09513568584,-1.33989071038
Logan Forsythe,0.958154839511,0.991016991447,2.45986532858,6.09200968523
Rajai Davis,0.702394956368,0.991601635912,1.74355753158,2.83642793988
Renato Nunez,1.04761904762,0.931216931217,0.532738095238,0.0833333333333
Ryan Tepera,0.0,1.0,0.0,1.0
Edwin Encarnacion,0.826270221007,0.989770008385,2.86994608958,13.2884305237
J.D. Martinez,1.11130093363,0.997237041688,1.61702560243,-2.61784731276
Mason Williams,0.5,0.892857142857,0.24,-0.2
Andrew Stevenson,0.648128342246,0.935231456554,1.42101289714,0.247058823529
J.J. Hardy,0.616870294952,0.989552792874,1.03222719811,4.58718992966
Chase d'Arnaud,0.647899159664,0.962503697115,1.06847539016,-2.18571428571
Josh Smoker,2.0,1.0,3.88578058619e-16,3.33066907388e-16
Edwin Jackson,0.919117647059,0.968920142377,0.606617647059,-0.0808823529412
J.T. Riddle,0.739777797218,0.992467453765,1.06484222103,-0.293762575453
Michael Taylor,1.20294326521,0.99790205553,1.4947474089,-1.69820089955
Quintin Berry,0.214285714286,0.642857142857,0.285714285714,0.357142857143
Julio Urias,1.3,0.965714285714,0.25,-0.2
Matt Shoemaker,0.0,1.0,0.0,1.0
Delino DeShields,0.905903717419,0.996526280545,1.49260035021,0.971848739496
Chris Iannetta,1.09090909091,0.987454501303,2.61066669727,-0.932584269663
Kenley Jansen,0.0,1.0,0.0,0.0
Christian Colon,0.313913043478,0.915122008309,0.51193236715,0.806666666667
Christian Walker,0.372727272727,0.866494845361,0.380165289256,0.318181818182
Gregory Polanco,0.524393380777,0.990074635131,1.41862486587,2.53754672103
Jake Arrieta,1.14285714286,0.996312695286,0.472226940717,0.48275862069
Jhonny Peralta,0.432467532468,0.919223542415,0.607544836116,5.00865800866
Juan Lagares,0.627196773264,0.961382115815,2.81840391818,-4.98803418803
Anthony Recker,0.142857142857,0.428571428571,0.238095238095,0.47619047619
Wilmer Flores,0.516183702659,0.987604996178,1.53302669591,-2.07736240914
Austin Hays,0.917293233083,0.983044399474,0.532030075188,-1.51428571429
Javy Guerra,0.0,1.0,0.0,1.0
Gregor Blanco,0.708252047578,0.980856264368,2.01946157047,-2.05054945055
Drew Stubbs,0.987878787879,0.97119567204,0.477575757576,0.654545454545
Aaron Altherr,1.0319772275,0.996867880601,1.4268595935,-2.08446482102
Brad Peacock,1.0,0.75,0.444444444444,0.666666666667
Avisail Garcia,0.858314941583,0.995105818853,1.88484316903,1.89220563847
Carlos Carrasco,1.0,1.0,1.94289029309e-16,1.66533453694e-16
Mike Fiers,1.0,1.0,1.94289029309e-16,1.66533453694e-16
Hyun-Jin Ryu,0.87012987013,0.956911620504,0.97052154195,-1.17748917749
Scott Van Slyke,0.541871921182,0.971107544141,0.625445897741,0.137931034483
Tyler Smith,1.01212121212,0.959274928628,0.478787878788,-0.854545454545
Adam Jones,0.788423033041,0.994698097672,2.11470000407,2.18661518662
Luis Valbuena,0.904958863463,0.996940449905,1.40628768512,1.15341156019
Steven Okert,0.0,1.0,0.0,1.0
Albert Almora Jr.,0.427790530081,0.985900599062,1.56265348776,0.911172796669
Kelby Tomlinson,0.472883626938,0.964441427217,2.37576052775,-3.05881254668
Jim Adduci,0.879802955665,0.973436603557,0.980193647019,0.372413793103
Zack Cozart,0.609435564617,0.979694543974,2.51418885095,4.93242702919
Will Middlebrooks,0.657142857143,0.952113444232,0.760997732426,2.2380952381
Alex Meyer,0.0,1.0,0.0,1.0
Nick Wittgren,0.0,1.0,0.0,1.0
Freddie Freeman,0.832194568761,0.997133129303,1.15314401649,0.919603356217
Jeremy Jeffress,1.0,1.0,1.11022302463e-16,1.0
C.J. Cron,0.933117311731,0.98495381243,2.87522076208,-3.32930693069
Cesar Hernandez,0.794285714286,0.995693486708,1.58359771429,5.89828571429
Michael Fulmer,1.0,1.0,1.11022302463e-16,1.0
Cody Bellinger,1.07223210699,0.988010717334,3.84047620102,5.86728184097
Travis Wood,0.734265734266,0.896487233697,0.700466200466,-0.0384615384615
Corey Kluber,0.0,1.0,0.0,0.0
Hector Rondon,0.0,1.0,0.0,0.0
Carlos Gomez,1.26053558092,0.990597896092,2.80601810438,1.04395604396
Freddy Galvis,0.721157750179,0.9925940722,2.29672885626,-0.663286163522
Tucker Barnhart,0.563975071129,0.991374079212,1.611006146,0.516867633112
Blake Wood,0.0,1.0,0.0,1.0
John Bormann,0.0,1.0,0.0,1.0
Tommy Joseph,0.923292733594,0.997684511564,1.49004720149,2.42401215805
Chase Bradford,0.0,1.0,0.0,1.0
Tyler Wade,0.592880978865,0.877630702838,1.65546903967,4.56989247312
Tony Wolters,0.72869254797,0.988724986708,1.50311683644,-1.69497502204
Jose Reyes,0.491547409737,0.982888844799,2.19648045379,3.12055550084
Josh Lindblom,0.0,1.0,0.0,1.0
Kristopher Negron,0.476923076923,0.886714998588,0.547252747253,1.11428571429
Rich Hill,0.808300395257,0.957642546371,0.964255026637,-0.630434782609
Logan Morrison,1.021113361,0.996595907746,2.17263502633,-4.26129149284
Mike Tauchman,0.329838709677,0.975058288645,0.390374609781,-0.850806451613
Michael Saunders,0.824361695286,0.99171241274,1.21532050412,0.707382039574
Curtis Granderson,0.822820124743,0.992305751875,2.53005929739,1.50992451775
Devin Mesoraco,0.77019822283,0.985212205636,1.31818425935,-1.82330827068
Tommy Milone,0.857142857143,0.947368421053,0.326530612245,-0.142857142857
Travis Taijeron,0.925384615385,0.965145731297,0.987138461538,3.57538461538
Willson Contreras,0.836174220582,0.996493599375,1.33807950136,6.05791335102
Luke Voit,0.530230918385,0.99196572336,0.670817625083,0.311827956989
Jaime Garcia,0.508823529412,0.946521189121,0.445220588235,-0.0661764705882
Micah Johnson,0.107843137255,0.611111111111,0.347174163783,2.01960784314
Aledmys Diaz,0.603407984421,0.983589069129,1.49002255556,-1.9253164557
Erick Aybar,0.571347401007,0.993121528779,1.22175144424,-1.30944963655
Stephen Drew,0.46278137527,0.965061658699,0.989489066752,-0.543015726179
Kevin Quackenbush,0.0,1.0,0.0,1.0
Jayson Werth,0.866485871752,0.983595304764,1.83988552433,4.4490945674
Carlos Beltran,0.791838103757,0.991556044355,2.28993322794,5.82623732856
Kevin Kiermaier,0.990557797627,0.994847134958,1.54034147752,3.18243661101
Jacob Stallings,0.5,0.892857142857,0.24,0.2
Seth Smith,0.737565812566,0.979794258955,3.07728917053,1.8573037323
Willie Calhoun,0.521978021978,0.890390686661,0.570583262891,1.02197802198
Brandon Phillips,0.478869135559,0.990892548607,1.55912745943,1.23106060606
Chris O'Grady,1.3,0.965714285714,0.25,0.8
Giancarlo Stanton,1.0178076211,0.998903010367,1.28114088903,1.95653212324
Derek Norris,0.901225608773,0.996544701244,0.713503299833,1.53039832285
Johnny Cueto,0.478461538462,0.928153308767,0.749415384615,1.13846153846
Drew Pomeranz,0.0,1.0,0.0,1.0
Collin McHugh,0.0,1.0,0.0,2.0
Chris Taylor,1.09800706019,0.997314985107,1.9158449227,-2.77687564234
Jose Peraza,0.5184756558,0.982904530989,2.32861703122,1.49592074592
Antonio Senzatela,1.02030075188,0.958098484742,1.01,2.65714285714
Franchy Cordero,1.55773081201,0.98747294359,1.360756396,-0.387096774194
Brian Duensing,0.7,0.890909090909,0.25,1.2
David Washington,1.0,1.0,1.48029736617e-16,3.0
Jorge de la Rosa,0.0,1.0,0.0,0.0
Christian Bergman,0.0,1.0,0.0,0.0
James Hoyt,0.0,1.0,0.0,1.0
Joey Rickard,0.570945945946,0.993992975388,1.15161107053,2.50788288288
Austin Hedges,1.02884922564,0.99669098752,1.65756881265,-1.34986225895
Jimmy Yacabonis,0.0,1.0,0.0,1.0
Ryan McMahon,0.198529411765,0.746926229508,0.405709342561,0.117647058824
Jordan Zimmermann,0.0,1.0,0.0,1.0
T.J. McFarland,0.7,0.890909090909,0.25,1.2
Kyle Kendrick,0.0,1.0,0.0,1.0
Jose Osuna,0.37029232903,0.990150926569,0.90348094773,0.228021978022
Mike Montgomery,0.512280701754,0.971337434495,0.385226223453,1.38947368421
Buster Posey,0.470173405349,0.98285462597,2.03487790402,-1.6556231003
Martin Maldonado,0.846000698648,0.997249751456,1.45998916237,1.51996663539
Yangervis Solarte,0.481480830521,0.993810396456,1.14021900068,-1.4592765748
Yoenis Cespedes,0.727664859982,0.977124464128,2.28691361742,-0.11894007829
Cam Perkins,0.49688031764,0.969164984295,0.828243189883,3.86157253599
Paul Sewald,1.0,1.0,1.94289029309e-16,1.66533453694e-16
Jose Torres,0.0,1.0,0.0,0.0
Justin Grimm,0.0,1.0,0.0,1.0
Clint Frazier,1.21523142576,0.990738421171,1.08292396381,0.0971659919028
Tyler Lyons,1.0,1.0,1.94289029309e-16,1.66533453694e-16
Cliff Pennington,0.668568200044,0.991176839223,1.31612212047,-0.978317659352
Jesen Therrien,1.0,1.0,1.11022302463e-16,1.0
Anibal Sanchez,0.0,1.0,0.0,1.0
Chris Coghlan,0.607843137255,0.947882848935,1.19382152861,2.98095238095
Christian Bethancourt,0.285714285714,0.615384615385,0.367346938776,0.571428571429
Nolan Fontana,0.762237762238,0.874567537725,0.793706293706,0.307692307692
Mark Leiter,0.814285714286,0.982659542293,0.382222222222,1.03333333333
John Lackey,0.777975528365,0.980483562153,0.762877271042,0.286021505376
Josh Ravin,0.0,1.0,0.0,0.0
Richard Urena,1.51168831169,0.970115754553,1.41941867656,-0.878787878788
Ryan Rua,0.835685483871,0.979986807113,1.83838610115,1.53819444444
Tony Sipp,0.0,1.0,0.0,0.0
Jackie Bradley Jr.,0.97160493183,0.991345160789,2.82440057518,-3.01891091365
Hunter Pence,0.765703267667,0.997327393645,1.2144442272,2.41847155201
Rymer Liriano,0.442857142857,0.914446366782,0.640816326531,4.14285714286
Wilson Ramos,0.579120879121,0.981866069587,1.21691277473,2.25769230769
Nick Pivetta,0.870434782609,0.974796066446,0.85193236715,1.90666666667
Anthony Banda,0.3,0.6,0.25,1.8
O'Koyea Dickson,0.228571428571,0.685714285714,0.222222222222,1.09523809524
Clay Buchholz,0.0,1.0,0.0,2.0
Max Stassi,0.323076923077,0.881820036727,0.388697017268,-0.171428571429
David Price,0.0,1.0,0.0,0.0
Jason Castro,1.02781146451,0.99557296247,1.78668866152,0.52972972973
Chris Rusin,0.3,0.867857142857,0.271604938272,0.244444444444
Franklin Barreto,1.22769230769,0.975096008379,1.16233846154,3.94769230769
Rick Porcello,1.0,1.0,2.22044604925e-16,2.0
Jarrett Parker,0.973973589436,0.982057418584,1.5551270108,3.99764705882
Adam Wilk,0.0,1.0,0.0,0.0
Evan Gattis,0.617282575681,0.991986696092,1.11213497447,-0.986274509804
Stephen Vogt,0.55758812616,0.989843679636,1.30960889039,1.8903030303
Julio Teheran,0.48487394958,0.986768163765,0.464537815126,0.185714285714
Matt Wisler,0.0,1.0,0.0,0.0
Lewis Brinson,0.745112781955,0.935758163626,0.803233082707,4.27142857143
Jose Ramirez,0.458998730274,0.986230015983,1.94172076495,4.22201342282
Jake Thompson,0.77380952381,0.971934667587,0.261904761905,-0.0833333333333
Darrell Ceciliani,0.0,1.0,0.0,0.0
Drew Butera,0.496785206259,0.960719689696,1.80159140193,-1.08771929825
Kolten Wong,0.617094490768,0.992797734333,1.33391097944,-2.85029095398
Ruben Tejada,0.372473867596,0.94831002863,0.817421602787,0.940766550523
Ramon Flores,0.5,0.75,0.222222222222,-0.166666666667
Pedro Alvarez,0.672527472527,0.952747252747,0.479120879121,0.628571428571
Clayton Kershaw,0.73814229249,0.947975984996,0.970785358309,-1.6847826087
Neil Walker,0.660672181773,0.988875158933,1.72823020002,1.14791154791
Greg Allen,0.197692307692,0.581581079177,0.854338461538,3.78769230769
Austin Brice,0.3,0.6,0.25,0.8
Alex Presley,0.706447379932,0.98781288071,1.26973468138,-1.72957746479
Ricardo Pinto,0.0,1.0,0.0,1.0
Francisco Lindor,0.599364637828,0.993945663278,1.66416042132,2.06206108117
Matt Grace,1.0,1.0,0.0,1.0
Dietrich Enns,0.0,1.0,0.0,1.0
Archie Bradley,0.3,0.6,0.25,1.3
Alex Verdugo,0.276923076923,0.83645943098,0.408791208791,0.914285714286
Jesse Chavez,1.5,0.964285714286,0.222222222222,1.83333333333
Shin-Soo Choo,0.912327818847,0.997271837175,1.74163199874,-1.65744603664
Rob Brantly,1.04395604396,0.986446606186,0.419273034658,1.12087912088
Bartolo Colon,0.797202797203,0.893912644732,0.859945609946,1.78205128205
Matt den Dekker,1.1,0.896296296296,0.35,0.6
Phil Gosselin,0.311350844278,0.971626582819,0.510398686679,0.103658536585
Chasen Shreve,1.0,1.0,1.94289029309e-16,1.66533453694e-16
Eduardo Nunez,0.476819019461,0.97689629962,1.98102279317,-3.82623951182
Eric Young,0.746068455134,0.940858774396,2.09471135867,0.521276595745
Brandon Belt,0.987698709058,0.994308978712,1.80798416483,3.47967032967
Mike Napoli,1.32263223743,0.997767172251,1.87193883702,-0.0870705481248
Cory Gearrin,1.0,1.0,1.11022302463e-16,1.0
Edwin Diaz,0.0,1.0,0.0,1.0
Justin Smoak,0.834984091938,0.991445498178,3.04899460282,-3.74659356607
Gregory Bird,0.865518038853,0.976846213622,1.3571456689,5.94414893617
Andrew Miller,0.0,1.0,0.0,1.0
Jacoby Ellsbury,0.563829413829,0.986645171108,1.72742957067,2.65604890605
Ryon Healy,0.98749896108,0.994121933163,2.53909435386,3.68808604523
Nick Martinez,0.0,1.0,0.0,1.0
Alberto Rosario,0.5,0.75,0.222222222222,-0.166666666667
Ben Lively,0.653846153846,0.895132743363,0.710059171598,2.15384615385
Ryan LaMarre,1.0,0.75,0.444444444444,1.33333333333
Kenta Maeda,0.118290598291,0.648867208672,0.565259697567,-0.786324786325
R.A. Dickey,0.419799777531,0.909764390399,1.02343344457,1.47956989247
Troy Tulowitzki,0.578185993111,0.954723844947,2.11048065458,-1.91225689733
Wade Miley,1.0,1.0,1.94289029309e-16,1.66533453694e-16
Brandon Guyer,0.671720862258,0.992840885728,0.973863269315,-0.244306418219
Alex Wood,1.11521367521,0.99102579864,0.668507560815,1.90598290598
JaCoby Jones,1.22283209453,0.992236232378,1.35954843097,-0.756902356902
Albert Suarez,0.0,1.0,0.0,0.0
Jace Peterson,0.540593850164,0.979673667473,1.69921886257,2.84780388151
Omar Narvaez,0.515973165411,0.98579951946,1.37626849222,-1.30525030525
Colin Moran,0.214285714286,0.75,0.204081632653,-0.0714285714286
Brandon Crawford,0.843305755278,0.997050389429,1.57267823283,-2.81876456876
Mike Ohlman,0.321428571429,0.778846153846,0.295918367347,1.46428571429
Daniel Descalso,0.754793865818,0.98975274363,2.57044214303,-5.29958896066
Zack Godley,1.13692307692,0.938881362692,1.7744,-1.28307692308
Yan Gomes,0.971107194692,0.984237039776,3.23224351569,-4.28805031447
Danny Valencia,0.981766786382,0.99572324232,1.86056478255,-1.20857310628
Jason Kipnis,0.768474164348,0.989992785969,1.57894587273,3.37819203269
Mitch Moreland,0.843075920737,0.990506638312,2.96735440246,5.20959550154
Madison Bumgarner,0.860714285714,0.967500666311,0.586666666667,-0.825
Juan Nicasio,0.0,1.0,0.0,0.0
Alex Avila,1.10154354734,0.997642476136,1.47723263097,-2.96602402023
Wei-Yin Chen,0.7,0.890909090909,0.25,1.2
Robert Stephenson,1.025,0.975381299735,0.6,0.425
Joe Ross,0.780701754386,0.95277617398,0.736842105263,0.394736842105
Carlos Perez,0.527272727273,0.885263157895,0.512396694215,1.0
Ramon Torres,0.420454545455,0.896678824617,1.13820018365,0.333333333333
Ty Blach,0.769230769231,0.931687224766,1.36984277725,1.62962962963
Ryan Zimmerman,0.862528361659,0.992158910649,2.56560502798,-1.40535411048
Francisco Pena,0.6,0.75,0.4,-2.22044604925e-16
Matt Carpenter,0.815776946059,0.988569405344,3.20709221177,4.72319347319
Junichi Tazawa,0.0,1.0,0.0,0.0
Trevor Plouffe,0.850579057906,0.984830903147,2.29937545755,7.42633663366
Nick Hundley,0.809108910891,0.989607694317,1.80474455446,0.669108910891
Ezequiel Carrera,0.583443717653,0.990378177318,1.808143348,1.99095713447
Cory Spangenberg,1.00058082311,0.998543203641,1.12732163831,1.17405523256
Shane Robinson,0.227819548872,0.811155385526,0.523383458647,0.985714285714
Nori Aoki,0.421284784742,0.99315283608,0.893938447674,0.0538566089025
Aaron Judge,1.44860373567,0.997745395272,2.50726910758,-6.57352941176
Kyle Freeland,1.19923371648,0.987047735837,0.899972632731,-1.18965517241
David Freitas,0.6,0.71320754717,0.555555555556,1.66666666667
David Phelps,0.0,1.0,0.0,1.0
Hansel Robles,0.0,1.0,0.0,0.0
Chris Carter,1.28751983078,0.989863132617,1.94781666392,-1.90428344791
Michael Martinez,0.721001221001,0.946113824447,1.12775290553,-2.70634920635
Ildemaro Vargas,0.234265734266,0.880138553036,0.25,0.794871794872
Manuel Margot,0.849075268817,0.995672243361,1.57871690323,0.829333333333
Jett Bandy,0.919477632676,0.992179064946,1.17861813467,-0.924590163934
Jorge Soler,1.15798319328,0.981975503067,1.28355342137,-0.657142857143
Jeff Locke,1.10714285714,0.984631147541,0.224489795918,2.53571428571
Jarred Cosart,0.228571428571,0.685714285714,0.222222222222,0.761904761905
Blake Swihart,0.428571428571,0.665024630542,0.428571428571,0.761904761905
Lorenzo Cain,0.680477244924,0.990952912594,2.35992503852,3.60423116615
Edinson Volquez,0.8,0.964824120603,0.551111111111,-0.733333333333
Hector Velazquez,0.0,1.0,0.0,0.0
Daniel Gossett,2.0,0.923076923077,0.444444444444,-0.333333333333
Odubel Herrera,0.925401833218,0.994258719259,2.44206947872,3.52523008569
Luis Sardinas,0.374876847291,0.954888866904,0.552879225412,-0.455172413793
Mitch Haniger,0.934725990233,0.994633427878,1.43280119597,4.66301546392
Andrew Knapp,1.07835497835,0.993121224828,1.13878000787,-0.751948051948
Craig Stammen,0.178571428571,0.714285714286,0.214285714286,1.0
Zack Wheeler,0.885714285714,0.978864272982,0.48,-0.4
Alex Cobb,2.0,1.0,2.22044604925e-16,2.0
Franklin Gutierrez,0.392717086835,0.975727972202,0.512332933173,2.46666666667
Nomar Mazara,0.848959972162,0.997592583539,1.44299876769,-1.18909849447
Jose Altuve,0.494336637184,0.985237069985,2.30172673748,7.6919205298
John Brebbia,0.0,1.0,0.0,0.0
Marwin Gonzalez,0.794733189671,0.994226047835,1.88748067253,-2.28229665072
Jackson Stephens,0.7,0.890909090909,0.25,0.2
Cole Hamels,0.0,1.0,0.0,1.0
Brandon Woodruff,0.228571428571,0.685714285714,0.222222222222,0.761904761905
Luis Severino,0.0,1.0,0.0,1.0
Brian McCann,0.614861666316,0.984509512459,1.7315070677,-0.667999158426
Lonnie Chisenhall,0.71299902629,0.988773218944,1.28710882132,-3.64240506329
Barrett Astin,0.0,1.0,0.0,1.0
Justin Verlander,1.0,1.0,2.22044604925e-16,3.0
Hanley Ramirez,0.896174335909,0.994443101308,2.14050285114,-4.28275233538
Max Scherzer,0.447163515017,0.922412423218,0.97170189099,2.11612903226
Jon Jay,0.618121186941,0.991711776699,1.94261054552,-3.19513677812
Trevor Cahill,0.351515151515,0.878787878788,0.305454545455,0.618181818182
Ryan Goins,0.676347626003,0.995239215238,1.63151826205,-3.32335270363
Rio Ruiz,0.816923076923,0.99015510906,0.940741135066,1.83182503771
Gift Ngoepe,1.02599890531,0.967926279214,1.31261240128,0.613300492611
Mookie Betts,0.546750592883,0.982835522444,2.61358990864,-6.89809081527
Ryan Flaherty,0.459486166008,0.955327477732,0.57140402131,0.380434782609
Enny Romero,0.0,1.0,0.0,1.0
Mikie Mahtook,0.750151844668,0.991475228206,1.88686606339,-2.04776739356
Eddie Butler,0.545454545455,0.909090909091,0.446280991736,1.27272727273
Kendrys Morales,0.920863413749,0.994059149229,2.47839247563,-1.64053691275
Scooter Gennett,0.836653966351,0.994848407088,2.02589738926,-7.23244431126
Tyler Collins,1.15,0.974772831926,2.38284048313,-1.55918367347
Lane Adams,0.353152447187,0.909564318575,1.97136115352,-1.20511313547
Niko Goodrum,0.790909090909,0.876041666667,0.80826446281,1.40909090909
Trey Mancini,0.898140522407,0.996198567795,1.84222724947,4.83029968744
Jeff Samardzija,0.660093582888,0.98021415504,0.732053151839,2.4385026738
Jordan Montgomery,1.0,1.0,1.11022302463e-16,1.0
Brett Phillips,0.827406353722,0.991526991129,0.664436840824,3.24182076814
Sam Gaviglio,1.0,1.0,1.11022302463e-16,1.0
Jen-Ho Tseng,0.0,1.0,0.0,0.0
Brian Dozier,1.00480169854,0.996317032736,2.17164261076,-2.20766685052
Jake Odorizzi,0.0,1.0,0.0,0.0
Mike Clevinger,1.0,1.0,1.94289029309e-16,1.66533453694e-16
Jeimer Candelario,0.673487252435,0.976298969122,0.96088481407,3.51417004049
German Marquez,0.731965811966,0.98643317893,0.484102564103,0.42735042735
Brett Eibner,0.936274509804,0.981939061154,0.5184544406,0.980392156863
Deck McGuire,1.0,1.0,1.94289029309e-16,1.66533453694e-16
Chris Herrmann,0.690304053203,0.99445830359,1.22622354904,-5.17492505731
Ian Parmley,0.0,1.0,0.0,1.0
Bronson Arroyo,0.814285714286,0.911275243082,0.980952380952,0.166666666667
Bryce Harper,0.918533963488,0.995314822248,1.69557743924,-1.16964136781
Didi Gregorius,0.518133869273,0.982987816391,2.1084846557,4.05128492874
Colby Rasmus,1.27548601233,0.973073560171,1.9029128702,1.04125177809
Nick Markakis,0.660348342843,0.990466394393,2.53947686975,9.91915727585
Grant Green,2.0,1.0,3.88578058619e-16,3.33066907388e-16
Stephen Piscotty,0.830748496786,0.992266259361,1.85634114313,-0.941778975741
Brett Gardner,0.818616109604,0.995734642891,1.89657475101,5.83847270089
Justin Turner,0.419348166369,0.983051441326,1.73857828556,1.34001192606
Jeurys Familia,0.0,1.0,0.0,1.0
Joey Gallo,1.33806566996,0.99772399836,2.27642072434,4.08524904215
Amir Garrett,0.314685314685,0.653577192039,0.666666666667,3.4358974359
Jose Martinez,0.5826629681,0.982764596751,1.91577751972,0.396703296703
Travis d'Arnaud,0.576105651106,0.987602659909,1.72385764143,0.278153153153
Cheslor Cuthbert,0.710141806884,0.984958812292,1.22942612178,0.31268264173
Marcell Ozuna,0.918854081255,0.995966873144,2.3073310557,2.3826128493
Kyle Schwarber,1.14009950805,0.997530412338,1.73021094794,5.70029815146
Randal Grichuk,1.1281059477,0.995191984429,2.14918144756,3.826039832
Christian Yelich,0.867944958268,0.994331628343,2.43585833521,-1.81885856079
Mike Moustakas,0.624117686753,0.994479093779,1.63133130644,5.45009784736
Anthony Rendon,0.547026330477,0.99365780956,1.52050727597,5.34294871795
Raimel Tapia,0.574716843259,0.982823555998,1.25924043215,-0.438923395445
Shane Peterson,0.581757508343,0.915671051111,1.35335558027,2.46451612903
Josh Tomlin,0.5,0.75,0.222222222222,1.83333333333
Ross Stripling,0.490909090909,0.951283166594,0.276363636364,-0.109090909091
Josh Hader,0.4,0.8,0.2,0.9
Yovani Gallardo,0.0,1.0,0.0,0.0
Chris Devenski,0.0,1.0,0.0,1.0
Tommy La Stella,0.239695174627,0.980270574954,0.59125488784,-1.21806738245
Tommy Pham,0.92540776153,0.993577251945,2.43510690593,4.64419291339
Rey Fuentes,0.532532051282,0.990010508318,0.836258012821,2.89711538462
Arismendy Alcantara,0.523751202869,0.985252520421,1.07128335229,1.74486921529
Kurt Suzuki,0.497890295359,0.99409568278,0.722362869198,0.333333333333
Josh Harrison,0.702097830068,0.994718399588,1.51609553288,-2.0519622093
Ryan Schimpf,1.30704725044,0.99476407007,1.19036795648,-0.266247379455
Taijuan Walker,0.737692307692,0.968786868806,0.762830769231,0.667692307692
Brett Anderson,0.3,0.6,0.25,1.8
Austin Barnes,0.384123471171,0.981787773526,1.25371215048,4.12055911474
Matt Reynolds,0.573669087716,0.974405214746,1.56536298474,-0.587796312555
Brian Ellington,0.0,1.0,0.0,0.0
Gio Gonzalez,0.956395995551,0.985053199589,0.795832406377,1.09892473118
Charlie Morton,0.0,1.0,0.0,0.0
Kyle Higashioka,0.666666666667,0.902255639098,0.493827160494,0.111111111111
Roberto Perez,1.05275258859,0.996661590587,1.0176196278,-2.13660578387
Addison Russell,0.855991103698,0.998269142188,0.89533836811,-1.23269391159
Masahiro Tanaka,0.0,1.0,0.0,2.0
Jacob deGrom,0.671352177235,0.972627326126,0.933501100975,1.39327731092
Erick Fedde,1.0,1.0,1.48029736617e-16,1.0
Jonathan Villar,1.09151050324,0.991713907792,2.67404036895,9.86525389844
Bryan Holaday,0.0824175824176,0.535714285714,0.251056635672,-0.263736263736
Justin Upton,1.14731962356,0.994357880372,3.15405963266,1.10334611363
Luke Jackson,0.0,1.0,0.0,0.0
Tomas Nido,0.5,0.78125,0.32,-0.4
Nick Tepesch,0.0,1.0,0.0,2.0
Luke Sims,0.618181818182,0.882442748092,0.578512396694,2.09090909091
Jose Bautista,1.0347979327,0.993649096879,3.27540796225,4.37367303609
Carlos Asuaje,0.892747701736,0.997457962694,0.984208143746,-0.584525025536
Jakob Junis,0.0,1.0,0.0,3.0
Bruce Maxwell,0.777060833903,0.98681170511,1.59901859913,-0.13978127136
Matt Olson,1.00129634431,0.982160337658,1.74404856667,3.981246219
Juan Centeno,0.53133822699,0.94418574894,0.713515733279,1.10276679842
Raudy Read,0.511904761905,0.926817042607,0.282738095238,-0.166666666667
Hernan Perez,0.591322797776,0.992671474285,1.68580989991,0.211002178649
Alen Hanson,0.455424843187,0.90407535088,3.9657604467,-5.56074766355
Chris Archer,0.5,0.75,0.222222222222,1.83333333333
Fernando Salas,1.0,1.0,1.94289029309e-16,1.66533453694e-16
Tim Federowicz,0.291208791209,0.872360248447,0.340659340659,1.0989010989
Daniel Robertson,0.981236579045,0.987962577833,1.93866375817,-0.112432432432
Seth Lugo,0.639705882353,0.956970667566,0.56401384083,0.0588235294118
Brock Stewart,0.4,0.8,0.24,0.2
Gary Sanchez,1.02197534209,0.997729499691,1.45481686842,0.152553854491
Ariel Miranda,0.8,0.8,0.4,0.8
Trevor Bauer,1.0,1.0,1.94289029309e-16,1.66533453694e-16
Michael Feliz,0.0,1.0,0.0,1.0
Leury Garcia,0.853253859683,0.974139578794,2.82984377335,-8.80136798906
Ian Kinsler,0.573860772491,0.984007596039,2.34661687751,0.583306886703
Juan Graterol,0.281263569257,0.958046329465,0.681613203792,-0.276360544218
Adam Conley,0.861764705882,0.979620014834,0.475735294118,0.911764705882
Adam Wainwright,0.77,0.976899289595,0.720277777778,-1.39666666667
Mike Zunino,1.32067348544,0.997733737642,1.9436573691,2.43987096774
Greg Garcia,0.496877168633,0.996282980909,0.960179264824,-1.26648160999
Raisel Iglesias,0.0,1.0,0.0,0.0
Jorge Alfaro,1.20492610837,0.989490710267,0.848513674197,1.78620689655
Mark Reynolds,1.27987429266,0.995737586432,2.91328942627,-8.61280402572
Yolmer Sanchez,0.806876982886,0.997343703468,1.45990861808,-1.90472764645
Matt Moore,0.620197044335,0.985207722142,0.523492440972,0.972413793103
Manny Machado,0.691711842708,0.971767275411,4.77178672613,8.4500244978
Taylor Motter,0.693972226932,0.977968209398,2.36400068618,4.05469845722
Billy Hamilton,0.999347602663,0.997617605969,1.57330809556,-1.80390544707
Starlin Castro,0.87211865744,0.997194200757,1.20034025078,-2.93955773956
Yoan Moncada,1.48023632552,0.995399281927,1.26035430005,-0.596632996633
Homer Bailey,0.678921568627,0.959496298519,0.517012687428,-1.43137254902
Ivan Nova,1.13743842365,0.962079861124,1.53123832173,3.00689655172
Chance Sisco,0.721212121212,0.856529365511,0.660606060606,-0.945454545455
Francisco Cervelli,0.774593495935,0.989436325755,1.52284582585,-1.77386329419
Patrick Corbin,0.916778074866,0.985111996187,0.862299465241,0.422459893048
Chris Marrero,0.435714285714,0.933673469388,0.395238095238,3.21666666667
Chris Flexen,0.9,0.930638297872,0.572839506173,0.844444444444
Yacksel Rios,0.0,1.0,0.0,1.0
Vance Worley,0.445820433437,0.89347930165,0.679012345679,0.0994152046784
Max Fried,0.514285714286,0.771428571429,0.419047619048,0.714285714286
Tyler Mahle,0.3,0.6,0.25,0.8
Yasiel Puig,0.664897176717,0.990785680768,2.34951975791,3.49032764029
Dillon Peters,1.22857142857,0.984383318545,0.222222222222,2.09523809524
Tzu-Wei Lin,0.808260869565,0.984691359197,0.589879227053,-1.00333333333
Robinson Chirinos,0.900258884858,0.988025555309,2.1486984912,0.713738508682
Luis Avilan,0.0,1.0,0.0,1.0
Mitch Garver,0.522727272727,0.855531709345,1.2443718852,3.90217391304
Tony Kemp,0.196078431373,0.871459694989,0.306805074971,1.43137254902
Derek Fisher,0.986211901306,0.991050635022,1.25327929458,1.58490566038
Dallas Keuchel,0.0,1.0,0.0,2.0
Dixon Machado,0.427156608663,0.955561505423,1.59984125616,-3.00777489819
Miguel Sano,1.58828653508,0.997163999156,2.11479324854,-1.152793995
Ricky Nolasco,0.0,1.0,0.0,2.0
Corey Seager,0.934301684774,0.993061235596,2.91170784943,-0.455928200283
Ben Gamel,0.884853925859,0.98844494545,3.05976402356,9.17213930348
Pedro Florimon,1.34285714286,0.942004264392,1.17142857143,-2.22857142857
Justin Bour,0.838392066078,0.996958240582,1.15405000302,3.21083927965
Dansby Swanson,0.802812620403,0.992935638119,2.26992658633,7.4059534512
Kyle Hendricks,1.29043478261,0.988219773316,0.837669082126,-0.923333333333
Rob Scahill,0.0,1.0,0.0,1.0
Brad Hand,0.0,1.0,0.0,0.0
Amed Rosario,0.983003952569,0.988927295557,1.12923437271,3.12946859903
Jake Smolinski,0.379411764706,0.889893048128,0.507536764706,-0.0955882352941
Matt Davidson,1.47643453371,0.995775343024,2.504796733,-1.4451687672
Pete Kozma,0.554858299595,0.925101337707,1.46563894944,-2.54230769231
Jason Hammel,0.5,0.75,0.222222222222,0.833333333333
Emilio Bonifacio,0.229456176825,0.917065147279,0.619053103818,1.62348178138
Jose Berrios,1.0,1.0,2.59052039079e-16,3.33066907388e-16
Brian Johnson,0.0,1.0,0.0,0.0
Jhoulys Chacin,0.325329912023,0.967371950735,0.427992118768,1.67613636364
Trea Turner,0.755128339996,0.983876001663,2.25617569804,6.93940669051
Travis Jankowski,1.1514041514,0.978730047037,1.08343508344,0.513227513228
Luis Perdomo,0.664835164835,0.980348462971,0.597974042418,0.949735449735
Jeff Hoffman,1.09117647059,0.984979247173,0.477205882353,1.56617647059
John Jaso,0.552164979378,0.985882563182,1.9230232094,0.37857767779
Matt Bowman,0.0,1.0,0.0,0.0
Jordy Mercer,0.614576444654,0.996986233365,1.15514428898,-0.483986773736
Christian Arroyo,0.926203208556,0.987103349203,0.852720981441,2.71764705882
Andrew Albers,0.0,1.0,0.0,0.0
Wily Peralta,0.583333333333,0.900262467192,0.375,-0.666666666667
Jason Vargas,0.0,1.0,0.0,1.0
Jorge Polanco,0.640057652271,0.990932832509,1.83023565794,-4.2373351839
Andres Blanco,0.472881548831,0.983429869997,1.10149841503,-1.60337552743
Whit Merrifield,0.631480022325,0.989207202201,2.4003542995,-2.18473193473
Conor Gillaspie,0.259337561663,0.965598279629,0.514030367096,-0.212121212121
Austin Jackson,0.792335729473,0.986854080051,1.82584479575,-1.82240896359
Austin Romine,0.78741209564,0.99350967517,1.15110583685,-1.97777777778
Paul Goldschmidt,0.969230769231,0.993707925989,2.83544384856,-5.57915632754
Jason Heyward,0.54208623922,0.994084034635,1.28059687777,2.15135608049
Dustin Pedroia,0.456118638643,0.961895229263,2.39431304319,-1.25934065934
Taylor Featherston,1.02450980392,0.959684506547,0.896193771626,-1.66666666667
Jose Iglesias,0.481115831843,0.985082711858,1.82865125755,2.50316040549
Steven Matz,0.3,0.81059602649,0.553125,1.125
Derek Dietrich,0.739253606653,0.980099725606,3.57529507291,-5.92902155887
Carlos Gonzalez,0.876236464735,0.997576634348,1.34117386922,0.70697167756
Miguel Andujar,0.0,1.0,0.0,0.0
Carlos Correa,0.865034581399,0.994362069679,1.73772649209,1.50830737279
Jose Pirela,0.830911722772,0.992672408164,1.45233004196,3.67734352042
Michael Lorenzen,0.472027972028,0.967956094538,0.266122766123,-0.512820512821
Carson Kelly,0.387624140565,0.929543595132,0.885804161237,-1.36638655462
Jordan Lyles,0.763636363636,0.969941348974,0.323636363636,-0.236363636364
Jarrod Dyson,0.559459459459,0.992198136518,1.2880934989,-2.54504504505
CC Sabathia,1.0,1.0,1.11022302463e-16,1.0
Paolo Espino,0.5,0.75,0.222222222222,0.166666666667
Javier Baez,1.02588819227,0.992566323454,3.27613793587,-3.46906130268
Alcides Escobar,0.635156436589,0.976989357935,3.9246801145,7.69685534591
Jesus Aguilar,0.742954715032,0.993401279491,1.91589558402,-3.0044429255
Jarrod Saltalamacchia,1.8,0.958408031553,0.84,-1.0
Michael Blazek,1.0,1.0,1.94289029309e-16,1.66533453694e-16
Maikel Franco,0.629296263643,0.99375596728,1.62272464525,-0.696078431373
Jose Lobaton,0.721809954751,0.988056985886,0.983283352557,1.11161387632
Ben Zobrist,0.5227784027,0.992169552763,1.34568169136,3.9311023622
Martin Prado,0.576576576577,0.96246552641,0.934015096177,0.027027027027
Tyler Pill,0.5,0.75,0.222222222222,-0.166666666667
Sandy Leon,0.861930818839,0.991422617646,1.62007150329,-3.02462380301
Joe Musgrove,0.0,1.0,0.0,1.0
Pablo Sandoval,0.647795242732,0.995837724329,0.717895217408,3.40603700097
David Peralta,0.602335396121,0.980464705783,2.99674103531,3.68054711246
Guillermo Heredia,0.524702515688,0.988832717534,1.62298397265,-2.05597760896
Eric Hosmer,0.685541557201,0.997215955538,1.38293659019,-0.642059748428
Stephen Strasburg,0.550769230769,0.968825592646,0.572553846154,-0.329230769231
Erasmo Ramirez,0.0,1.0,0.0,1.0
Jeff Mathis,0.986385106974,0.993346929965,1.12510141706,1.10163934426
Jacob May,1.03571428571,0.98241542583,0.545714285714,1.21666666667
Yu Darvish,1.33333333333,0.987654320988,0.296296296296,3.66666666667
Pedro Baez,0.0,1.0,0.0,1.0
Austin Bibens-Dirkx,1.0,1.0,2.22044604925e-16,2.0
John Ryan Murphy,0.3,0.75,0.2,-0.2
Mike Leake,0.593846153846,0.957763016927,0.778934911243,1.07692307692
Blake Snell,0.5,0.75,0.222222222222,-0.166666666667
Victor Martinez,0.555100559818,0.990253966511,1.42860058779,1.72524707996
Jose Quintana,1.14285714286,0.970235989691,0.708571428571,0.266666666667
Trayce Thompson,0.887667887668,0.977395690079,0.845083585824,1.05291005291
Justin Ruggiano,1.05087719298,0.968737512825,0.890120036934,-1.56315789474
Shelby Miller,1.0,1.0,0.0,0.0
Travis Shaw,0.993749794806,0.997186424642,1.69986554206,-2.6891025641
Robinson Cano,0.525470705605,0.991316937847,1.54087824142,-0.589530201342
Dexter Fowler,0.785299657863,0.994630138917,1.5802824715,6.51768346596
Darwin Barney,0.483015931148,0.991863099361,1.34039399406,1.73473837209
Daniel Nava,0.53658714703,0.974929310209,1.5588428876,-1.73702531646
Adrian Sanchez,0.760733384263,0.971188305518,1.01220509594,-1.93445378151
Brock Stassi,0.418343337335,0.970301359596,0.823519807923,1.47058823529
Kike Hernandez,0.662009026319,0.993827597308,1.65892330329,-6.00236382323
Ryder Jones,1.04712712371,0.988918937628,1.34857390539,-2.24020319303
Drew Robinson,0.946808510638,0.981787942314,1.50975177305,-2.375
Max Kepler,0.767724646246,0.997633252515,1.25633696059,1.30973193473
Eddie Rosario,0.7390994187,0.998594156322,0.955922535054,-0.0710092256081
Dillon Overton,0.0,1.0,0.0,1.0
Rob Refsnyder,0.312387945018,0.952278734984,0.841973743835,1.41872278665
Chris Sale,0.0,1.0,0.0,1.0
Harrison Bader,0.547653958944,0.87088346425,1.59003848974,5.38636363636
Scott Schebler,0.876878291023,0.991859484956,2.78315919358,-1.84956547797
Elvis Andrus,0.704181370512,0.991677031615,2.3057708415,-0.091751995485
Johnny Giavotella,0.607142857143,0.903125,0.326530612245,0.892857142857
Teoscar Hernandez,1.28205128205,0.962735513632,1.58151313707,-2.25925925926
Tyler Anderson,1.12794117647,0.987733275128,0.495772058824,-0.0220588235294
Rene Rivera,1.00980377638,0.990897181081,1.62147072656,-0.438918918919
Jedd Gyorko,0.859398176213,0.996322090013,1.59882287141,2.14581694204
Alex Gordon,0.86644780089,0.995663637076,1.97321357575,-1.63164184593
Domingo Santana,1.22123294369,0.99723599774,2.26741042713,-7.00185430464
Taylor Davis,0.571428571429,0.761904761905,0.607142857143,0.5
Josh Rutledge,0.717638691323,0.941598123119,1.60089961939,0.24466571835
Brandon McCarthy,1.06428571429,0.984960070985,0.477142857143,0.55
Adam Duvall,1.1148667506,0.997924588831,1.9561955009,-2.90228170604
Rafael Devers,0.967701251961,0.993776822211,1.05964714281,1.74810052601
Lisalverto Bonilla,0.7,0.942307692308,0.2,-4.4408920985e-16
Jameson Taillon,0.648221343874,0.985923753666,0.387008076989,0.695652173913
Jonathan Schoop,0.938966365874,0.997676122892,1.69606542248,-5.29782608696
Miguel Socolovich,0.0,1.0,0.0,0.0
Cody Reed,1.0,1.0,1.11022302463e-16,1.0
Adam Lind,0.471737973252,0.989647301021,1.2423123554,-4.51467163484
DJ LeMahieu,0.568848592068,0.991674719152,2.00420698035,0.826330532213
Nelson Cruz,0.864274624806,0.987802420624,3.66552023102,-0.383242563888
Justin Nicolino,0.266666666667,0.872727272727,0.227160493827,-0.177777777778
Trevor Story,1.36390721954,0.997960097762,2.20131257495,1.86888111888
Ty Kelly,0.404530507855,0.943405628488,1.6546287324,0.593788819876
Junior Guerra,0.325174825175,0.893830307623,0.316045066045,0.628205128205
Joey Wendle,0.285714285714,0.615384615385,0.367346938776,0.571428571429
Tyler White,0.683116883117,0.961236826867,0.697010925582,2.26406926407
Alex Bregman,0.590372747217,0.987109489716,2.42134675732,4.92027863777
Josh Phegley,0.489097744361,0.985291808635,0.815816326531,0.317669172932
Steve Selsky,0.559523809524,0.947661947662,0.264880952381,1.41666666667
Doug Fister,0.0,1.0,0.0,0.0
Steven Souza Jr.,1.23482232582,0.99824889617,1.80839945455,-0.0535944107373
Ben Revere,0.205467519229,0.912377384303,1.66348137549,4.37264386989
Ian Kennedy,0.0,1.0,0.0,0.0
Jonathan Lucroy,0.455101830236,0.984287876749,1.67560932616,-3.26527668502
Chris Owings,0.84447980223,0.994456238944,1.42820540906,1.88764990532
Jorge Bonifacio,1.12644360543,0.996317114448,1.78899153239,-2.97297724399
Rob Segedin,0.587412587413,0.826971910771,0.833333333333,1.9358974359
Pedro Severino,0.625,0.961453158268,0.493079584775,-0.117647058824
Nick Delmonico,0.691516084596,0.983472713589,0.92162015118,2.39534883721
Johnny Barbato,0.0,1.0,0.0,0.0
Matt Adams,0.744861970379,0.990698784822,2.12923971979,0.742987204724
Billy Burns,0.107142857143,0.375,0.224489795918,0.535714285714
Jaff Decker,1.21078431373,0.970615374825,0.833333333333,-1.21568627451
Chris Young,0.59210602132,0.995330122211,0.878800217677,0.251282051282
Jesse Winker,0.566951896392,0.986000135517,0.709656149743,-0.912234042553
Tanner Roark,0.815763546798,0.980189866179,0.764667912349,-2.11034482759
Mark Zagunis,0.642857142857,0.9,0.34693877551,2.21428571429
Tuffy Gosewisch,1.59090909091,0.961236660389,0.884297520661,-0.772727272727
Ian Desmond,0.901107099161,0.987955641445,2.02538534129,8.10821322352
Kevin Gausman,1.0,1.0,1.94289029309e-16,1.66533453694e-16
Nick Franklin,0.337062937063,0.976133829543,0.802323830016,2.1986013986
Ian Happ,1.09207764539,0.996062268945,1.93114714954,4.73418290855
John Gant,0.0,1.0,0.0,0.0
Francisco Mejia,0.3,0.9075,0.264462809917,-0.409090909091
Anthony Rizzo,0.565388566642,0.990055431306,2.13690660052,-0.0419728891066
Gorkys Hernandez,0.535518906794,0.991527079801,1.54886442644,2.4476744186
Raffy Lopez,0.831739130435,0.964751830542,0.921485507246,2.31
Boog Powell,0.590135746606,0.976865439175,1.16947919439,-2.57692307692
Ehire Adrianza,0.359335038363,0.98244273778,0.792505281886,0.260869565217
Gerardo Parra,0.571661454521,0.989072401966,1.60756755229,1.33209129017
Scott Feldman,0.99298245614,0.983109310747,0.616066481994,-1.2
Andrew Cashner,1.0,1.0,1.11022302463e-16,1.0
Ariel Hernandez,1.0,1.0,1.94289029309e-16,1.66533453694e-16
Sal Romano,1.16785714286,0.980208638897,0.627142857143,-0.775
Anthony Alford,0.6,0.9,0.2,1.1
Cameron Maybin,0.84718710493,0.992210850246,1.92823020037,-0.690265486726
Chad Huffman,0.545454545455,0.942408376963,0.347107438017,-0.181818181818
Deven Marrero,0.885211267606,0.993006345706,1.28928783971,0.102112676056
Braden Shipley,0.5,0.75,0.222222222222,0.833333333333
Chris Gimenez,0.876527212144,0.990383087996,1.50224929377,1.4724176231
Andrelton Simmons,0.419426827654,0.987619550613,1.74231050867,1.3534750418
A.J. Jimenez,1.21428571429,0.950657894737,0.469387755102,-0.928571428571
Eric Thames,1.26352511808,0.994662480648,3.01179667349,-6.3503649635
Kyle Lloyd,0.0,1.0,0.0,0.0
Matt Boyd,0.0,1.0,0.0,0.0
Ryan Lavarnway,0.542857142857,0.754703832753,0.444444444444,0.809523809524
David Freese,0.920990318043,0.988150723393,2.97475329761,-6.72695243688
Bradley Zimmer,1.00498369451,0.993400042396,1.90464107314,-0.713444140543
Jack Reinheimer,2.0,1.0,2.22044604925e-16,1.0
Brent Suter,0.590909090909,0.922489082969,0.454545454545,1.22727272727
Steven Brault,0.0,1.0,0.0,0.0
Brian Goodwin,1.08105022831,0.985011178559,2.30648570945,-7.0300608828
Erik Gonzalez,0.607597895967,0.962889494841,1.69237932025,3.98983050847
Steve Lombardozzi,1.0,1.0,1.11022302463e-16,1.0
Jake Marisnick,0.880096732751,0.99369976488,1.84998771353,-4.14847469582
Rhys Hoskins,0.965534085975,0.986781970086,1.22738984778,-1.71088435374
Alec Asher,0.0,1.0,0.0,0.0
Paul Janish,0.406593406593,0.887923206642,0.469387755102,1.14285714286
Danny Duffy,0.0,1.0,0.0,1.0
Ryan Braun,0.6990131228,0.995631885439,1.12393905572,4.66428571429
Zach Lee,0.0,1.0,0.0,0.0
Josh Donaldson,0.959287045046,0.995796953585,1.65667600162,3.20027945971
Pat Valaika,0.503648765803,0.990282163171,1.31190711084,-0.0655793408087
Eric Sogard,0.471430119568,0.96569548241,2.09178949213,-1.42150055991
Paul Blackburn,0.0,1.0,0.0,2.0
Kevin Plawecki,0.449420849421,0.960582049483,0.805557938891,-0.42042042042
Adrian Gonzalez,0.670623742455,0.990661847916,1.09114404738,-1.14788732394
T.J. Rivera,0.46279503505,0.98740584752,0.884461130048,0.487442922374
Andrew Susac,0.571428571429,0.703296703297,0.678571428571,2.75
Brett Nicholas,0.644155844156,0.966512139546,0.564502164502,0.701298701299
Sean Manaea,1.0,1.0,1.11022302463e-16,1.0
Caleb Joseph,0.797633639768,0.99275182421,1.33572207366,-0.230711610487
Joe Biagini,0.0,1.0,0.0,0.0
Tom Koehler,1.26363636364,0.960288270378,0.666115702479,1.59090909091
Asher Wojciechowski,1.23333333333,0.970921985816,0.474074074074,0.733333333333
Aaron Nola,1.12153846154,0.965291072564,1.28443076923,-2.45846153846
Kevin Pillar,0.633800410116,0.995638418244,1.52685231247,0.327900857313
Matt Garza,0.567532467532,0.965204865557,0.528674500103,1.27705627706
Adam Engel,1.25986842105,0.994828397566,2.10347645429,-3.46644736842
Corey Dickerson,1.04506866972,0.994437112567,2.83168369952,-4.18428256071
Neil Ramirez,0.0,1.0,0.0,1.0
Dan Vogelbach,0.554411764706,0.9637497881,0.395404411765,1.02941176471
Danny Santana,0.481391147245,0.988868883302,0.98993089245,2.54682324601
Marcus Stroman,2.0,0.923076923077,0.444444444444,-0.333333333333
Jaycob Brugman,0.791281221092,0.970693952187,1.61745428779,3.48138297872
Zack Granite,0.234896810507,0.834536909064,1.05838649156,1.21951219512
Clayton Richard,1.07580645161,0.98923576368,0.849739854318,-0.00806451612903
Sean Gilmartin,0.0,1.0,0.0,0.0
Orlando Arcia,0.657183961071,0.996278447123,1.44743055998,2.8431372549
Russell Martin,0.850262780698,0.986994971305,2.02378834734,6.76015289059
Brett Cecil,0.0,1.0,0.0,0.0
Wade LeBlanc,0.5,0.75,0.222222222222,2.16666666667
Stuart Turner,0.512328117591,0.982308265749,0.558174105827,2.21052631579
Matt Holliday,1.11684531916,0.993454250025,2.12184651553,0.293315907394
Welington Castillo,1.02532555616,0.995267095046,1.59418864359,1.00536941581
Tyler Chatwood,0.348376068376,0.962849525929,0.406916502301,0.222222222222
Starling Marte,0.756296335244,0.983515836688,1.60790405766,6.31268731269
Jake Lamb,0.998251405768,0.99681162191,1.96894982817,8.97503355705
Abraham Almonte,0.768896160907,0.972790546765,2.12633615385,1.88015803336
Eduardo Escobar,0.76274429583,0.978576155406,3.5494369686,-4.13458064516
Mallex Smith,0.808661509611,0.989592581738,1.60272650023,-0.12962962963
Sam Travis,0.620989304813,0.94259885714,1.15941500567,0.488413547237
Mike Marjama,0.2,0.5,0.24,-0.2
Paul DeJong,1.21100917431,0.997033456261,1.601408238,0.0998980632008
Kole Calhoun,0.857845380426,0.996886605055,1.71914087993,2.86203473945
Jake Buchanan,0.0,1.0,0.0,1.0
Keon Broxton,1.27444985341,0.992266554406,4.01605191838,5.95410223579
Michael Conforto,1.10532357789,0.996722496559,1.61396412417,-6.42184845396
Jeremy Hazelbaker,0.530139372822,0.991898541907,0.448075125351,-1.48083623693
Matt Cain,0.945864661654,0.991251036622,0.404360902256,1.31428571429
Yulieski Gurriel,0.438118308907,0.988924945307,1.52063881162,2.53237410072
Geovany Soto,0.82967032967,0.940324975256,0.662721893491,0.56043956044
Yadiel Rivera,0.0,1.0,0.0,1.0
Tyler Flowers,0.877748662727,0.992224713813,1.79281646289,-4.34632034632
Jon Gray,1.56666666667,0.983194012921,0.867959372114,-1.15263157895
Kendall Graveman,0.0,1.0,0.0,1.0
Adam Frazier,0.451043219076,0.984462800538,1.59680562445,1.49939032651
Cody Asche,0.973684210526,0.982347876005,0.617728531856,3.55263157895
Alex Mejia,0.566009852217,0.901444139457,1.31510107015,-0.0620689655172
A.J. Schugel,0.0,1.0,0.0,0.0
Devon Travis,0.705714285714,0.9938796815,0.6364181591,2.73632653061
Raul Mondesi,0.974615384615,0.949466147127,1.33815384615,1.54461538462
Nick Castellanos,0.924530750717,0.986404076441,3.96038240409,10.0526183494
Evan Longoria,0.648677129322,0.994728927396,1.48411908591,10.4389578164
Scott Alexander,0.0,1.0,0.0,1.0
Hunter Renfroe,1.14758394163,0.997757596331,1.55481609009,-2.27309076369
Khris Davis,1.36583423889,0.997739038849,2.19909848651,-0.778379772962
Andrew Romine,0.534148489365,0.983256901253,1.95522678846,4.53786749763
Andre Ethier,0.515584415584,0.972055014185,0.43413729128,0.701298701299
Jacob Barnes,0.0,1.0,0.0,0.0
Kennys Vargas,1.09140825036,0.993864156549,1.5835817291,-1.12877192982
Erik Kratz,0.0,1.0,0.0,0.0
Denard Span,0.561063282648,0.995744127444,1.13387682416,-0.574716756112
Zach Vincej,0.7,0.951798561151,0.323456790123,-0.688888888889
Tim Anderson,1.11159266257,0.998284188222,1.62882435022,1.21360415683
Austin Slater,0.78563789152,0.980577854951,0.824050689795,0.0957983193277
Adonis Garcia,0.498280542986,0.965792582304,1.13508295626,1.01357466063
Joe Panik,0.422508260683,0.978103870382,2.03944892534,2.81688352904
Angel Sanchez,0.0,1.0,0.0,0.0
Pedro Strop,0.0,1.0,0.0,0.0
Jay Bruce,1.03189253275,0.997581791187,1.7751605169,-4.99559386973
Ervin Santana,1.0,1.0,1.48029736617e-16,1.0
Ji-Man Choi,0.914285714286,0.954037267081,0.250793650794,0.380952380952
Steve Pearce,0.683691670648,0.991782457827,1.2550570627,4.92618251314
Luis Torrens,0.518010936432,0.971826666569,1.20970852456,-0.834586466165
Jean Segura,0.679099921322,0.990198907092,1.84745920154,3.5095483871
Tony Sanchez,0.0,1.0,0.0,1.0
Chad Pinder,1.09497752589,0.991326927607,2.15609789744,-4.16552667579
Luke Maile,0.819179771816,0.991010398111,0.800469238091,-2.27937095282
Miguel Rojas,0.364078992169,0.975339913835,1.22640851132,0.238951310861
Rafael Bautista,0.267156862745,0.862441927991,0.430795847751,-0.0196078431373
Randall Delgado,0.571428571429,0.941176470588,0.244897959184,-0.285714285714
Jed Lowrie,0.688046989131,0.985781537507,2.72824086009,0.146337322808
Xander Bogaerts,0.832249932442,0.993333094371,2.46565263832,-5.56901868311
Elias Diaz,0.602083333333,0.990040986783,0.9041015625,-1.60625
Kyle Seager,0.712647259861,0.997867488418,1.20197383349,-0.33112638995
Marco Estrada,1.0,1.0,2.22044604925e-16,2.0
Chris Bostick,0.263157894737,0.695659087295,0.775789473684,0.8
Aaron Hicks,0.815138149741,0.99133414263,1.56135868544,-5.2118599791
Odrisamer Despaigne,0.633333333333,0.966964285714,0.264197530864,-0.422222222222
Luke Weaver,0.65034965035,0.832328222236,0.826534576535,-0.24358974359
J.D. Davis,0.72628458498,0.979562861743,0.571575872143,3.96739130435
Joey Votto,0.504563474422,0.995819001994,1.21727757474,0.666590926305
Kyle Farmer,0.14962406015,0.802565713475,0.35,0.728571428571
Eric Fryer,0.540870893812,0.968046942351,0.774052936683,-0.100840336134
Nolan Arenado,0.723255519906,0.994136765829,2.04112170723,0.646415155969
Casey Lawrence,1.0,1.0,1.94289029309e-16,1.66533453694e-16
Cristhian Adames,0.475524475524,0.923876123876,0.39627039627,0.884615384615
Eduardo Rodriguez,0.0,1.0,0.0,2.0
Willy Garcia,0.691261451727,0.983036493372,0.894708181178,3.0696969697
Cameron Rupp,1.27462273092,0.998332369836,1.12492119715,1.59352142111
Asdrubal Cabrera,0.644148539287,0.99067558555,1.97658912122,-0.828092959672
Andrew McCutchen,0.717151617645,0.994214430898,2.05196867848,1.99126245305
Mike Freeman,0.590476190476,0.988862659645,0.485442176871,-0.52380952381
Dylan Floro,0.5,0.75,0.222222222222,1.16666666667
Drew Storen,0.0,1.0,0.0,0.0
Jose Abreu,0.771331641161,0.995848459871,1.82737875742,0.538583996649
Patrick Kivlehan,0.477448118046,0.969005524595,2.24960727874,-0.205847076462
JC Ramirez,0.0,1.0,0.0,1.0
Byron Buxton,1.01201511241,0.996910253273,1.71614969703,8.94726368159
Alexi Amarista,0.39031896832,0.988209082346,0.91679615956,2.360806271
Max Moroff,0.71011619959,0.981568295577,1.33694219315,1.50751879699
Matt Harvey,0.616099071207,0.955353624703,0.582387340901,1.26315789474
Matt Wieters,0.791570974916,0.99708059434,1.27988143586,-1.36545381847
Yadier Molina,0.582975525977,0.996589599988,0.994018829086,0.127093173036
Yonder Alonso,0.89773534826,0.99631095609,1.70244755086,-1.43721905904
Sean Newcomb,0.9,0.953925619835,0.884210526316,2.9
Charlie Culberson,0.232142857143,0.764659749035,0.470793650794,1.50833333333
Chris Stratton,0.5,0.823170731707,0.506172839506,-0.444444444444
Ender Inciarte,0.613133229832,0.997129675579,1.16948224238,4.19271051529
Jose Urena,0.966502463054,0.967386573248,1.14829284865,-1.22068965517
Luis Castillo,0.635164835165,0.879492444585,0.817582417582,3.08571428571
Gordon Beckham,0.245454545455,0.81,0.302479338843,0.0454545454545
Howie Kendrick,0.762539184953,0.993225864459,1.30475206612,2.59090909091
Ichiro Suzuki,0.245997328372,0.936897515718,1.98699882415,5.18194504079
Wilmer Difo,0.669035361062,0.959638135914,4.04350336636,-5.39832001084
Chris Stewart,0.431583710407,0.969192458973,0.962714932127,0.857466063348
Gerrit Cole,0.629582111437,0.990690092037,0.426159274194,1.46022727273
Tom Murphy,0.70979020979,0.970285606649,0.350815850816,1.84615384615
Yandy Diaz,0.710337650324,0.974676105367,1.23226130258,3.64095744681
Allen Cordoba,0.561668166817,0.994268582806,0.976278547855,-1.08257425743
Andrew Benintendi,0.757464776212,0.996680841783,1.59785415846,-3.83779249448
Hoby Milner,1.0,1.0,1.11022302463e-16,1.0
Dusty Coleman,1.278998779,0.991483471303,0.693001100409,-0.219576719577
Matt Szczur,0.351582614793,0.981666375606,1.42942730757,0.940891610882
Lucas Duda,1.02540382452,0.996332574811,1.81135864366,0.277340332458
Trevor Williams,0.61,0.978893475797,0.524,1.24
Jean Machi,0.0,1.0,0.0,1.0
Salvador Perez,0.782571873283,0.995197265175,1.54128073284,-0.474563953488
Chris Smith,0.0,1.0,0.0,0.0
A.J. Ellis,0.489502262443,0.989982438529,0.543392186437,4.8604826546
Carlos Martinez,0.538306451613,0.963656566312,0.665062434964,0.441532258065
Terrance Gore,0.132867132867,0.540959040959,0.333333333333,-0.397435897436
Ronald Torreyes,0.432420585938,0.982198577892,1.50473192927,-2.03226944102
Carlos Santana,0.681966261564,0.992540730814,2.10506826452,-0.881610738255
Chris Davis,1.52506409083,0.998594410861,1.66397335581,1.43968023256
Yasmani Grandal,1.0407647585,0.994789173814,2.27382195504,-4.12832438879
Charlie Blackmon,0.875849915443,0.995726467043,2.05804308478,2.7690674506
Tyler Moore,0.576099371788,0.990519642243,1.34403918981,0.550970873786
Mark Trumbo,1.02176549411,0.991313960034,3.63550537873,-4.17388873358
J.A. Happ,0.0,1.0,0.0,1.0
Josh Bell,0.719587413422,0.991549100543,2.6485803618,0.794103773585
Daniel Murphy,0.518899652315,0.970966373566,3.01141485769,-2.23495440729
Edubray Ramos,0.0,1.0,0.0,1.0
Ketel Marte,0.547081327903,0.983954322944,1.14429798536,1.07219548315
Gabriel Ynoa,0.0,1.0,0.0,0.0
Chad Bettis,0.583333333333,0.900262467192,0.375,1.58333333333
Yunel Escobar,0.582379979571,0.992538623199,1.01248809264,-0.916853932584
Victor Caratini,0.480241935484,0.914441077875,1.03733090531,-0.332661290323
Adeiny Hechavarria,0.720729013255,0.990794928177,1.5982835583,-3.50220913108
Brandon Drury,0.798131889572,0.99395134455,2.00450037395,1.89553376906
Miguel Gonzalez,0.3,0.6,0.25,1.3
Miguel Gomez,0.313946922643,0.93390047611,0.438786509933,0.249011857708
Adam Morgan,0.0,1.0,0.0,1.0
George Kontos,1.0,1.0,1.94289029309e-16,1.66533453694e-16
Marco Hernandez,0.775324675325,0.982239839788,0.457472686044,0.0562770562771
Ozzie Albies,0.75178197065,0.988861740532,1.03060279007,-1.4962962963
Adam Rosales,0.959980795903,0.996310318976,1.32995992991,2.56098901099
Kaleb Cowart,0.505210084034,0.954885940407,1.39568403361,2.96235294118
Mike Aviles,0.402086296823,0.982008223642,0.462163443671,0.113798008535
Cam Gallagher,0.398601398601,0.85201048951,0.477661227661,-0.858974358974
Tyler Glasnow,0.372058823529,0.864577564665,0.547794117647,0.397058823529
Ryan Hanigan,0.816510695187,0.980228664492,0.934194890077,1.9055258467
Dwight Smith,0.70979020979,0.835289348333,0.837412587413,0.346153846154
Danny Espinosa,1.13417982155,0.996136835801,1.63535324463,4.37611530542
Dinelson Lamet,1.22105263158,0.969452449568,0.995013850416,1.58947368421
A.J. Griffin,2.0,1.0,2.22044604925e-16,3.0
Vince Velasquez,0.241758241758,0.684389140271,0.554160125589,2.22044604925e-16
Jefry Marte,0.736363636364,0.984860812586,0.93265993266,2.86666666667
Chase Utley,0.474303712036,0.995345573276,0.928580911513,-0.731283589551
Wil Myers,1.20995133898,0.991730735099,4.28120549586,1.38858560794
George Springer,0.821153882054,0.96980829439,5.07920676187,8.73817835608
Johan Camargo,0.684868729489,0.994190697914,0.999621425223,-1.13981481481
Adrian Beltre,0.56269912943,0.986819696224,1.46096774962,-1.91019036954
Chad Kuhl,0.589655172414,0.967604235606,0.795243757432,-1.39310344828
Tim Locastro,0.0,1.0,0.0,0.0
Zach Eflin,1.13939393939,0.970136144049,0.492121212121,2.47272727273
Brock Holt,0.496687788018,0.956375607566,1.54905609197,5.92013888889
Victor Robles,0.582417582418,0.918273945734,0.529163144548,-1.03296703297
Kris Bryant,0.80672563225,0.995260798638,1.96950391672,7.18560706402
Marco Gonzales,1.0,1.0,1.94289029309e-16,1.66533453694e-16
Kevin Shackelford,0.5,0.75,0.222222222222,-0.166666666667
Gavin Cecchini,0.577419354839,0.98671183309,0.488865764828,2.33870967742
Miguel Diaz,0.0,1.0,0.0,0.0
Andrew Toles,0.564919354839,0.979911035226,0.574895941727,-1.02217741935
Daniel Mengden,0.0,1.0,0.0,0.0
Tomas Telis,0.245603560573,0.963359940703,0.531695523954,-0.709183673469
Brandon Nimmo,0.946122534182,0.953867286664,3.28817577719,-7.74898236092
Noah Syndergaard,0.771428571429,0.961318681319,0.222222222222,1.2380952381
Hector Sanchez,0.579829692706,0.989407931816,1.06683690725,0.174054054054
Tom Wilhelmsen,0.0,1.0,0.0,1.0
Jesus Sucre,0.575936138601,0.994404542709,0.609580022111,0.127496159754
Michael Brantley,0.528140960163,0.987972697105,1.18027911995,6.04269662921
Carlos Rodon,0.5,0.75,0.222222222222,1.16666666667
Joc Pederson,0.649965224963,0.979672739167,2.30280591804,7.5983247668
Phillip Ervin,0.59934318555,0.951328539499,0.916490734225,-2.16256157635
Jon Lester,0.857963875205,0.988788553495,0.607025568848,1.5960591133
Hyun Soo Kim,0.505501571361,0.992611767692,0.894944666094,-0.239865621501
Mark Canha,1.07228298018,0.99062961527,1.36236695635,-0.827067669173
Luiz Gohara,1.4,0.98,0.24,1.2
Matt Kemp,0.868653935724,0.995756173672,1.50252049577,3.96599906847
Yasmany Tomas,0.966813135985,0.994939630985,0.747667644222,3.59308510638
Rickie Weeks Jr.,1.38311996207,0.988751626976,1.23499032461,1.50924608819
Tyler Saladino,0.794011684518,0.959401248107,3.11386488852,7.62848101266
Brad Miller,0.983116561098,0.996479052029,1.49721393545,4.7656019656
Aaron Hill,0.391749427044,0.905001803369,1.05190311419,2.35966386555
Jayson Aquino,0.0,1.0,0.0,2.0
Craig Gentry,0.29002576371,0.929923321245,1.42162690351,4.04395604396
Zach Davies,0.477089442815,0.979822531405,0.491866752199,-0.801136363636
Joe Mauer,0.632684301902,0.989533552797,2.20160304055,-2.9568390987
Michael Pineda,0.0,1.0,0.0,2.0
Anthony Santander,0.626373626374,0.930146006298,0.561284868977,1.54945054945
Curt Casali,0.35,0.826875,0.345679012346,-0.511111111111
Jered Weaver,1.11428571429,0.951616266945,0.368253968254,1.04761904762
Todd Frazier,0.906152574398,0.998605724309,1.12138012477,-1.09126121871
Lance McCullers,0.0,1.0,0.0,0.0
Chris Heisey,0.624940730204,0.978766729265,0.82311329822,-1.6813655761
Carlos Ruiz,0.751169166264,0.98082782874,1.28487492888,-0.134171907757
Magneuris Sierra,0.60643704122,0.954241769442,0.638930239721,1.81422924901
Mac Williamson,0.810071154899,0.971672706351,0.881499726327,3.1354679803
Kyle Barraclough,0.0,1.0,0.0,1.0
Vidal Nuno,0.0,1.0,0.0,0.0
Carl Edwards Jr.,0.0,1.0,0.0,1.0
Chase Headley,0.957577546843,0.989669824189,3.54197861863,2.75096835144
Martin Perez,4.0,1.0,4.4408920985e-16,2.0
Ryan Raburn,1.02230769231,0.962214534757,1.25150769231,-1.66769230769
Mike Foltynewicz,1.07753357753,0.980183680182,0.986267504786,-0.637566137566
Manny Pina,0.813613119379,0.992567242155,1.68645856852,-5.77570093458
